window,window_index,operation,count,rate_per_hour
1min,4,box_opening,60.0,3600.0
1min,5,box_opening,60.0,3600.0
1min,6,box_opening,64.0,3840.0
1min,7,box_opening,64.0,3840.0
1min,8,box_opening,60.0,3600.0
1min,9,box_opening,60.0,3600.0
1min,10,box_opening,64.0,3840.0
1min,11,box_opening,60.0,3600.0
1min,12,box_opening,60.0,3600.0
1min,13,box_opening,64.0,3840.0
1min,14,box_opening,60.0,3600.0
1min,15,box_opening,60.0,3600.0
1min,16,box_opening,64.0,3840.0
1min,17,box_opening,60.0,3600.0
1min,18,box_opening,64.0,3840.0
1min,19,box_opening,64.0,3840.0
1min,20,box_opening,60.0,3600.0
1min,21,box_opening,60.0,3600.0
1min,22,box_opening,64.0,3840.0
1min,23,box_opening,60.0,3600.0
1min,24,box_opening,60.0,3600.0
1min,25,box_opening,64.0,3840.0
1min,26,box_opening,60.0,3600.0
1min,27,box_opening,64.0,3840.0
1min,28,box_opening,60.0,3600.0
1min,29,box_opening,60.0,3600.0
1min,30,box_opening,64.0,3840.0
1min,31,box_opening,64.0,3840.0
1min,32,box_opening,60.0,3600.0
1min,33,box_opening,60.0,3600.0
1min,34,box_opening,64.0,3840.0
1min,35,box_opening,60.0,3600.0
1min,36,box_opening,60.0,3600.0
1min,37,box_opening,64.0,3840.0
1min,38,box_opening,60.0,3600.0
1min,39,box_opening,64.0,3840.0
1min,40,box_opening,60.0,3600.0
1min,41,box_opening,60.0,3600.0
1min,42,box_opening,64.0,3840.0
1min,43,box_opening,64.0,3840.0
1min,44,box_opening,60.0,3600.0
1min,45,box_opening,60.0,3600.0
1min,46,box_opening,64.0,3840.0
1min,47,box_opening,60.0,3600.0
1min,48,box_opening,60.0,3600.0
1min,49,box_opening,64.0,3840.0
1min,50,box_opening,60.0,3600.0
1min,51,box_opening,60.0,3600.0
1min,52,box_opening,64.0,3840.0
1min,53,box_opening,60.0,3600.0
1min,54,box_opening,64.0,3840.0
1min,55,box_opening,64.0,3840.0
1min,56,box_opening,60.0,3600.0
1min,57,box_opening,60.0,3600.0
1min,58,box_opening,64.0,3840.0
1min,59,box_opening,60.0,3600.0
1min,60,box_opening,60.0,3600.0
1min,61,box_opening,64.0,3840.0
1min,62,box_opening,60.0,3600.0
1min,63,box_opening,60.0,3600.0
1min,64,box_opening,64.0,3840.0
1min,65,box_opening,60.0,3600.0
1min,66,box_opening,64.0,3840.0
1min,67,box_opening,64.0,3840.0
1min,68,box_opening,60.0,3600.0
1min,69,box_opening,60.0,3600.0
1min,70,box_opening,64.0,3840.0
1min,71,box_opening,60.0,3600.0
1min,72,box_opening,60.0,3600.0
1min,73,box_opening,64.0,3840.0
1min,74,box_opening,60.0,3600.0
1min,75,box_opening,60.0,3600.0
1min,76,box_opening,64.0,3840.0
1min,77,box_opening,60.0,3600.0
1min,78,box_opening,64.0,3840.0
1min,79,box_opening,64.0,3840.0
1min,80,box_opening,60.0,3600.0
1min,81,box_opening,60.0,3600.0
1min,82,box_opening,64.0,3840.0
1min,83,box_opening,60.0,3600.0
1min,84,box_opening,60.0,3600.0
1min,85,box_opening,64.0,3840.0
1min,86,box_opening,60.0,3600.0
1min,87,box_opening,64.0,3840.0
1min,88,box_opening,60.0,3600.0
1min,89,box_opening,60.0,3600.0
1min,90,box_opening,64.0,3840.0
1min,91,box_opening,64.0,3840.0
1min,92,box_opening,60.0,3600.0
1min,93,box_opening,60.0,3600.0
1min,94,box_opening,64.0,3840.0
1min,95,box_opening,60.0,3600.0
1min,96,box_opening,60.0,3600.0
1min,97,box_opening,64.0,3840.0
1min,98,box_opening,60.0,3600.0
1min,99,box_opening,64.0,3840.0
1min,100,box_opening,60.0,3600.0
1min,101,box_opening,60.0,3600.0
1min,102,box_opening,64.0,3840.0
1min,103,box_opening,64.0,3840.0
1min,104,box_opening,60.0,3600.0
1min,105,box_opening,60.0,3600.0
1min,106,box_opening,64.0,3840.0
1min,107,box_opening,60.0,3600.0
1min,108,box_opening,60.0,3600.0
1min,109,box_opening,64.0,3840.0
1min,110,box_opening,60.0,3600.0
1min,111,box_opening,64.0,3840.0
1min,112,box_opening,60.0,3600.0
1min,113,box_opening,60.0,3600.0
1min,114,box_opening,64.0,3840.0
1min,115,box_opening,64.0,3840.0
1min,116,box_opening,60.0,3600.0
1min,117,box_opening,60.0,3600.0
1min,118,box_opening,64.0,3840.0
1min,119,box_opening,60.0,3600.0
1min,50,boxes_closed_by_timeout,22.0,1320.0
1min,51,boxes_closed_by_timeout,27.0,1620.0
1min,52,boxes_closed_by_timeout,6.0,360.0
1min,53,boxes_closed_by_timeout,6.0,360.0
1min,54,boxes_closed_by_timeout,2.0,120.0
1min,55,boxes_closed_by_timeout,1.0,60.0
1min,56,boxes_closed_by_timeout,1.0,60.0
1min,57,boxes_closed_by_timeout,2.0,120.0
1min,61,boxes_closed_by_timeout,1.0,60.0
1min,80,boxes_closed_by_timeout,2.0,120.0
1min,81,boxes_closed_by_timeout,1.0,60.0
1min,83,boxes_closed_by_timeout,2.0,120.0
1min,84,boxes_closed_by_timeout,2.0,120.0
1min,85,boxes_closed_by_timeout,1.0,60.0
1min,86,boxes_closed_by_timeout,1.0,60.0
1min,87,boxes_closed_by_timeout,4.0,240.0
1min,88,boxes_closed_by_timeout,3.0,180.0
1min,89,boxes_closed_by_timeout,1.0,60.0
1min,90,boxes_closed_by_timeout,4.0,240.0
1min,91,boxes_closed_by_timeout,1.0,60.0
1min,92,boxes_closed_by_timeout,1.0,60.0
1min,93,boxes_closed_by_timeout,1.0,60.0
1min,94,boxes_closed_by_timeout,2.0,120.0
1min,95,boxes_closed_by_timeout,2.0,120.0
1min,96,boxes_closed_by_timeout,5.0,300.0
1min,97,boxes_closed_by_timeout,10.0,600.0
1min,98,boxes_closed_by_timeout,9.0,540.0
1min,99,boxes_closed_by_timeout,7.0,420.0
1min,100,boxes_closed_by_timeout,1.0,60.0
1min,101,boxes_closed_by_timeout,3.0,180.0
1min,102,boxes_closed_by_timeout,1.0,60.0
1min,103,boxes_closed_by_timeout,2.0,120.0
1min,108,boxes_closed_by_timeout,1.0,60.0
1min,111,boxes_closed_by_timeout,1.0,60.0
1min,113,boxes_closed_by_timeout,1.0,60.0
1min,114,boxes_closed_by_timeout,1.0,60.0
1min,116,boxes_closed_by_timeout,1.0,60.0
1min,118,boxes_closed_by_timeout,1.0,60.0
1min,119,boxes_closed_by_timeout,1.0,60.0
1min,2,depalletizing_pallets,3.0,180.0
1min,3,depalletizing_pallets,3.0,180.0
1min,4,depalletizing_pallets,3.0,180.0
1min,5,depalletizing_pallets,3.0,180.0
1min,6,depalletizing_pallets,3.0,180.0
1min,7,depalletizing_pallets,3.0,180.0
1min,8,depalletizing_pallets,3.0,180.0
1min,9,depalletizing_pallets,3.0,180.0
1min,10,depalletizing_pallets,3.0,180.0
1min,11,depalletizing_pallets,3.0,180.0
1min,12,depalletizing_pallets,3.0,180.0
1min,13,depalletizing_pallets,3.0,180.0
1min,14,depalletizing_pallets,4.0,240.0
1min,15,depalletizing_pallets,3.0,180.0
1min,16,depalletizing_pallets,3.0,180.0
1min,17,depalletizing_pallets,3.0,180.0
1min,18,depalletizing_pallets,3.0,180.0
1min,19,depalletizing_pallets,3.0,180.0
1min,20,depalletizing_pallets,3.0,180.0
1min,21,depalletizing_pallets,3.0,180.0
1min,22,depalletizing_pallets,3.0,180.0
1min,23,depalletizing_pallets,3.0,180.0
1min,24,depalletizing_pallets,3.0,180.0
1min,25,depalletizing_pallets,4.0,240.0
1min,26,depalletizing_pallets,3.0,180.0
1min,27,depalletizing_pallets,3.0,180.0
1min,28,depalletizing_pallets,3.0,180.0
1min,29,depalletizing_pallets,3.0,180.0
1min,30,depalletizing_pallets,3.0,180.0
1min,31,depalletizing_pallets,3.0,180.0
1min,32,depalletizing_pallets,3.0,180.0
1min,33,depalletizing_pallets,3.0,180.0
1min,34,depalletizing_pallets,3.0,180.0
1min,35,depalletizing_pallets,3.0,180.0
1min,36,depalletizing_pallets,3.0,180.0
1min,37,depalletizing_pallets,4.0,240.0
1min,38,depalletizing_pallets,3.0,180.0
1min,39,depalletizing_pallets,3.0,180.0
1min,40,depalletizing_pallets,3.0,180.0
1min,41,depalletizing_pallets,3.0,180.0
1min,42,depalletizing_pallets,3.0,180.0
1min,43,depalletizing_pallets,3.0,180.0
1min,44,depalletizing_pallets,3.0,180.0
1min,45,depalletizing_pallets,3.0,180.0
1min,46,depalletizing_pallets,3.0,180.0
1min,47,depalletizing_pallets,3.0,180.0
1min,48,depalletizing_pallets,3.0,180.0
1min,49,depalletizing_pallets,3.0,180.0
1min,50,depalletizing_pallets,4.0,240.0
1min,51,depalletizing_pallets,3.0,180.0
1min,52,depalletizing_pallets,3.0,180.0
1min,53,depalletizing_pallets,3.0,180.0
1min,54,depalletizing_pallets,3.0,180.0
1min,55,depalletizing_pallets,3.0,180.0
1min,56,depalletizing_pallets,3.0,180.0
1min,57,depalletizing_pallets,3.0,180.0
1min,58,depalletizing_pallets,3.0,180.0
1min,59,depalletizing_pallets,3.0,180.0
1min,60,depalletizing_pallets,3.0,180.0
1min,61,depalletizing_pallets,3.0,180.0
1min,62,depalletizing_pallets,4.0,240.0
1min,63,depalletizing_pallets,3.0,180.0
1min,64,depalletizing_pallets,3.0,180.0
1min,65,depalletizing_pallets,3.0,180.0
1min,66,depalletizing_pallets,3.0,180.0
1min,67,depalletizing_pallets,3.0,180.0
1min,68,depalletizing_pallets,3.0,180.0
1min,69,depalletizing_pallets,3.0,180.0
1min,70,depalletizing_pallets,3.0,180.0
1min,71,depalletizing_pallets,3.0,180.0
1min,72,depalletizing_pallets,3.0,180.0
1min,73,depalletizing_pallets,3.0,180.0
1min,74,depalletizing_pallets,4.0,240.0
1min,75,depalletizing_pallets,3.0,180.0
1min,76,depalletizing_pallets,3.0,180.0
1min,77,depalletizing_pallets,3.0,180.0
1min,78,depalletizing_pallets,3.0,180.0
1min,79,depalletizing_pallets,3.0,180.0
1min,80,depalletizing_pallets,3.0,180.0
1min,81,depalletizing_pallets,3.0,180.0
1min,82,depalletizing_pallets,3.0,180.0
1min,83,depalletizing_pallets,3.0,180.0
1min,84,depalletizing_pallets,3.0,180.0
1min,85,depalletizing_pallets,4.0,240.0
1min,86,depalletizing_pallets,3.0,180.0
1min,87,depalletizing_pallets,3.0,180.0
1min,88,depalletizing_pallets,3.0,180.0
1min,89,depalletizing_pallets,3.0,180.0
1min,90,depalletizing_pallets,3.0,180.0
1min,91,depalletizing_pallets,3.0,180.0
1min,92,depalletizing_pallets,3.0,180.0
1min,93,depalletizing_pallets,3.0,180.0
1min,94,depalletizing_pallets,3.0,180.0
1min,95,depalletizing_pallets,3.0,180.0
1min,96,depalletizing_pallets,3.0,180.0
1min,97,depalletizing_pallets,4.0,240.0
1min,98,depalletizing_pallets,3.0,180.0
1min,99,depalletizing_pallets,3.0,180.0
1min,100,depalletizing_pallets,3.0,180.0
1min,101,depalletizing_pallets,3.0,180.0
1min,102,depalletizing_pallets,3.0,180.0
1min,103,depalletizing_pallets,3.0,180.0
1min,104,depalletizing_pallets,3.0,180.0
1min,105,depalletizing_pallets,3.0,180.0
1min,106,depalletizing_pallets,3.0,180.0
1min,107,depalletizing_pallets,3.0,180.0
1min,108,depalletizing_pallets,3.0,180.0
1min,109,depalletizing_pallets,4.0,240.0
1min,110,depalletizing_pallets,3.0,180.0
1min,111,depalletizing_pallets,3.0,180.0
1min,112,depalletizing_pallets,3.0,180.0
1min,113,depalletizing_pallets,3.0,180.0
1min,114,depalletizing_pallets,3.0,180.0
1min,115,depalletizing_pallets,3.0,180.0
1min,116,depalletizing_pallets,3.0,180.0
1min,117,depalletizing_pallets,3.0,180.0
1min,118,depalletizing_pallets,3.0,180.0
1min,119,depalletizing_pallets,3.0,180.0
1min,4,infeed_boxes,48.0,2880.0
1min,5,infeed_boxes,62.0,3720.0
1min,6,infeed_boxes,62.0,3720.0
1min,7,infeed_boxes,60.0,3600.0
1min,8,infeed_boxes,62.0,3720.0
1min,9,infeed_boxes,62.0,3720.0
1min,10,infeed_boxes,60.0,3600.0
1min,11,infeed_boxes,64.0,3840.0
1min,12,infeed_boxes,60.0,3600.0
1min,13,infeed_boxes,60.0,3600.0
1min,14,infeed_boxes,64.0,3840.0
1min,15,infeed_boxes,62.0,3720.0
1min,16,infeed_boxes,62.0,3720.0
1min,17,infeed_boxes,62.0,3720.0
1min,18,infeed_boxes,62.0,3720.0
1min,19,infeed_boxes,60.0,3600.0
1min,20,infeed_boxes,62.0,3720.0
1min,21,infeed_boxes,62.0,3720.0
1min,22,infeed_boxes,60.0,3600.0
1min,23,infeed_boxes,64.0,3840.0
1min,24,infeed_boxes,60.0,3600.0
1min,25,infeed_boxes,60.0,3600.0
1min,26,infeed_boxes,64.0,3840.0
1min,27,infeed_boxes,62.0,3720.0
1min,28,infeed_boxes,62.0,3720.0
1min,29,infeed_boxes,62.0,3720.0
1min,30,infeed_boxes,62.0,3720.0
1min,31,infeed_boxes,60.0,3600.0
1min,32,infeed_boxes,62.0,3720.0
1min,33,infeed_boxes,62.0,3720.0
1min,34,infeed_boxes,60.0,3600.0
1min,35,infeed_boxes,64.0,3840.0
1min,36,infeed_boxes,60.0,3600.0
1min,37,infeed_boxes,60.0,3600.0
1min,38,infeed_boxes,64.0,3840.0
1min,39,infeed_boxes,62.0,3720.0
1min,40,infeed_boxes,62.0,3720.0
1min,41,infeed_boxes,62.0,3720.0
1min,42,infeed_boxes,62.0,3720.0
1min,43,infeed_boxes,60.0,3600.0
1min,44,infeed_boxes,62.0,3720.0
1min,45,infeed_boxes,62.0,3720.0
1min,46,infeed_boxes,60.0,3600.0
1min,47,infeed_boxes,64.0,3840.0
1min,48,infeed_boxes,60.0,3600.0
1min,49,infeed_boxes,60.0,3600.0
1min,50,infeed_boxes,64.0,3840.0
1min,51,infeed_boxes,62.0,3720.0
1min,52,infeed_boxes,62.0,3720.0
1min,53,infeed_boxes,62.0,3720.0
1min,54,infeed_boxes,62.0,3720.0
1min,55,infeed_boxes,60.0,3600.0
1min,56,infeed_boxes,62.0,3720.0
1min,57,infeed_boxes,62.0,3720.0
1min,58,infeed_boxes,60.0,3600.0
1min,59,infeed_boxes,64.0,3840.0
1min,60,infeed_boxes,60.0,3600.0
1min,61,infeed_boxes,60.0,3600.0
1min,62,infeed_boxes,64.0,3840.0
1min,63,infeed_boxes,62.0,3720.0
1min,64,infeed_boxes,62.0,3720.0
1min,65,infeed_boxes,62.0,3720.0
1min,66,infeed_boxes,62.0,3720.0
1min,67,infeed_boxes,60.0,3600.0
1min,68,infeed_boxes,62.0,3720.0
1min,69,infeed_boxes,62.0,3720.0
1min,70,infeed_boxes,60.0,3600.0
1min,71,infeed_boxes,64.0,3840.0
1min,72,infeed_boxes,60.0,3600.0
1min,73,infeed_boxes,60.0,3600.0
1min,74,infeed_boxes,64.0,3840.0
1min,75,infeed_boxes,62.0,3720.0
1min,76,infeed_boxes,62.0,3720.0
1min,77,infeed_boxes,62.0,3720.0
1min,78,infeed_boxes,62.0,3720.0
1min,79,infeed_boxes,60.0,3600.0
1min,80,infeed_boxes,62.0,3720.0
1min,81,infeed_boxes,62.0,3720.0
1min,82,infeed_boxes,60.0,3600.0
1min,83,infeed_boxes,64.0,3840.0
1min,84,infeed_boxes,60.0,3600.0
1min,85,infeed_boxes,60.0,3600.0
1min,86,infeed_boxes,64.0,3840.0
1min,87,infeed_boxes,62.0,3720.0
1min,88,infeed_boxes,62.0,3720.0
1min,89,infeed_boxes,62.0,3720.0
1min,90,infeed_boxes,62.0,3720.0
1min,91,infeed_boxes,60.0,3600.0
1min,92,infeed_boxes,62.0,3720.0
1min,93,infeed_boxes,62.0,3720.0
1min,94,infeed_boxes,60.0,3600.0
1min,95,infeed_boxes,64.0,3840.0
1min,96,infeed_boxes,60.0,3600.0
1min,97,infeed_boxes,60.0,3600.0
1min,98,infeed_boxes,64.0,3840.0
1min,99,infeed_boxes,62.0,3720.0
1min,100,infeed_boxes,62.0,3720.0
1min,101,infeed_boxes,62.0,3720.0
1min,102,infeed_boxes,62.0,3720.0
1min,103,infeed_boxes,60.0,3600.0
1min,104,infeed_boxes,62.0,3720.0
1min,105,infeed_boxes,62.0,3720.0
1min,106,infeed_boxes,60.0,3600.0
1min,107,infeed_boxes,64.0,3840.0
1min,108,infeed_boxes,60.0,3600.0
1min,109,infeed_boxes,60.0,3600.0
1min,110,infeed_boxes,64.0,3840.0
1min,111,infeed_boxes,62.0,3720.0
1min,112,infeed_boxes,62.0,3720.0
1min,113,infeed_boxes,62.0,3720.0
1min,114,infeed_boxes,62.0,3720.0
1min,115,infeed_boxes,60.0,3600.0
1min,116,infeed_boxes,62.0,3720.0
1min,117,infeed_boxes,62.0,3720.0
1min,118,infeed_boxes,60.0,3600.0
1min,119,infeed_boxes,64.0,3840.0
1min,4,infeed_items,1296.0,77760.0
1min,5,infeed_items,1674.0,100440.0
1min,6,infeed_items,1674.0,100440.0
1min,7,infeed_items,1620.0,97200.0
1min,8,infeed_items,1674.0,100440.0
1min,9,infeed_items,1674.0,100440.0
1min,10,infeed_items,1620.0,97200.0
1min,11,infeed_items,1728.0,103680.0
1min,12,infeed_items,1620.0,97200.0
1min,13,infeed_items,1620.0,97200.0
1min,14,infeed_items,1728.0,103680.0
1min,15,infeed_items,1674.0,100440.0
1min,16,infeed_items,1674.0,100440.0
1min,17,infeed_items,1674.0,100440.0
1min,18,infeed_items,1674.0,100440.0
1min,19,infeed_items,1620.0,97200.0
1min,20,infeed_items,1674.0,100440.0
1min,21,infeed_items,1674.0,100440.0
1min,22,infeed_items,1620.0,97200.0
1min,23,infeed_items,1728.0,103680.0
1min,24,infeed_items,1620.0,97200.0
1min,25,infeed_items,1620.0,97200.0
1min,26,infeed_items,1728.0,103680.0
1min,27,infeed_items,1674.0,100440.0
1min,28,infeed_items,1674.0,100440.0
1min,29,infeed_items,1674.0,100440.0
1min,30,infeed_items,1674.0,100440.0
1min,31,infeed_items,1620.0,97200.0
1min,32,infeed_items,1674.0,100440.0
1min,33,infeed_items,1674.0,100440.0
1min,34,infeed_items,1620.0,97200.0
1min,35,infeed_items,1728.0,103680.0
1min,36,infeed_items,1620.0,97200.0
1min,37,infeed_items,1620.0,97200.0
1min,38,infeed_items,1728.0,103680.0
1min,39,infeed_items,1674.0,100440.0
1min,40,infeed_items,1674.0,100440.0
1min,41,infeed_items,1674.0,100440.0
1min,42,infeed_items,1674.0,100440.0
1min,43,infeed_items,1620.0,97200.0
1min,44,infeed_items,1674.0,100440.0
1min,45,infeed_items,1674.0,100440.0
1min,46,infeed_items,1620.0,97200.0
1min,47,infeed_items,1728.0,103680.0
1min,48,infeed_items,1620.0,97200.0
1min,49,infeed_items,1620.0,97200.0
1min,50,infeed_items,1728.0,103680.0
1min,51,infeed_items,1674.0,100440.0
1min,52,infeed_items,1674.0,100440.0
1min,53,infeed_items,1674.0,100440.0
1min,54,infeed_items,1674.0,100440.0
1min,55,infeed_items,1620.0,97200.0
1min,56,infeed_items,1674.0,100440.0
1min,57,infeed_items,1674.0,100440.0
1min,58,infeed_items,1620.0,97200.0
1min,59,infeed_items,1728.0,103680.0
1min,60,infeed_items,1620.0,97200.0
1min,61,infeed_items,1620.0,97200.0
1min,62,infeed_items,1728.0,103680.0
1min,63,infeed_items,1674.0,100440.0
1min,64,infeed_items,1674.0,100440.0
1min,65,infeed_items,1674.0,100440.0
1min,66,infeed_items,1674.0,100440.0
1min,67,infeed_items,1620.0,97200.0
1min,68,infeed_items,1674.0,100440.0
1min,69,infeed_items,1674.0,100440.0
1min,70,infeed_items,1620.0,97200.0
1min,71,infeed_items,1728.0,103680.0
1min,72,infeed_items,1620.0,97200.0
1min,73,infeed_items,1620.0,97200.0
1min,74,infeed_items,1728.0,103680.0
1min,75,infeed_items,1674.0,100440.0
1min,76,infeed_items,1674.0,100440.0
1min,77,infeed_items,1674.0,100440.0
1min,78,infeed_items,1674.0,100440.0
1min,79,infeed_items,1620.0,97200.0
1min,80,infeed_items,1674.0,100440.0
1min,81,infeed_items,1674.0,100440.0
1min,82,infeed_items,1620.0,97200.0
1min,83,infeed_items,1728.0,103680.0
1min,84,infeed_items,1620.0,97200.0
1min,85,infeed_items,1620.0,97200.0
1min,86,infeed_items,1728.0,103680.0
1min,87,infeed_items,1674.0,100440.0
1min,88,infeed_items,1674.0,100440.0
1min,89,infeed_items,1674.0,100440.0
1min,90,infeed_items,1674.0,100440.0
1min,91,infeed_items,1620.0,97200.0
1min,92,infeed_items,1674.0,100440.0
1min,93,infeed_items,1674.0,100440.0
1min,94,infeed_items,1620.0,97200.0
1min,95,infeed_items,1728.0,103680.0
1min,96,infeed_items,1620.0,97200.0
1min,97,infeed_items,1620.0,97200.0
1min,98,infeed_items,1728.0,103680.0
1min,99,infeed_items,1674.0,100440.0
1min,100,infeed_items,1674.0,100440.0
1min,101,infeed_items,1674.0,100440.0
1min,102,infeed_items,1674.0,100440.0
1min,103,infeed_items,1620.0,97200.0
1min,104,infeed_items,1674.0,100440.0
1min,105,infeed_items,1674.0,100440.0
1min,106,infeed_items,1620.0,97200.0
1min,107,infeed_items,1728.0,103680.0
1min,108,infeed_items,1620.0,97200.0
1min,109,infeed_items,1620.0,97200.0
1min,110,infeed_items,1728.0,103680.0
1min,111,infeed_items,1674.0,100440.0
1min,112,infeed_items,1674.0,100440.0
1min,113,infeed_items,1674.0,100440.0
1min,114,infeed_items,1674.0,100440.0
1min,115,infeed_items,1620.0,97200.0
1min,116,infeed_items,1674.0,100440.0
1min,117,infeed_items,1674.0,100440.0
1min,118,infeed_items,1620.0,97200.0
1min,119,infeed_items,1728.0,103680.0
1min,4,manual_sorted_items,19.0,1140.0
1min,5,manual_sorted_items,86.0,5160.0
1min,6,manual_sorted_items,94.0,5640.0
1min,7,manual_sorted_items,73.0,4380.0
1min,8,manual_sorted_items,101.0,6060.0
1min,9,manual_sorted_items,75.0,4500.0
1min,10,manual_sorted_items,85.0,5100.0
1min,11,manual_sorted_items,89.0,5340.0
1min,12,manual_sorted_items,90.0,5400.0
1min,13,manual_sorted_items,78.0,4680.0
1min,14,manual_sorted_items,87.0,5220.0
1min,15,manual_sorted_items,71.0,4260.0
1min,16,manual_sorted_items,76.0,4560.0
1min,17,manual_sorted_items,68.0,4080.0
1min,18,manual_sorted_items,66.0,3960.0
1min,19,manual_sorted_items,79.0,4740.0
1min,20,manual_sorted_items,89.0,5340.0
1min,21,manual_sorted_items,63.0,3780.0
1min,22,manual_sorted_items,86.0,5160.0
1min,23,manual_sorted_items,82.0,4920.0
1min,24,manual_sorted_items,75.0,4500.0
1min,25,manual_sorted_items,89.0,5340.0
1min,26,manual_sorted_items,91.0,5460.0
1min,27,manual_sorted_items,88.0,5280.0
1min,28,manual_sorted_items,68.0,4080.0
1min,29,manual_sorted_items,89.0,5340.0
1min,30,manual_sorted_items,94.0,5640.0
1min,31,manual_sorted_items,89.0,5340.0
1min,32,manual_sorted_items,81.0,4860.0
1min,33,manual_sorted_items,84.0,5040.0
1min,34,manual_sorted_items,92.0,5520.0
1min,35,manual_sorted_items,93.0,5580.0
1min,36,manual_sorted_items,86.0,5160.0
1min,37,manual_sorted_items,83.0,4980.0
1min,38,manual_sorted_items,80.0,4800.0
1min,39,manual_sorted_items,82.0,4920.0
1min,40,manual_sorted_items,60.0,3600.0
1min,41,manual_sorted_items,69.0,4140.0
1min,42,manual_sorted_items,102.0,6120.0
1min,43,manual_sorted_items,96.0,5760.0
1min,44,manual_sorted_items,94.0,5640.0
1min,45,manual_sorted_items,96.0,5760.0
1min,46,manual_sorted_items,68.0,4080.0
1min,47,manual_sorted_items,78.0,4680.0
1min,48,manual_sorted_items,73.0,4380.0
1min,49,manual_sorted_items,90.0,5400.0
1min,50,manual_sorted_items,100.0,6000.0
1min,51,manual_sorted_items,90.0,5400.0
1min,52,manual_sorted_items,97.0,5820.0
1min,53,manual_sorted_items,83.0,4980.0
1min,54,manual_sorted_items,77.0,4620.0
1min,55,manual_sorted_items,86.0,5160.0
1min,56,manual_sorted_items,85.0,5100.0
1min,57,manual_sorted_items,86.0,5160.0
1min,58,manual_sorted_items,70.0,4200.0
1min,59,manual_sorted_items,73.0,4380.0
1min,60,manual_sorted_items,82.0,4920.0
1min,61,manual_sorted_items,93.0,5580.0
1min,62,manual_sorted_items,96.0,5760.0
1min,63,manual_sorted_items,85.0,5100.0
1min,64,manual_sorted_items,93.0,5580.0
1min,65,manual_sorted_items,81.0,4860.0
1min,66,manual_sorted_items,103.0,6180.0
1min,67,manual_sorted_items,95.0,5700.0
1min,68,manual_sorted_items,84.0,5040.0
1min,69,manual_sorted_items,80.0,4800.0
1min,70,manual_sorted_items,77.0,4620.0
1min,71,manual_sorted_items,81.0,4860.0
1min,72,manual_sorted_items,76.0,4560.0
1min,73,manual_sorted_items,74.0,4440.0
1min,74,manual_sorted_items,74.0,4440.0
1min,75,manual_sorted_items,90.0,5400.0
1min,76,manual_sorted_items,85.0,5100.0
1min,77,manual_sorted_items,89.0,5340.0
1min,78,manual_sorted_items,73.0,4380.0
1min,79,manual_sorted_items,82.0,4920.0
1min,80,manual_sorted_items,76.0,4560.0
1min,81,manual_sorted_items,90.0,5400.0
1min,82,manual_sorted_items,84.0,5040.0
1min,83,manual_sorted_items,75.0,4500.0
1min,84,manual_sorted_items,102.0,6120.0
1min,85,manual_sorted_items,62.0,3720.0
1min,86,manual_sorted_items,74.0,4440.0
1min,87,manual_sorted_items,78.0,4680.0
1min,88,manual_sorted_items,86.0,5160.0
1min,89,manual_sorted_items,61.0,3660.0
1min,90,manual_sorted_items,67.0,4020.0
1min,91,manual_sorted_items,88.0,5280.0
1min,92,manual_sorted_items,81.0,4860.0
1min,93,manual_sorted_items,86.0,5160.0
1min,94,manual_sorted_items,83.0,4980.0
1min,95,manual_sorted_items,96.0,5760.0
1min,96,manual_sorted_items,74.0,4440.0
1min,97,manual_sorted_items,85.0,5100.0
1min,98,manual_sorted_items,91.0,5460.0
1min,99,manual_sorted_items,96.0,5760.0
1min,100,manual_sorted_items,74.0,4440.0
1min,101,manual_sorted_items,101.0,6060.0
1min,102,manual_sorted_items,85.0,5100.0
1min,103,manual_sorted_items,85.0,5100.0
1min,104,manual_sorted_items,97.0,5820.0
1min,105,manual_sorted_items,90.0,5400.0
1min,106,manual_sorted_items,71.0,4260.0
1min,107,manual_sorted_items,84.0,5040.0
1min,108,manual_sorted_items,90.0,5400.0
1min,109,manual_sorted_items,96.0,5760.0
1min,110,manual_sorted_items,70.0,4200.0
1min,111,manual_sorted_items,97.0,5820.0
1min,112,manual_sorted_items,63.0,3780.0
1min,113,manual_sorted_items,89.0,5340.0
1min,114,manual_sorted_items,86.0,5160.0
1min,115,manual_sorted_items,104.0,6240.0
1min,116,manual_sorted_items,63.0,3780.0
1min,117,manual_sorted_items,87.0,5220.0
1min,118,manual_sorted_items,83.0,4980.0
1min,119,manual_sorted_items,74.0,4440.0
1min,4,nonsort_items,66.0,3960.0
1min,5,nonsort_items,96.0,5760.0
1min,6,nonsort_items,80.0,4800.0
1min,7,nonsort_items,88.0,5280.0
1min,8,nonsort_items,78.0,4680.0
1min,9,nonsort_items,87.0,5220.0
1min,10,nonsort_items,101.0,6060.0
1min,11,nonsort_items,77.0,4620.0
1min,12,nonsort_items,82.0,4920.0
1min,13,nonsort_items,84.0,5040.0
1min,14,nonsort_items,81.0,4860.0
1min,15,nonsort_items,63.0,3780.0
1min,16,nonsort_items,76.0,4560.0
1min,17,nonsort_items,69.0,4140.0
1min,18,nonsort_items,76.0,4560.0
1min,19,nonsort_items,79.0,4740.0
1min,20,nonsort_items,76.0,4560.0
1min,21,nonsort_items,78.0,4680.0
1min,22,nonsort_items,69.0,4140.0
1min,23,nonsort_items,94.0,5640.0
1min,24,nonsort_items,86.0,5160.0
1min,25,nonsort_items,85.0,5100.0
1min,26,nonsort_items,100.0,6000.0
1min,27,nonsort_items,67.0,4020.0
1min,28,nonsort_items,90.0,5400.0
1min,29,nonsort_items,92.0,5520.0
1min,30,nonsort_items,86.0,5160.0
1min,31,nonsort_items,72.0,4320.0
1min,32,nonsort_items,90.0,5400.0
1min,33,nonsort_items,100.0,6000.0
1min,34,nonsort_items,95.0,5700.0
1min,35,nonsort_items,85.0,5100.0
1min,36,nonsort_items,68.0,4080.0
1min,37,nonsort_items,77.0,4620.0
1min,38,nonsort_items,88.0,5280.0
1min,39,nonsort_items,79.0,4740.0
1min,40,nonsort_items,73.0,4380.0
1min,41,nonsort_items,90.0,5400.0
1min,42,nonsort_items,90.0,5400.0
1min,43,nonsort_items,93.0,5580.0
1min,44,nonsort_items,88.0,5280.0
1min,45,nonsort_items,72.0,4320.0
1min,46,nonsort_items,79.0,4740.0
1min,47,nonsort_items,77.0,4620.0
1min,48,nonsort_items,109.0,6540.0
1min,49,nonsort_items,98.0,5880.0
1min,50,nonsort_items,75.0,4500.0
1min,51,nonsort_items,80.0,4800.0
1min,52,nonsort_items,90.0,5400.0
1min,53,nonsort_items,81.0,4860.0
1min,54,nonsort_items,85.0,5100.0
1min,55,nonsort_items,88.0,5280.0
1min,56,nonsort_items,82.0,4920.0
1min,57,nonsort_items,81.0,4860.0
1min,58,nonsort_items,69.0,4140.0
1min,59,nonsort_items,80.0,4800.0
1min,60,nonsort_items,90.0,5400.0
1min,61,nonsort_items,88.0,5280.0
1min,62,nonsort_items,101.0,6060.0
1min,63,nonsort_items,102.0,6120.0
1min,64,nonsort_items,87.0,5220.0
1min,65,nonsort_items,88.0,5280.0
1min,66,nonsort_items,88.0,5280.0
1min,67,nonsort_items,85.0,5100.0
1min,68,nonsort_items,77.0,4620.0
1min,69,nonsort_items,93.0,5580.0
1min,70,nonsort_items,64.0,3840.0
1min,71,nonsort_items,87.0,5220.0
1min,72,nonsort_items,71.0,4260.0
1min,73,nonsort_items,67.0,4020.0
1min,74,nonsort_items,91.0,5460.0
1min,75,nonsort_items,95.0,5700.0
1min,76,nonsort_items,78.0,4680.0
1min,77,nonsort_items,70.0,4200.0
1min,78,nonsort_items,92.0,5520.0
1min,79,nonsort_items,83.0,4980.0
1min,80,nonsort_items,79.0,4740.0
1min,81,nonsort_items,85.0,5100.0
1min,82,nonsort_items,81.0,4860.0
1min,83,nonsort_items,81.0,4860.0
1min,84,nonsort_items,83.0,4980.0
1min,85,nonsort_items,69.0,4140.0
1min,86,nonsort_items,77.0,4620.0
1min,87,nonsort_items,84.0,5040.0
1min,88,nonsort_items,69.0,4140.0
1min,89,nonsort_items,67.0,4020.0
1min,90,nonsort_items,85.0,5100.0
1min,91,nonsort_items,86.0,5160.0
1min,92,nonsort_items,72.0,4320.0
1min,93,nonsort_items,94.0,5640.0
1min,94,nonsort_items,84.0,5040.0
1min,95,nonsort_items,80.0,4800.0
1min,96,nonsort_items,89.0,5340.0
1min,97,nonsort_items,79.0,4740.0
1min,98,nonsort_items,108.0,6480.0
1min,99,nonsort_items,71.0,4260.0
1min,100,nonsort_items,100.0,6000.0
1min,101,nonsort_items,94.0,5640.0
1min,102,nonsort_items,84.0,5040.0
1min,103,nonsort_items,89.0,5340.0
1min,104,nonsort_items,84.0,5040.0
1min,105,nonsort_items,82.0,4920.0
1min,106,nonsort_items,71.0,4260.0
1min,107,nonsort_items,104.0,6240.0
1min,108,nonsort_items,92.0,5520.0
1min,109,nonsort_items,68.0,4080.0
1min,110,nonsort_items,105.0,6300.0
1min,111,nonsort_items,64.0,3840.0
1min,112,nonsort_items,72.0,4320.0
1min,113,nonsort_items,108.0,6480.0
1min,114,nonsort_items,95.0,5700.0
1min,115,nonsort_items,76.0,4560.0
1min,116,nonsort_items,75.0,4500.0
1min,117,nonsort_items,68.0,4080.0
1min,118,nonsort_items,78.0,4680.0
1min,119,nonsort_items,90.0,5400.0
1min,4,outbound_boxes_closed,16.0,960.0
1min,5,outbound_boxes_closed,36.0,2160.0
1min,6,outbound_boxes_closed,40.0,2400.0
1min,7,outbound_boxes_closed,44.0,2640.0
1min,8,outbound_boxes_closed,46.0,2760.0
1min,9,outbound_boxes_closed,47.0,2820.0
1min,10,outbound_boxes_closed,47.0,2820.0
1min,11,outbound_boxes_closed,50.0,3000.0
1min,12,outbound_boxes_closed,51.0,3060.0
1min,13,outbound_boxes_closed,43.0,2580.0
1min,14,outbound_boxes_closed,55.0,3300.0
1min,15,outbound_boxes_closed,50.0,3000.0
1min,16,outbound_boxes_closed,50.0,3000.0
1min,17,outbound_boxes_closed,55.0,3300.0
1min,18,outbound_boxes_closed,61.0,3660.0
1min,19,outbound_boxes_closed,52.0,3120.0
1min,20,outbound_boxes_closed,48.0,2880.0
1min,21,outbound_boxes_closed,45.0,2700.0
1min,22,outbound_boxes_closed,58.0,3480.0
1min,23,outbound_boxes_closed,61.0,3660.0
1min,24,outbound_boxes_closed,58.0,3480.0
1min,25,outbound_boxes_closed,59.0,3540.0
1min,26,outbound_boxes_closed,53.0,3180.0
1min,27,outbound_boxes_closed,60.0,3600.0
1min,28,outbound_boxes_closed,53.0,3180.0
1min,29,outbound_boxes_closed,55.0,3300.0
1min,30,outbound_boxes_closed,59.0,3540.0
1min,31,outbound_boxes_closed,59.0,3540.0
1min,32,outbound_boxes_closed,75.0,4500.0
1min,33,outbound_boxes_closed,56.0,3360.0
1min,34,outbound_boxes_closed,55.0,3300.0
1min,35,outbound_boxes_closed,56.0,3360.0
1min,36,outbound_boxes_closed,62.0,3720.0
1min,37,outbound_boxes_closed,56.0,3360.0
1min,38,outbound_boxes_closed,65.0,3900.0
1min,39,outbound_boxes_closed,59.0,3540.0
1min,40,outbound_boxes_closed,56.0,3360.0
1min,41,outbound_boxes_closed,56.0,3360.0
1min,42,outbound_boxes_closed,68.0,4080.0
1min,43,outbound_boxes_closed,53.0,3180.0
1min,44,outbound_boxes_closed,59.0,3540.0
1min,45,outbound_boxes_closed,59.0,3540.0
1min,46,outbound_boxes_closed,65.0,3900.0
1min,47,outbound_boxes_closed,58.0,3480.0
1min,48,outbound_boxes_closed,61.0,3660.0
1min,49,outbound_boxes_closed,60.0,3600.0
1min,50,outbound_boxes_closed,75.0,4500.0
1min,51,outbound_boxes_closed,78.0,4680.0
1min,52,outbound_boxes_closed,59.0,3540.0
1min,53,outbound_boxes_closed,67.0,4020.0
1min,54,outbound_boxes_closed,57.0,3420.0
1min,55,outbound_boxes_closed,52.0,3120.0
1min,56,outbound_boxes_closed,61.0,3660.0
1min,57,outbound_boxes_closed,61.0,3660.0
1min,58,outbound_boxes_closed,52.0,3120.0
1min,59,outbound_boxes_closed,62.0,3720.0
1min,60,outbound_boxes_closed,51.0,3060.0
1min,61,outbound_boxes_closed,54.0,3240.0
1min,62,outbound_boxes_closed,59.0,3540.0
1min,63,outbound_boxes_closed,49.0,2940.0
1min,64,outbound_boxes_closed,62.0,3720.0
1min,65,outbound_boxes_closed,54.0,3240.0
1min,66,outbound_boxes_closed,53.0,3180.0
1min,67,outbound_boxes_closed,53.0,3180.0
1min,68,outbound_boxes_closed,70.0,4200.0
1min,69,outbound_boxes_closed,56.0,3360.0
1min,70,outbound_boxes_closed,56.0,3360.0
1min,71,outbound_boxes_closed,54.0,3240.0
1min,72,outbound_boxes_closed,58.0,3480.0
1min,73,outbound_boxes_closed,53.0,3180.0
1min,74,outbound_boxes_closed,57.0,3420.0
1min,75,outbound_boxes_closed,58.0,3480.0
1min,76,outbound_boxes_closed,70.0,4200.0
1min,77,outbound_boxes_closed,63.0,3780.0
1min,78,outbound_boxes_closed,56.0,3360.0
1min,79,outbound_boxes_closed,56.0,3360.0
1min,80,outbound_boxes_closed,59.0,3540.0
1min,81,outbound_boxes_closed,53.0,3180.0
1min,82,outbound_boxes_closed,54.0,3240.0
1min,83,outbound_boxes_closed,67.0,4020.0
1min,84,outbound_boxes_closed,58.0,3480.0
1min,85,outbound_boxes_closed,67.0,4020.0
1min,86,outbound_boxes_closed,62.0,3720.0
1min,87,outbound_boxes_closed,53.0,3180.0
1min,88,outbound_boxes_closed,62.0,3720.0
1min,89,outbound_boxes_closed,56.0,3360.0
1min,90,outbound_boxes_closed,55.0,3300.0
1min,91,outbound_boxes_closed,68.0,4080.0
1min,92,outbound_boxes_closed,56.0,3360.0
1min,93,outbound_boxes_closed,62.0,3720.0
1min,94,outbound_boxes_closed,61.0,3660.0
1min,95,outbound_boxes_closed,56.0,3360.0
1min,96,outbound_boxes_closed,59.0,3540.0
1min,97,outbound_boxes_closed,68.0,4080.0
1min,98,outbound_boxes_closed,60.0,3600.0
1min,99,outbound_boxes_closed,68.0,4080.0
1min,100,outbound_boxes_closed,56.0,3360.0
1min,101,outbound_boxes_closed,64.0,3840.0
1min,102,outbound_boxes_closed,64.0,3840.0
1min,103,outbound_boxes_closed,53.0,3180.0
1min,104,outbound_boxes_closed,62.0,3720.0
1min,105,outbound_boxes_closed,55.0,3300.0
1min,106,outbound_boxes_closed,58.0,3480.0
1min,107,outbound_boxes_closed,52.0,3120.0
1min,108,outbound_boxes_closed,61.0,3660.0
1min,109,outbound_boxes_closed,60.0,3600.0
1min,110,outbound_boxes_closed,54.0,3240.0
1min,111,outbound_boxes_closed,48.0,2880.0
1min,112,outbound_boxes_closed,63.0,3780.0
1min,113,outbound_boxes_closed,60.0,3600.0
1min,114,outbound_boxes_closed,57.0,3420.0
1min,115,outbound_boxes_closed,54.0,3240.0
1min,116,outbound_boxes_closed,55.0,3300.0
1min,117,outbound_boxes_closed,62.0,3720.0
1min,118,outbound_boxes_closed,58.0,3480.0
1min,119,outbound_boxes_closed,63.0,3780.0
1min,12,palletizing_boxes,180.0,10800.0
1min,15,palletizing_boxes,120.0,7200.0
1min,16,palletizing_boxes,60.0,3600.0
1min,17,palletizing_boxes,60.0,3600.0
1min,18,palletizing_boxes,60.0,3600.0
1min,19,palletizing_boxes,20.0,1200.0
1min,20,palletizing_boxes,60.0,3600.0
1min,21,palletizing_boxes,60.0,3600.0
1min,22,palletizing_boxes,60.0,3600.0
1min,23,palletizing_boxes,60.0,3600.0
1min,24,palletizing_boxes,40.0,2400.0
1min,25,palletizing_boxes,20.0,1200.0
1min,26,palletizing_boxes,60.0,3600.0
1min,27,palletizing_boxes,80.0,4800.0
1min,28,palletizing_boxes,80.0,4800.0
1min,29,palletizing_boxes,60.0,3600.0
1min,30,palletizing_boxes,40.0,2400.0
1min,31,palletizing_boxes,60.0,3600.0
1min,32,palletizing_boxes,40.0,2400.0
1min,33,palletizing_boxes,80.0,4800.0
1min,34,palletizing_boxes,40.0,2400.0
1min,35,palletizing_boxes,80.0,4800.0
1min,36,palletizing_boxes,60.0,3600.0
1min,37,palletizing_boxes,60.0,3600.0
1min,38,palletizing_boxes,60.0,3600.0
1min,39,palletizing_boxes,40.0,2400.0
1min,40,palletizing_boxes,60.0,3600.0
1min,41,palletizing_boxes,60.0,3600.0
1min,42,palletizing_boxes,80.0,4800.0
1min,43,palletizing_boxes,60.0,3600.0
1min,44,palletizing_boxes,40.0,2400.0
1min,45,palletizing_boxes,60.0,3600.0
1min,46,palletizing_boxes,80.0,4800.0
1min,47,palletizing_boxes,40.0,2400.0
1min,48,palletizing_boxes,60.0,3600.0
1min,49,palletizing_boxes,60.0,3600.0
1min,50,palletizing_boxes,60.0,3600.0
1min,51,palletizing_boxes,60.0,3600.0
1min,52,palletizing_boxes,60.0,3600.0
1min,53,palletizing_boxes,80.0,4800.0
1min,54,palletizing_boxes,60.0,3600.0
1min,55,palletizing_boxes,80.0,4800.0
1min,56,palletizing_boxes,60.0,3600.0
1min,57,palletizing_boxes,60.0,3600.0
1min,58,palletizing_boxes,60.0,3600.0
1min,59,palletizing_boxes,60.0,3600.0
1min,60,palletizing_boxes,40.0,2400.0
1min,61,palletizing_boxes,80.0,4800.0
1min,62,palletizing_boxes,40.0,2400.0
1min,63,palletizing_boxes,80.0,4800.0
1min,64,palletizing_boxes,40.0,2400.0
1min,65,palletizing_boxes,60.0,3600.0
1min,66,palletizing_boxes,60.0,3600.0
1min,67,palletizing_boxes,40.0,2400.0
1min,68,palletizing_boxes,60.0,3600.0
1min,69,palletizing_boxes,60.0,3600.0
1min,70,palletizing_boxes,60.0,3600.0
1min,71,palletizing_boxes,60.0,3600.0
1min,72,palletizing_boxes,60.0,3600.0
1min,73,palletizing_boxes,60.0,3600.0
1min,74,palletizing_boxes,40.0,2400.0
1min,75,palletizing_boxes,60.0,3600.0
1min,76,palletizing_boxes,60.0,3600.0
1min,77,palletizing_boxes,60.0,3600.0
1min,78,palletizing_boxes,60.0,3600.0
1min,79,palletizing_boxes,60.0,3600.0
1min,80,palletizing_boxes,60.0,3600.0
1min,81,palletizing_boxes,60.0,3600.0
1min,82,palletizing_boxes,60.0,3600.0
1min,83,palletizing_boxes,60.0,3600.0
1min,84,palletizing_boxes,40.0,2400.0
1min,85,palletizing_boxes,60.0,3600.0
1min,86,palletizing_boxes,60.0,3600.0
1min,87,palletizing_boxes,80.0,4800.0
1min,88,palletizing_boxes,40.0,2400.0
1min,89,palletizing_boxes,80.0,4800.0
1min,90,palletizing_boxes,60.0,3600.0
1min,91,palletizing_boxes,60.0,3600.0
1min,92,palletizing_boxes,60.0,3600.0
1min,93,palletizing_boxes,40.0,2400.0
1min,94,palletizing_boxes,60.0,3600.0
1min,95,palletizing_boxes,60.0,3600.0
1min,96,palletizing_boxes,60.0,3600.0
1min,97,palletizing_boxes,80.0,4800.0
1min,98,palletizing_boxes,60.0,3600.0
1min,99,palletizing_boxes,40.0,2400.0
1min,100,palletizing_boxes,60.0,3600.0
1min,101,palletizing_boxes,80.0,4800.0
1min,102,palletizing_boxes,60.0,3600.0
1min,103,palletizing_boxes,60.0,3600.0
1min,104,palletizing_boxes,60.0,3600.0
1min,105,palletizing_boxes,60.0,3600.0
1min,106,palletizing_boxes,60.0,3600.0
1min,107,palletizing_boxes,60.0,3600.0
1min,108,palletizing_boxes,60.0,3600.0
1min,109,palletizing_boxes,40.0,2400.0
1min,110,palletizing_boxes,60.0,3600.0
1min,111,palletizing_boxes,40.0,2400.0
1min,112,palletizing_boxes,80.0,4800.0
1min,113,palletizing_boxes,60.0,3600.0
1min,114,palletizing_boxes,60.0,3600.0
1min,115,palletizing_boxes,40.0,2400.0
1min,116,palletizing_boxes,60.0,3600.0
1min,117,palletizing_boxes,80.0,4800.0
1min,118,palletizing_boxes,40.0,2400.0
1min,119,palletizing_boxes,60.0,3600.0
1min,12,pallets_built,9.0,540.0
1min,15,pallets_built,6.0,360.0
1min,16,pallets_built,3.0,180.0
1min,17,pallets_built,3.0,180.0
1min,18,pallets_built,3.0,180.0
1min,19,pallets_built,1.0,60.0
1min,20,pallets_built,3.0,180.0
1min,21,pallets_built,3.0,180.0
1min,22,pallets_built,3.0,180.0
1min,23,pallets_built,3.0,180.0
1min,24,pallets_built,2.0,120.0
1min,25,pallets_built,1.0,60.0
1min,26,pallets_built,3.0,180.0
1min,27,pallets_built,4.0,240.0
1min,28,pallets_built,4.0,240.0
1min,29,pallets_built,3.0,180.0
1min,30,pallets_built,2.0,120.0
1min,31,pallets_built,3.0,180.0
1min,32,pallets_built,2.0,120.0
1min,33,pallets_built,4.0,240.0
1min,34,pallets_built,2.0,120.0
1min,35,pallets_built,4.0,240.0
1min,36,pallets_built,3.0,180.0
1min,37,pallets_built,3.0,180.0
1min,38,pallets_built,3.0,180.0
1min,39,pallets_built,2.0,120.0
1min,40,pallets_built,3.0,180.0
1min,41,pallets_built,3.0,180.0
1min,42,pallets_built,4.0,240.0
1min,43,pallets_built,3.0,180.0
1min,44,pallets_built,2.0,120.0
1min,45,pallets_built,3.0,180.0
1min,46,pallets_built,4.0,240.0
1min,47,pallets_built,2.0,120.0
1min,48,pallets_built,3.0,180.0
1min,49,pallets_built,3.0,180.0
1min,50,pallets_built,3.0,180.0
1min,51,pallets_built,3.0,180.0
1min,52,pallets_built,3.0,180.0
1min,53,pallets_built,4.0,240.0
1min,54,pallets_built,3.0,180.0
1min,55,pallets_built,4.0,240.0
1min,56,pallets_built,3.0,180.0
1min,57,pallets_built,3.0,180.0
1min,58,pallets_built,3.0,180.0
1min,59,pallets_built,3.0,180.0
1min,60,pallets_built,2.0,120.0
1min,61,pallets_built,4.0,240.0
1min,62,pallets_built,2.0,120.0
1min,63,pallets_built,4.0,240.0
1min,64,pallets_built,2.0,120.0
1min,65,pallets_built,3.0,180.0
1min,66,pallets_built,3.0,180.0
1min,67,pallets_built,2.0,120.0
1min,68,pallets_built,3.0,180.0
1min,69,pallets_built,3.0,180.0
1min,70,pallets_built,3.0,180.0
1min,71,pallets_built,3.0,180.0
1min,72,pallets_built,3.0,180.0
1min,73,pallets_built,3.0,180.0
1min,74,pallets_built,2.0,120.0
1min,75,pallets_built,3.0,180.0
1min,76,pallets_built,3.0,180.0
1min,77,pallets_built,3.0,180.0
1min,78,pallets_built,3.0,180.0
1min,79,pallets_built,3.0,180.0
1min,80,pallets_built,3.0,180.0
1min,81,pallets_built,3.0,180.0
1min,82,pallets_built,3.0,180.0
1min,83,pallets_built,3.0,180.0
1min,84,pallets_built,2.0,120.0
1min,85,pallets_built,3.0,180.0
1min,86,pallets_built,3.0,180.0
1min,87,pallets_built,4.0,240.0
1min,88,pallets_built,2.0,120.0
1min,89,pallets_built,4.0,240.0
1min,90,pallets_built,3.0,180.0
1min,91,pallets_built,3.0,180.0
1min,92,pallets_built,3.0,180.0
1min,93,pallets_built,2.0,120.0
1min,94,pallets_built,3.0,180.0
1min,95,pallets_built,3.0,180.0
1min,96,pallets_built,3.0,180.0
1min,97,pallets_built,4.0,240.0
1min,98,pallets_built,3.0,180.0
1min,99,pallets_built,2.0,120.0
1min,100,pallets_built,3.0,180.0
1min,101,pallets_built,4.0,240.0
1min,102,pallets_built,3.0,180.0
1min,103,pallets_built,3.0,180.0
1min,104,pallets_built,3.0,180.0
1min,105,pallets_built,3.0,180.0
1min,106,pallets_built,3.0,180.0
1min,107,pallets_built,3.0,180.0
1min,108,pallets_built,3.0,180.0
1min,109,pallets_built,2.0,120.0
1min,110,pallets_built,3.0,180.0
1min,111,pallets_built,2.0,120.0
1min,112,pallets_built,4.0,240.0
1min,113,pallets_built,3.0,180.0
1min,114,pallets_built,3.0,180.0
1min,115,pallets_built,2.0,120.0
1min,116,pallets_built,3.0,180.0
1min,117,pallets_built,4.0,240.0
1min,118,pallets_built,2.0,120.0
1min,119,pallets_built,3.0,180.0
1min,0,receiving_pallets,3.0,180.0
1min,1,receiving_pallets,3.0,180.0
1min,2,receiving_pallets,3.0,180.0
1min,3,receiving_pallets,3.0,180.0
1min,4,receiving_pallets,3.0,180.0
1min,5,receiving_pallets,3.0,180.0
1min,6,receiving_pallets,3.0,180.0
1min,7,receiving_pallets,3.0,180.0
1min,8,receiving_pallets,3.0,180.0
1min,9,receiving_pallets,3.0,180.0
1min,10,receiving_pallets,3.0,180.0
1min,11,receiving_pallets,3.0,180.0
1min,12,receiving_pallets,4.0,240.0
1min,13,receiving_pallets,3.0,180.0
1min,14,receiving_pallets,3.0,180.0
1min,15,receiving_pallets,3.0,180.0
1min,16,receiving_pallets,3.0,180.0
1min,17,receiving_pallets,3.0,180.0
1min,18,receiving_pallets,3.0,180.0
1min,19,receiving_pallets,3.0,180.0
1min,20,receiving_pallets,3.0,180.0
1min,21,receiving_pallets,3.0,180.0
1min,22,receiving_pallets,3.0,180.0
1min,23,receiving_pallets,4.0,240.0
1min,24,receiving_pallets,3.0,180.0
1min,25,receiving_pallets,3.0,180.0
1min,26,receiving_pallets,3.0,180.0
1min,27,receiving_pallets,3.0,180.0
1min,28,receiving_pallets,3.0,180.0
1min,29,receiving_pallets,3.0,180.0
1min,30,receiving_pallets,3.0,180.0
1min,31,receiving_pallets,3.0,180.0
1min,32,receiving_pallets,3.0,180.0
1min,33,receiving_pallets,3.0,180.0
1min,34,receiving_pallets,3.0,180.0
1min,35,receiving_pallets,4.0,240.0
1min,36,receiving_pallets,3.0,180.0
1min,37,receiving_pallets,3.0,180.0
1min,38,receiving_pallets,3.0,180.0
1min,39,receiving_pallets,3.0,180.0
1min,40,receiving_pallets,3.0,180.0
1min,41,receiving_pallets,3.0,180.0
1min,42,receiving_pallets,3.0,180.0
1min,43,receiving_pallets,3.0,180.0
1min,44,receiving_pallets,3.0,180.0
1min,45,receiving_pallets,3.0,180.0
1min,46,receiving_pallets,3.0,180.0
1min,47,receiving_pallets,3.0,180.0
1min,48,receiving_pallets,4.0,240.0
1min,49,receiving_pallets,3.0,180.0
1min,50,receiving_pallets,3.0,180.0
1min,51,receiving_pallets,3.0,180.0
1min,52,receiving_pallets,3.0,180.0
1min,53,receiving_pallets,3.0,180.0
1min,54,receiving_pallets,3.0,180.0
1min,55,receiving_pallets,3.0,180.0
1min,56,receiving_pallets,3.0,180.0
1min,57,receiving_pallets,3.0,180.0
1min,58,receiving_pallets,3.0,180.0
1min,59,receiving_pallets,3.0,180.0
1min,60,receiving_pallets,4.0,240.0
1min,61,receiving_pallets,3.0,180.0
1min,62,receiving_pallets,3.0,180.0
1min,63,receiving_pallets,3.0,180.0
1min,64,receiving_pallets,3.0,180.0
1min,65,receiving_pallets,3.0,180.0
1min,66,receiving_pallets,3.0,180.0
1min,67,receiving_pallets,3.0,180.0
1min,68,receiving_pallets,3.0,180.0
1min,69,receiving_pallets,3.0,180.0
1min,70,receiving_pallets,3.0,180.0
1min,71,receiving_pallets,3.0,180.0
1min,72,receiving_pallets,4.0,240.0
1min,73,receiving_pallets,3.0,180.0
1min,74,receiving_pallets,3.0,180.0
1min,75,receiving_pallets,3.0,180.0
1min,76,receiving_pallets,3.0,180.0
1min,77,receiving_pallets,3.0,180.0
1min,78,receiving_pallets,3.0,180.0
1min,79,receiving_pallets,3.0,180.0
1min,80,receiving_pallets,3.0,180.0
1min,81,receiving_pallets,3.0,180.0
1min,82,receiving_pallets,3.0,180.0
1min,83,receiving_pallets,4.0,240.0
1min,84,receiving_pallets,3.0,180.0
1min,85,receiving_pallets,3.0,180.0
1min,86,receiving_pallets,3.0,180.0
1min,87,receiving_pallets,3.0,180.0
1min,88,receiving_pallets,3.0,180.0
1min,89,receiving_pallets,3.0,180.0
1min,90,receiving_pallets,3.0,180.0
1min,91,receiving_pallets,3.0,180.0
1min,92,receiving_pallets,3.0,180.0
1min,93,receiving_pallets,3.0,180.0
1min,94,receiving_pallets,3.0,180.0
1min,95,receiving_pallets,4.0,240.0
1min,96,receiving_pallets,3.0,180.0
1min,97,receiving_pallets,3.0,180.0
1min,98,receiving_pallets,3.0,180.0
1min,99,receiving_pallets,3.0,180.0
1min,100,receiving_pallets,3.0,180.0
1min,101,receiving_pallets,3.0,180.0
1min,102,receiving_pallets,3.0,180.0
1min,103,receiving_pallets,3.0,180.0
1min,104,receiving_pallets,3.0,180.0
1min,105,receiving_pallets,3.0,180.0
1min,106,receiving_pallets,3.0,180.0
1min,107,receiving_pallets,4.0,240.0
1min,108,receiving_pallets,3.0,180.0
1min,109,receiving_pallets,3.0,180.0
1min,110,receiving_pallets,3.0,180.0
1min,111,receiving_pallets,3.0,180.0
1min,112,receiving_pallets,3.0,180.0
1min,113,receiving_pallets,3.0,180.0
1min,114,receiving_pallets,3.0,180.0
1min,115,receiving_pallets,3.0,180.0
1min,116,receiving_pallets,3.0,180.0
1min,117,receiving_pallets,3.0,180.0
1min,118,receiving_pallets,3.0,180.0
1min,119,receiving_pallets,4.0,240.0
1min,6,rollcages_built,1.0,60.0
1min,7,rollcages_built,1.0,60.0
1min,8,rollcages_built,1.0,60.0
1min,10,rollcages_built,1.0,60.0
1min,11,rollcages_built,1.0,60.0
1min,13,rollcages_built,1.0,60.0
1min,14,rollcages_built,1.0,60.0
1min,16,rollcages_built,1.0,60.0
1min,17,rollcages_built,1.0,60.0
1min,19,rollcages_built,1.0,60.0
1min,20,rollcages_built,1.0,60.0
1min,22,rollcages_built,1.0,60.0
1min,24,rollcages_built,1.0,60.0
1min,25,rollcages_built,1.0,60.0
1min,26,rollcages_built,1.0,60.0
1min,28,rollcages_built,1.0,60.0
1min,29,rollcages_built,1.0,60.0
1min,31,rollcages_built,1.0,60.0
1min,32,rollcages_built,1.0,60.0
1min,33,rollcages_built,1.0,60.0
1min,35,rollcages_built,1.0,60.0
1min,36,rollcages_built,1.0,60.0
1min,38,rollcages_built,1.0,60.0
1min,39,rollcages_built,1.0,60.0
1min,41,rollcages_built,1.0,60.0
1min,42,rollcages_built,1.0,60.0
1min,43,rollcages_built,1.0,60.0
1min,45,rollcages_built,1.0,60.0
1min,46,rollcages_built,1.0,60.0
1min,48,rollcages_built,1.0,60.0
1min,49,rollcages_built,1.0,60.0
1min,50,rollcages_built,1.0,60.0
1min,52,rollcages_built,1.0,60.0
1min,53,rollcages_built,1.0,60.0
1min,55,rollcages_built,1.0,60.0
1min,56,rollcages_built,1.0,60.0
1min,57,rollcages_built,1.0,60.0
1min,59,rollcages_built,1.0,60.0
1min,61,rollcages_built,1.0,60.0
1min,62,rollcages_built,1.0,60.0
1min,63,rollcages_built,1.0,60.0
1min,64,rollcages_built,1.0,60.0
1min,66,rollcages_built,1.0,60.0
1min,67,rollcages_built,1.0,60.0
1min,68,rollcages_built,1.0,60.0
1min,70,rollcages_built,1.0,60.0
1min,71,rollcages_built,1.0,60.0
1min,73,rollcages_built,1.0,60.0
1min,75,rollcages_built,1.0,60.0
1min,76,rollcages_built,1.0,60.0
1min,77,rollcages_built,1.0,60.0
1min,79,rollcages_built,1.0,60.0
1min,80,rollcages_built,1.0,60.0
1min,82,rollcages_built,1.0,60.0
1min,83,rollcages_built,1.0,60.0
1min,85,rollcages_built,1.0,60.0
1min,86,rollcages_built,1.0,60.0
1min,88,rollcages_built,1.0,60.0
1min,90,rollcages_built,1.0,60.0
1min,91,rollcages_built,1.0,60.0
1min,93,rollcages_built,1.0,60.0
1min,94,rollcages_built,1.0,60.0
1min,95,rollcages_built,1.0,60.0
1min,97,rollcages_built,1.0,60.0
1min,98,rollcages_built,1.0,60.0
1min,99,rollcages_built,1.0,60.0
1min,101,rollcages_built,1.0,60.0
1min,102,rollcages_built,1.0,60.0
1min,104,rollcages_built,1.0,60.0
1min,105,rollcages_built,1.0,60.0
1min,106,rollcages_built,1.0,60.0
1min,108,rollcages_built,1.0,60.0
1min,109,rollcages_built,1.0,60.0
1min,111,rollcages_built,1.0,60.0
1min,112,rollcages_built,1.0,60.0
1min,114,rollcages_built,1.0,60.0
1min,115,rollcages_built,1.0,60.0
1min,116,rollcages_built,1.0,60.0
1min,118,rollcages_built,1.0,60.0
1min,119,rollcages_built,1.0,60.0
1min,4,sealing_boxes,12.0,720.0
1min,5,sealing_boxes,34.0,2040.0
1min,6,sealing_boxes,38.0,2280.0
1min,7,sealing_boxes,45.0,2700.0
1min,8,sealing_boxes,46.0,2760.0
1min,9,sealing_boxes,49.0,2940.0
1min,10,sealing_boxes,45.0,2700.0
1min,11,sealing_boxes,50.0,3000.0
1min,12,sealing_boxes,51.0,3060.0
1min,13,sealing_boxes,45.0,2700.0
1min,14,sealing_boxes,51.0,3060.0
1min,15,sealing_boxes,50.0,3000.0
1min,16,sealing_boxes,52.0,3120.0
1min,17,sealing_boxes,50.0,3000.0
1min,18,sealing_boxes,59.0,3540.0
1min,19,sealing_boxes,60.0,3600.0
1min,20,sealing_boxes,41.0,2460.0
1min,21,sealing_boxes,51.0,3060.0
1min,22,sealing_boxes,57.0,3420.0
1min,23,sealing_boxes,58.0,3480.0
1min,24,sealing_boxes,61.0,3660.0
1min,25,sealing_boxes,54.0,3240.0
1min,26,sealing_boxes,60.0,3600.0
1min,27,sealing_boxes,56.0,3360.0
1min,28,sealing_boxes,55.0,3300.0
1min,29,sealing_boxes,51.0,3060.0
1min,30,sealing_boxes,62.0,3720.0
1min,31,sealing_boxes,56.0,3360.0
1min,32,sealing_boxes,70.0,4200.0
1min,33,sealing_boxes,65.0,3900.0
1min,34,sealing_boxes,53.0,3180.0
1min,35,sealing_boxes,56.0,3360.0
1min,36,sealing_boxes,64.0,3840.0
1min,37,sealing_boxes,55.0,3300.0
1min,38,sealing_boxes,61.0,3660.0
1min,39,sealing_boxes,62.0,3720.0
1min,40,sealing_boxes,59.0,3540.0
1min,41,sealing_boxes,57.0,3420.0
1min,42,sealing_boxes,66.0,3960.0
1min,43,sealing_boxes,52.0,3120.0
1min,44,sealing_boxes,58.0,3480.0
1min,45,sealing_boxes,60.0,3600.0
1min,46,sealing_boxes,64.0,3840.0
1min,47,sealing_boxes,59.0,3540.0
1min,48,sealing_boxes,55.0,3300.0
1min,49,sealing_boxes,62.0,3720.0
1min,50,sealing_boxes,72.0,4320.0
1min,51,sealing_boxes,72.0,4320.0
1min,52,sealing_boxes,71.0,4260.0
1min,53,sealing_boxes,68.0,4080.0
1min,54,sealing_boxes,55.0,3300.0
1min,55,sealing_boxes,57.0,3420.0
1min,56,sealing_boxes,54.0,3240.0
1min,57,sealing_boxes,62.0,3720.0
1min,58,sealing_boxes,56.0,3360.0
1min,59,sealing_boxes,54.0,3240.0
1min,60,sealing_boxes,60.0,3600.0
1min,61,sealing_boxes,51.0,3060.0
1min,62,sealing_boxes,60.0,3600.0
1min,63,sealing_boxes,53.0,3180.0
1min,64,sealing_boxes,57.0,3420.0
1min,65,sealing_boxes,55.0,3300.0
1min,66,sealing_boxes,52.0,3120.0
1min,67,sealing_boxes,54.0,3240.0
1min,68,sealing_boxes,66.0,3960.0
1min,69,sealing_boxes,61.0,3660.0
1min,70,sealing_boxes,52.0,3120.0
1min,71,sealing_boxes,59.0,3540.0
1min,72,sealing_boxes,55.0,3300.0
1min,73,sealing_boxes,57.0,3420.0
1min,74,sealing_boxes,55.0,3300.0
1min,75,sealing_boxes,61.0,3660.0
1min,76,sealing_boxes,61.0,3660.0
1min,77,sealing_boxes,65.0,3900.0
1min,78,sealing_boxes,56.0,3360.0
1min,79,sealing_boxes,55.0,3300.0
1min,80,sealing_boxes,63.0,3780.0
1min,81,sealing_boxes,51.0,3060.0
1min,82,sealing_boxes,56.0,3360.0
1min,83,sealing_boxes,65.0,3900.0
1min,84,sealing_boxes,56.0,3360.0
1min,85,sealing_boxes,72.0,4320.0
1min,86,sealing_boxes,56.0,3360.0
1min,87,sealing_boxes,59.0,3540.0
1min,88,sealing_boxes,61.0,3660.0
1min,89,sealing_boxes,54.0,3240.0
1min,90,sealing_boxes,58.0,3480.0
1min,91,sealing_boxes,62.0,3720.0
1min,92,sealing_boxes,59.0,3540.0
1min,93,sealing_boxes,63.0,3780.0
1min,94,sealing_boxes,63.0,3780.0
1min,95,sealing_boxes,54.0,3240.0
1min,96,sealing_boxes,62.0,3720.0
1min,97,sealing_boxes,67.0,4020.0
1min,98,sealing_boxes,60.0,3600.0
1min,99,sealing_boxes,62.0,3720.0
1min,100,sealing_boxes,58.0,3480.0
1min,101,sealing_boxes,66.0,3960.0
1min,102,sealing_boxes,58.0,3480.0
1min,103,sealing_boxes,61.0,3660.0
1min,104,sealing_boxes,61.0,3660.0
1min,105,sealing_boxes,58.0,3480.0
1min,106,sealing_boxes,53.0,3180.0
1min,107,sealing_boxes,52.0,3120.0
1min,108,sealing_boxes,62.0,3720.0
1min,109,sealing_boxes,57.0,3420.0
1min,110,sealing_boxes,55.0,3300.0
1min,111,sealing_boxes,57.0,3420.0
1min,112,sealing_boxes,51.0,3060.0
1min,113,sealing_boxes,65.0,3900.0
1min,114,sealing_boxes,58.0,3480.0
1min,115,sealing_boxes,56.0,3360.0
1min,116,sealing_boxes,52.0,3120.0
1min,117,sealing_boxes,64.0,3840.0
1min,118,sealing_boxes,55.0,3300.0
1min,119,sealing_boxes,62.0,3720.0
1min,4,sorted_items,1135.0,68100.0
1min,5,sorted_items,1571.0,94260.0
1min,6,sorted_items,1580.0,94800.0
1min,7,sorted_items,1586.0,95160.0
1min,8,sorted_items,1575.0,94500.0
1min,9,sorted_items,1581.0,94860.0
1min,10,sorted_items,1579.0,94740.0
1min,11,sorted_items,1570.0,94200.0
1min,12,sorted_items,1597.0,95820.0
1min,13,sorted_items,1569.0,94140.0
1min,14,sorted_items,1565.0,93900.0
1min,15,sorted_items,1599.0,95940.0
1min,16,sorted_items,1608.0,96480.0
1min,17,sorted_items,1605.0,96300.0
1min,18,sorted_items,1592.0,95520.0
1min,19,sorted_items,1583.0,94980.0
1min,20,sorted_items,1585.0,95100.0
1min,21,sorted_items,1596.0,95760.0
1min,22,sorted_items,1585.0,95100.0
1min,23,sorted_items,1578.0,94680.0
1min,24,sorted_items,1562.0,93720.0
1min,25,sorted_items,1589.0,95340.0
1min,26,sorted_items,1554.0,93240.0
1min,27,sorted_items,1608.0,96480.0
1min,28,sorted_items,1580.0,94800.0
1min,29,sorted_items,1557.0,93420.0
1min,30,sorted_items,1572.0,94320.0
1min,31,sorted_items,1621.0,97260.0
1min,32,sorted_items,1581.0,94860.0
1min,33,sorted_items,1558.0,93480.0
1min,34,sorted_items,1567.0,94020.0
1min,35,sorted_items,1556.0,93360.0
1min,36,sorted_items,1621.0,97260.0
1min,37,sorted_items,1575.0,94500.0
1min,38,sorted_items,1579.0,94740.0
1min,39,sorted_items,1575.0,94500.0
1min,40,sorted_items,1622.0,97320.0
1min,41,sorted_items,1570.0,94200.0
1min,42,sorted_items,1573.0,94380.0
1min,43,sorted_items,1573.0,94380.0
1min,44,sorted_items,1585.0,95100.0
1min,45,sorted_items,1582.0,94920.0
1min,46,sorted_items,1582.0,94920.0
1min,47,sorted_items,1583.0,94980.0
1min,48,sorted_items,1567.0,94020.0
1min,49,sorted_items,1560.0,93600.0
1min,50,sorted_items,1562.0,93720.0
1min,51,sorted_items,1609.0,96540.0
1min,52,sorted_items,1591.0,95460.0
1min,53,sorted_items,1584.0,95040.0
1min,54,sorted_items,1578.0,94680.0
1min,55,sorted_items,1585.0,95100.0
1min,56,sorted_items,1576.0,94560.0
1min,57,sorted_items,1585.0,95100.0
1min,58,sorted_items,1593.0,95580.0
1min,59,sorted_items,1579.0,94740.0
1min,60,sorted_items,1579.0,94740.0
1min,61,sorted_items,1554.0,93240.0
1min,62,sorted_items,1574.0,94440.0
1min,63,sorted_items,1568.0,94080.0
1min,64,sorted_items,1585.0,95100.0
1min,65,sorted_items,1586.0,95160.0
1min,66,sorted_items,1578.0,94680.0
1min,67,sorted_items,1585.0,95100.0
1min,68,sorted_items,1584.0,95040.0
1min,69,sorted_items,1569.0,94140.0
1min,70,sorted_items,1598.0,95880.0
1min,71,sorted_items,1572.0,94320.0
1min,72,sorted_items,1598.0,95880.0
1min,73,sorted_items,1580.0,94800.0
1min,74,sorted_items,1575.0,94500.0
1min,75,sorted_items,1570.0,94200.0
1min,76,sorted_items,1586.0,95160.0
1min,77,sorted_items,1620.0,97200.0
1min,78,sorted_items,1575.0,94500.0
1min,79,sorted_items,1565.0,93900.0
1min,80,sorted_items,1591.0,95460.0
1min,81,sorted_items,1591.0,95460.0
1min,82,sorted_items,1579.0,94740.0
1min,83,sorted_items,1575.0,94500.0
1min,84,sorted_items,1574.0,94440.0
1min,85,sorted_items,1606.0,96360.0
1min,86,sorted_items,1571.0,94260.0
1min,87,sorted_items,1566.0,93960.0
1min,88,sorted_items,1635.0,98100.0
1min,89,sorted_items,1588.0,95280.0
1min,90,sorted_items,1600.0,96000.0
1min,91,sorted_items,1568.0,94080.0
1min,92,sorted_items,1593.0,95580.0
1min,93,sorted_items,1564.0,93840.0
1min,94,sorted_items,1591.0,95460.0
1min,95,sorted_items,1565.0,93900.0
1min,96,sorted_items,1584.0,95040.0
1min,97,sorted_items,1584.0,95040.0
1min,98,sorted_items,1553.0,93180.0
1min,99,sorted_items,1586.0,95160.0
1min,100,sorted_items,1588.0,95280.0
1min,101,sorted_items,1571.0,94260.0
1min,102,sorted_items,1574.0,94440.0
1min,103,sorted_items,1589.0,95340.0
1min,104,sorted_items,1580.0,94800.0
1min,105,sorted_items,1565.0,93900.0
1min,106,sorted_items,1603.0,96180.0
1min,107,sorted_items,1556.0,93360.0
1min,108,sorted_items,1581.0,94860.0
1min,109,sorted_items,1588.0,95280.0
1min,110,sorted_items,1554.0,93240.0
1min,111,sorted_items,1589.0,95340.0
1min,112,sorted_items,1615.0,96900.0
1min,113,sorted_items,1536.0,92160.0
1min,114,sorted_items,1591.0,95460.0
1min,115,sorted_items,1591.0,95460.0
1min,116,sorted_items,1585.0,95100.0
1min,117,sorted_items,1589.0,95340.0
1min,118,sorted_items,1582.0,94920.0
1min,119,sorted_items,1583.0,94980.0
1min,4,sorted_items_s00,111.0,6660.0
1min,5,sorted_items_s00,131.0,7860.0
1min,6,sorted_items_s00,140.0,8400.0
1min,7,sorted_items_s00,139.0,8340.0
1min,8,sorted_items_s00,157.0,9420.0
1min,9,sorted_items_s00,153.0,9180.0
1min,10,sorted_items_s00,132.0,7920.0
1min,11,sorted_items_s00,136.0,8160.0
1min,12,sorted_items_s00,144.0,8640.0
1min,13,sorted_items_s00,134.0,8040.0
1min,14,sorted_items_s00,154.0,9240.0
1min,15,sorted_items_s00,152.0,9120.0
1min,16,sorted_items_s00,144.0,8640.0
1min,17,sorted_items_s00,153.0,9180.0
1min,18,sorted_items_s00,135.0,8100.0
1min,19,sorted_items_s00,129.0,7740.0
1min,20,sorted_items_s00,132.0,7920.0
1min,21,sorted_items_s00,136.0,8160.0
1min,22,sorted_items_s00,148.0,8880.0
1min,23,sorted_items_s00,148.0,8880.0
1min,24,sorted_items_s00,165.0,9900.0
1min,25,sorted_items_s00,145.0,8700.0
1min,26,sorted_items_s00,137.0,8220.0
1min,27,sorted_items_s00,149.0,8940.0
1min,28,sorted_items_s00,132.0,7920.0
1min,29,sorted_items_s00,146.0,8760.0
1min,30,sorted_items_s00,141.0,8460.0
1min,31,sorted_items_s00,155.0,9300.0
1min,32,sorted_items_s00,152.0,9120.0
1min,33,sorted_items_s00,131.0,7860.0
1min,34,sorted_items_s00,130.0,7800.0
1min,35,sorted_items_s00,136.0,8160.0
1min,36,sorted_items_s00,148.0,8880.0
1min,37,sorted_items_s00,140.0,8400.0
1min,38,sorted_items_s00,148.0,8880.0
1min,39,sorted_items_s00,142.0,8520.0
1min,40,sorted_items_s00,144.0,8640.0
1min,41,sorted_items_s00,143.0,8580.0
1min,42,sorted_items_s00,133.0,7980.0
1min,43,sorted_items_s00,155.0,9300.0
1min,44,sorted_items_s00,137.0,8220.0
1min,45,sorted_items_s00,137.0,8220.0
1min,46,sorted_items_s00,139.0,8340.0
1min,47,sorted_items_s00,170.0,10200.0
1min,48,sorted_items_s00,157.0,9420.0
1min,49,sorted_items_s00,137.0,8220.0
1min,50,sorted_items_s00,151.0,9060.0
1min,51,sorted_items_s00,128.0,7680.0
1min,52,sorted_items_s00,151.0,9060.0
1min,53,sorted_items_s00,145.0,8700.0
1min,54,sorted_items_s00,140.0,8400.0
1min,55,sorted_items_s00,137.0,8220.0
1min,56,sorted_items_s00,146.0,8760.0
1min,57,sorted_items_s00,127.0,7620.0
1min,58,sorted_items_s00,148.0,8880.0
1min,59,sorted_items_s00,161.0,9660.0
1min,60,sorted_items_s00,145.0,8700.0
1min,61,sorted_items_s00,128.0,7680.0
1min,62,sorted_items_s00,164.0,9840.0
1min,63,sorted_items_s00,156.0,9360.0
1min,64,sorted_items_s00,135.0,8100.0
1min,65,sorted_items_s00,141.0,8460.0
1min,66,sorted_items_s00,133.0,7980.0
1min,67,sorted_items_s00,124.0,7440.0
1min,68,sorted_items_s00,152.0,9120.0
1min,69,sorted_items_s00,148.0,8880.0
1min,70,sorted_items_s00,163.0,9780.0
1min,71,sorted_items_s00,148.0,8880.0
1min,72,sorted_items_s00,160.0,9600.0
1min,73,sorted_items_s00,147.0,8820.0
1min,74,sorted_items_s00,131.0,7860.0
1min,75,sorted_items_s00,153.0,9180.0
1min,76,sorted_items_s00,154.0,9240.0
1min,77,sorted_items_s00,155.0,9300.0
1min,78,sorted_items_s00,136.0,8160.0
1min,79,sorted_items_s00,134.0,8040.0
1min,80,sorted_items_s00,132.0,7920.0
1min,81,sorted_items_s00,142.0,8520.0
1min,82,sorted_items_s00,144.0,8640.0
1min,83,sorted_items_s00,140.0,8400.0
1min,84,sorted_items_s00,154.0,9240.0
1min,85,sorted_items_s00,161.0,9660.0
1min,86,sorted_items_s00,130.0,7800.0
1min,87,sorted_items_s00,143.0,8580.0
1min,88,sorted_items_s00,141.0,8460.0
1min,89,sorted_items_s00,137.0,8220.0
1min,90,sorted_items_s00,162.0,9720.0
1min,91,sorted_items_s00,156.0,9360.0
1min,92,sorted_items_s00,165.0,9900.0
1min,93,sorted_items_s00,146.0,8760.0
1min,94,sorted_items_s00,132.0,7920.0
1min,95,sorted_items_s00,148.0,8880.0
1min,96,sorted_items_s00,148.0,8880.0
1min,97,sorted_items_s00,137.0,8220.0
1min,98,sorted_items_s00,147.0,8820.0
1min,99,sorted_items_s00,116.0,6960.0
1min,100,sorted_items_s00,125.0,7500.0
1min,101,sorted_items_s00,141.0,8460.0
1min,102,sorted_items_s00,141.0,8460.0
1min,103,sorted_items_s00,134.0,8040.0
1min,104,sorted_items_s00,152.0,9120.0
1min,105,sorted_items_s00,146.0,8760.0
1min,106,sorted_items_s00,145.0,8700.0
1min,107,sorted_items_s00,123.0,7380.0
1min,108,sorted_items_s00,141.0,8460.0
1min,109,sorted_items_s00,150.0,9000.0
1min,110,sorted_items_s00,131.0,7860.0
1min,111,sorted_items_s00,134.0,8040.0
1min,112,sorted_items_s00,142.0,8520.0
1min,113,sorted_items_s00,130.0,7800.0
1min,114,sorted_items_s00,141.0,8460.0
1min,115,sorted_items_s00,128.0,7680.0
1min,116,sorted_items_s00,127.0,7620.0
1min,117,sorted_items_s00,148.0,8880.0
1min,118,sorted_items_s00,139.0,8340.0
1min,119,sorted_items_s00,135.0,8100.0
1min,4,sorted_items_s01,113.0,6780.0
1min,5,sorted_items_s01,161.0,9660.0
1min,6,sorted_items_s01,165.0,9900.0
1min,7,sorted_items_s01,160.0,9600.0
1min,8,sorted_items_s01,137.0,8220.0
1min,9,sorted_items_s01,152.0,9120.0
1min,10,sorted_items_s01,140.0,8400.0
1min,11,sorted_items_s01,148.0,8880.0
1min,12,sorted_items_s01,148.0,8880.0
1min,13,sorted_items_s01,133.0,7980.0
1min,14,sorted_items_s01,131.0,7860.0
1min,15,sorted_items_s01,150.0,9000.0
1min,16,sorted_items_s01,141.0,8460.0
1min,17,sorted_items_s01,128.0,7680.0
1min,18,sorted_items_s01,135.0,8100.0
1min,19,sorted_items_s01,142.0,8520.0
1min,20,sorted_items_s01,147.0,8820.0
1min,21,sorted_items_s01,137.0,8220.0
1min,22,sorted_items_s01,138.0,8280.0
1min,23,sorted_items_s01,152.0,9120.0
1min,24,sorted_items_s01,133.0,7980.0
1min,25,sorted_items_s01,156.0,9360.0
1min,26,sorted_items_s01,144.0,8640.0
1min,27,sorted_items_s01,151.0,9060.0
1min,28,sorted_items_s01,153.0,9180.0
1min,29,sorted_items_s01,118.0,7080.0
1min,30,sorted_items_s01,142.0,8520.0
1min,31,sorted_items_s01,154.0,9240.0
1min,32,sorted_items_s01,162.0,9720.0
1min,33,sorted_items_s01,150.0,9000.0
1min,34,sorted_items_s01,156.0,9360.0
1min,35,sorted_items_s01,149.0,8940.0
1min,36,sorted_items_s01,136.0,8160.0
1min,37,sorted_items_s01,147.0,8820.0
1min,38,sorted_items_s01,135.0,8100.0
1min,39,sorted_items_s01,122.0,7320.0
1min,40,sorted_items_s01,150.0,9000.0
1min,41,sorted_items_s01,144.0,8640.0
1min,42,sorted_items_s01,139.0,8340.0
1min,43,sorted_items_s01,148.0,8880.0
1min,44,sorted_items_s01,143.0,8580.0
1min,45,sorted_items_s01,139.0,8340.0
1min,46,sorted_items_s01,136.0,8160.0
1min,47,sorted_items_s01,147.0,8820.0
1min,48,sorted_items_s01,159.0,9540.0
1min,49,sorted_items_s01,150.0,9000.0
1min,50,sorted_items_s01,138.0,8280.0
1min,51,sorted_items_s01,159.0,9540.0
1min,52,sorted_items_s01,129.0,7740.0
1min,53,sorted_items_s01,142.0,8520.0
1min,54,sorted_items_s01,133.0,7980.0
1min,55,sorted_items_s01,140.0,8400.0
1min,56,sorted_items_s01,128.0,7680.0
1min,57,sorted_items_s01,140.0,8400.0
1min,58,sorted_items_s01,153.0,9180.0
1min,59,sorted_items_s01,155.0,9300.0
1min,60,sorted_items_s01,144.0,8640.0
1min,61,sorted_items_s01,164.0,9840.0
1min,62,sorted_items_s01,139.0,8340.0
1min,63,sorted_items_s01,124.0,7440.0
1min,64,sorted_items_s01,139.0,8340.0
1min,65,sorted_items_s01,142.0,8520.0
1min,66,sorted_items_s01,143.0,8580.0
1min,67,sorted_items_s01,132.0,7920.0
1min,68,sorted_items_s01,155.0,9300.0
1min,69,sorted_items_s01,156.0,9360.0
1min,70,sorted_items_s01,164.0,9840.0
1min,71,sorted_items_s01,124.0,7440.0
1min,72,sorted_items_s01,155.0,9300.0
1min,73,sorted_items_s01,140.0,8400.0
1min,74,sorted_items_s01,156.0,9360.0
1min,75,sorted_items_s01,136.0,8160.0
1min,76,sorted_items_s01,162.0,9720.0
1min,77,sorted_items_s01,137.0,8220.0
1min,78,sorted_items_s01,143.0,8580.0
1min,79,sorted_items_s01,154.0,9240.0
1min,80,sorted_items_s01,142.0,8520.0
1min,81,sorted_items_s01,150.0,9000.0
1min,82,sorted_items_s01,129.0,7740.0
1min,83,sorted_items_s01,135.0,8100.0
1min,84,sorted_items_s01,146.0,8760.0
1min,85,sorted_items_s01,144.0,8640.0
1min,86,sorted_items_s01,132.0,7920.0
1min,87,sorted_items_s01,116.0,6960.0
1min,88,sorted_items_s01,157.0,9420.0
1min,89,sorted_items_s01,160.0,9600.0
1min,90,sorted_items_s01,139.0,8340.0
1min,91,sorted_items_s01,136.0,8160.0
1min,92,sorted_items_s01,147.0,8820.0
1min,93,sorted_items_s01,136.0,8160.0
1min,94,sorted_items_s01,157.0,9420.0
1min,95,sorted_items_s01,146.0,8760.0
1min,96,sorted_items_s01,144.0,8640.0
1min,97,sorted_items_s01,138.0,8280.0
1min,98,sorted_items_s01,139.0,8340.0
1min,99,sorted_items_s01,140.0,8400.0
1min,100,sorted_items_s01,158.0,9480.0
1min,101,sorted_items_s01,140.0,8400.0
1min,102,sorted_items_s01,151.0,9060.0
1min,103,sorted_items_s01,147.0,8820.0
1min,104,sorted_items_s01,127.0,7620.0
1min,105,sorted_items_s01,122.0,7320.0
1min,106,sorted_items_s01,161.0,9660.0
1min,107,sorted_items_s01,142.0,8520.0
1min,108,sorted_items_s01,155.0,9300.0
1min,109,sorted_items_s01,158.0,9480.0
1min,110,sorted_items_s01,131.0,7860.0
1min,111,sorted_items_s01,140.0,8400.0
1min,112,sorted_items_s01,148.0,8880.0
1min,113,sorted_items_s01,139.0,8340.0
1min,114,sorted_items_s01,148.0,8880.0
1min,115,sorted_items_s01,160.0,9600.0
1min,116,sorted_items_s01,126.0,7560.0
1min,117,sorted_items_s01,152.0,9120.0
1min,118,sorted_items_s01,152.0,9120.0
1min,119,sorted_items_s01,158.0,9480.0
1min,4,sorted_items_s02,104.0,6240.0
1min,5,sorted_items_s02,144.0,8640.0
1min,6,sorted_items_s02,145.0,8700.0
1min,7,sorted_items_s02,165.0,9900.0
1min,8,sorted_items_s02,151.0,9060.0
1min,9,sorted_items_s02,153.0,9180.0
1min,10,sorted_items_s02,135.0,8100.0
1min,11,sorted_items_s02,119.0,7140.0
1min,12,sorted_items_s02,142.0,8520.0
1min,13,sorted_items_s02,152.0,9120.0
1min,14,sorted_items_s02,154.0,9240.0
1min,15,sorted_items_s02,133.0,7980.0
1min,16,sorted_items_s02,139.0,8340.0
1min,17,sorted_items_s02,154.0,9240.0
1min,18,sorted_items_s02,164.0,9840.0
1min,19,sorted_items_s02,149.0,8940.0
1min,20,sorted_items_s02,148.0,8880.0
1min,21,sorted_items_s02,139.0,8340.0
1min,22,sorted_items_s02,150.0,9000.0
1min,23,sorted_items_s02,141.0,8460.0
1min,24,sorted_items_s02,155.0,9300.0
1min,25,sorted_items_s02,150.0,9000.0
1min,26,sorted_items_s02,124.0,7440.0
1min,27,sorted_items_s02,156.0,9360.0
1min,28,sorted_items_s02,148.0,8880.0
1min,29,sorted_items_s02,130.0,7800.0
1min,30,sorted_items_s02,140.0,8400.0
1min,31,sorted_items_s02,137.0,8220.0
1min,32,sorted_items_s02,155.0,9300.0
1min,33,sorted_items_s02,162.0,9720.0
1min,34,sorted_items_s02,126.0,7560.0
1min,35,sorted_items_s02,152.0,9120.0
1min,36,sorted_items_s02,133.0,7980.0
1min,37,sorted_items_s02,142.0,8520.0
1min,38,sorted_items_s02,145.0,8700.0
1min,39,sorted_items_s02,151.0,9060.0
1min,40,sorted_items_s02,158.0,9480.0
1min,41,sorted_items_s02,143.0,8580.0
1min,42,sorted_items_s02,145.0,8700.0
1min,43,sorted_items_s02,143.0,8580.0
1min,44,sorted_items_s02,147.0,8820.0
1min,45,sorted_items_s02,127.0,7620.0
1min,46,sorted_items_s02,130.0,7800.0
1min,47,sorted_items_s02,142.0,8520.0
1min,48,sorted_items_s02,140.0,8400.0
1min,49,sorted_items_s02,167.0,10020.0
1min,50,sorted_items_s02,167.0,10020.0
1min,51,sorted_items_s02,160.0,9600.0
1min,52,sorted_items_s02,154.0,9240.0
1min,53,sorted_items_s02,154.0,9240.0
1min,54,sorted_items_s02,137.0,8220.0
1min,55,sorted_items_s02,139.0,8340.0
1min,56,sorted_items_s02,144.0,8640.0
1min,57,sorted_items_s02,143.0,8580.0
1min,58,sorted_items_s02,139.0,8340.0
1min,59,sorted_items_s02,127.0,7620.0
1min,60,sorted_items_s02,137.0,8220.0
1min,61,sorted_items_s02,121.0,7260.0
1min,62,sorted_items_s02,139.0,8340.0
1min,63,sorted_items_s02,162.0,9720.0
1min,64,sorted_items_s02,151.0,9060.0
1min,65,sorted_items_s02,160.0,9600.0
1min,66,sorted_items_s02,154.0,9240.0
1min,67,sorted_items_s02,147.0,8820.0
1min,68,sorted_items_s02,142.0,8520.0
1min,69,sorted_items_s02,149.0,8940.0
1min,70,sorted_items_s02,160.0,9600.0
1min,71,sorted_items_s02,155.0,9300.0
1min,72,sorted_items_s02,152.0,9120.0
1min,73,sorted_items_s02,157.0,9420.0
1min,74,sorted_items_s02,142.0,8520.0
1min,75,sorted_items_s02,144.0,8640.0
1min,76,sorted_items_s02,158.0,9480.0
1min,77,sorted_items_s02,122.0,7320.0
1min,78,sorted_items_s02,131.0,7860.0
1min,79,sorted_items_s02,133.0,7980.0
1min,80,sorted_items_s02,140.0,8400.0
1min,81,sorted_items_s02,141.0,8460.0
1min,82,sorted_items_s02,134.0,8040.0
1min,83,sorted_items_s02,126.0,7560.0
1min,84,sorted_items_s02,156.0,9360.0
1min,85,sorted_items_s02,132.0,7920.0
1min,86,sorted_items_s02,145.0,8700.0
1min,87,sorted_items_s02,137.0,8220.0
1min,88,sorted_items_s02,152.0,9120.0
1min,89,sorted_items_s02,149.0,8940.0
1min,90,sorted_items_s02,153.0,9180.0
1min,91,sorted_items_s02,148.0,8880.0
1min,92,sorted_items_s02,161.0,9660.0
1min,93,sorted_items_s02,135.0,8100.0
1min,94,sorted_items_s02,111.0,6660.0
1min,95,sorted_items_s02,136.0,8160.0
1min,96,sorted_items_s02,147.0,8820.0
1min,97,sorted_items_s02,161.0,9660.0
1min,98,sorted_items_s02,147.0,8820.0
1min,99,sorted_items_s02,141.0,8460.0
1min,100,sorted_items_s02,143.0,8580.0
1min,101,sorted_items_s02,160.0,9600.0
1min,102,sorted_items_s02,146.0,8760.0
1min,103,sorted_items_s02,150.0,9000.0
1min,104,sorted_items_s02,120.0,7200.0
1min,105,sorted_items_s02,153.0,9180.0
1min,106,sorted_items_s02,129.0,7740.0
1min,107,sorted_items_s02,141.0,8460.0
1min,108,sorted_items_s02,127.0,7620.0
1min,109,sorted_items_s02,124.0,7440.0
1min,110,sorted_items_s02,143.0,8580.0
1min,111,sorted_items_s02,155.0,9300.0
1min,112,sorted_items_s02,154.0,9240.0
1min,113,sorted_items_s02,133.0,7980.0
1min,114,sorted_items_s02,152.0,9120.0
1min,115,sorted_items_s02,159.0,9540.0
1min,116,sorted_items_s02,153.0,9180.0
1min,117,sorted_items_s02,136.0,8160.0
1min,118,sorted_items_s02,125.0,7500.0
1min,119,sorted_items_s02,151.0,9060.0
1min,4,sorted_items_s03,111.0,6660.0
1min,5,sorted_items_s03,154.0,9240.0
1min,6,sorted_items_s03,131.0,7860.0
1min,7,sorted_items_s03,147.0,8820.0
1min,8,sorted_items_s03,145.0,8700.0
1min,9,sorted_items_s03,141.0,8460.0
1min,10,sorted_items_s03,152.0,9120.0
1min,11,sorted_items_s03,148.0,8880.0
1min,12,sorted_items_s03,152.0,9120.0
1min,13,sorted_items_s03,125.0,7500.0
1min,14,sorted_items_s03,139.0,8340.0
1min,15,sorted_items_s03,146.0,8760.0
1min,16,sorted_items_s03,151.0,9060.0
1min,17,sorted_items_s03,144.0,8640.0
1min,18,sorted_items_s03,142.0,8520.0
1min,19,sorted_items_s03,142.0,8520.0
1min,20,sorted_items_s03,140.0,8400.0
1min,21,sorted_items_s03,138.0,8280.0
1min,22,sorted_items_s03,142.0,8520.0
1min,23,sorted_items_s03,145.0,8700.0
1min,24,sorted_items_s03,134.0,8040.0
1min,25,sorted_items_s03,150.0,9000.0
1min,26,sorted_items_s03,125.0,7500.0
1min,27,sorted_items_s03,144.0,8640.0
1min,28,sorted_items_s03,123.0,7380.0
1min,29,sorted_items_s03,145.0,8700.0
1min,30,sorted_items_s03,146.0,8760.0
1min,31,sorted_items_s03,147.0,8820.0
1min,32,sorted_items_s03,117.0,7020.0
1min,33,sorted_items_s03,137.0,8220.0
1min,34,sorted_items_s03,152.0,9120.0
1min,35,sorted_items_s03,152.0,9120.0
1min,36,sorted_items_s03,169.0,10140.0
1min,37,sorted_items_s03,140.0,8400.0
1min,38,sorted_items_s03,140.0,8400.0
1min,39,sorted_items_s03,154.0,9240.0
1min,40,sorted_items_s03,154.0,9240.0
1min,41,sorted_items_s03,126.0,7560.0
1min,42,sorted_items_s03,148.0,8880.0
1min,43,sorted_items_s03,150.0,9000.0
1min,44,sorted_items_s03,143.0,8580.0
1min,45,sorted_items_s03,129.0,7740.0
1min,46,sorted_items_s03,142.0,8520.0
1min,47,sorted_items_s03,136.0,8160.0
1min,48,sorted_items_s03,140.0,8400.0
1min,49,sorted_items_s03,152.0,9120.0
1min,50,sorted_items_s03,127.0,7620.0
1min,51,sorted_items_s03,159.0,9540.0
1min,52,sorted_items_s03,156.0,9360.0
1min,53,sorted_items_s03,124.0,7440.0
1min,54,sorted_items_s03,162.0,9720.0
1min,55,sorted_items_s03,143.0,8580.0
1min,56,sorted_items_s03,148.0,8880.0
1min,57,sorted_items_s03,152.0,9120.0
1min,58,sorted_items_s03,167.0,10020.0
1min,59,sorted_items_s03,158.0,9480.0
1min,60,sorted_items_s03,133.0,7980.0
1min,61,sorted_items_s03,138.0,8280.0
1min,62,sorted_items_s03,128.0,7680.0
1min,63,sorted_items_s03,136.0,8160.0
1min,64,sorted_items_s03,145.0,8700.0
1min,65,sorted_items_s03,141.0,8460.0
1min,66,sorted_items_s03,140.0,8400.0
1min,67,sorted_items_s03,161.0,9660.0
1min,68,sorted_items_s03,146.0,8760.0
1min,69,sorted_items_s03,157.0,9420.0
1min,70,sorted_items_s03,157.0,9420.0
1min,71,sorted_items_s03,150.0,9000.0
1min,72,sorted_items_s03,120.0,7200.0
1min,73,sorted_items_s03,145.0,8700.0
1min,74,sorted_items_s03,143.0,8580.0
1min,75,sorted_items_s03,141.0,8460.0
1min,76,sorted_items_s03,138.0,8280.0
1min,77,sorted_items_s03,158.0,9480.0
1min,78,sorted_items_s03,141.0,8460.0
1min,79,sorted_items_s03,133.0,7980.0
1min,80,sorted_items_s03,125.0,7500.0
1min,81,sorted_items_s03,135.0,8100.0
1min,82,sorted_items_s03,163.0,9780.0
1min,83,sorted_items_s03,146.0,8760.0
1min,84,sorted_items_s03,134.0,8040.0
1min,85,sorted_items_s03,141.0,8460.0
1min,86,sorted_items_s03,146.0,8760.0
1min,87,sorted_items_s03,137.0,8220.0
1min,88,sorted_items_s03,135.0,8100.0
1min,89,sorted_items_s03,148.0,8880.0
1min,90,sorted_items_s03,151.0,9060.0
1min,91,sorted_items_s03,136.0,8160.0
1min,92,sorted_items_s03,141.0,8460.0
1min,93,sorted_items_s03,138.0,8280.0
1min,94,sorted_items_s03,148.0,8880.0
1min,95,sorted_items_s03,129.0,7740.0
1min,96,sorted_items_s03,141.0,8460.0
1min,97,sorted_items_s03,138.0,8280.0
1min,98,sorted_items_s03,141.0,8460.0
1min,99,sorted_items_s03,146.0,8760.0
1min,100,sorted_items_s03,134.0,8040.0
1min,101,sorted_items_s03,122.0,7320.0
1min,102,sorted_items_s03,159.0,9540.0
1min,103,sorted_items_s03,152.0,9120.0
1min,104,sorted_items_s03,149.0,8940.0
1min,105,sorted_items_s03,132.0,7920.0
1min,106,sorted_items_s03,139.0,8340.0
1min,107,sorted_items_s03,143.0,8580.0
1min,108,sorted_items_s03,146.0,8760.0
1min,109,sorted_items_s03,136.0,8160.0
1min,110,sorted_items_s03,144.0,8640.0
1min,111,sorted_items_s03,149.0,8940.0
1min,112,sorted_items_s03,153.0,9180.0
1min,113,sorted_items_s03,152.0,9120.0
1min,114,sorted_items_s03,126.0,7560.0
1min,115,sorted_items_s03,139.0,8340.0
1min,116,sorted_items_s03,145.0,8700.0
1min,117,sorted_items_s03,154.0,9240.0
1min,118,sorted_items_s03,152.0,9120.0
1min,119,sorted_items_s03,154.0,9240.0
1min,4,sorted_items_s04,91.0,5460.0
1min,5,sorted_items_s04,134.0,8040.0
1min,6,sorted_items_s04,149.0,8940.0
1min,7,sorted_items_s04,133.0,7980.0
1min,8,sorted_items_s04,133.0,7980.0
1min,9,sorted_items_s04,136.0,8160.0
1min,10,sorted_items_s04,145.0,8700.0
1min,11,sorted_items_s04,141.0,8460.0
1min,12,sorted_items_s04,123.0,7380.0
1min,13,sorted_items_s04,135.0,8100.0
1min,14,sorted_items_s04,156.0,9360.0
1min,15,sorted_items_s04,132.0,7920.0
1min,16,sorted_items_s04,145.0,8700.0
1min,17,sorted_items_s04,168.0,10080.0
1min,18,sorted_items_s04,141.0,8460.0
1min,19,sorted_items_s04,157.0,9420.0
1min,20,sorted_items_s04,158.0,9480.0
1min,21,sorted_items_s04,143.0,8580.0
1min,22,sorted_items_s04,138.0,8280.0
1min,23,sorted_items_s04,132.0,7920.0
1min,24,sorted_items_s04,143.0,8580.0
1min,25,sorted_items_s04,142.0,8520.0
1min,26,sorted_items_s04,149.0,8940.0
1min,27,sorted_items_s04,145.0,8700.0
1min,28,sorted_items_s04,147.0,8820.0
1min,29,sorted_items_s04,156.0,9360.0
1min,30,sorted_items_s04,146.0,8760.0
1min,31,sorted_items_s04,148.0,8880.0
1min,32,sorted_items_s04,137.0,8220.0
1min,33,sorted_items_s04,134.0,8040.0
1min,34,sorted_items_s04,139.0,8340.0
1min,35,sorted_items_s04,163.0,9780.0
1min,36,sorted_items_s04,162.0,9720.0
1min,37,sorted_items_s04,140.0,8400.0
1min,38,sorted_items_s04,140.0,8400.0
1min,39,sorted_items_s04,145.0,8700.0
1min,40,sorted_items_s04,142.0,8520.0
1min,41,sorted_items_s04,154.0,9240.0
1min,42,sorted_items_s04,148.0,8880.0
1min,43,sorted_items_s04,142.0,8520.0
1min,44,sorted_items_s04,155.0,9300.0
1min,45,sorted_items_s04,154.0,9240.0
1min,46,sorted_items_s04,148.0,8880.0
1min,47,sorted_items_s04,145.0,8700.0
1min,48,sorted_items_s04,129.0,7740.0
1min,49,sorted_items_s04,129.0,7740.0
1min,50,sorted_items_s04,165.0,9900.0
1min,51,sorted_items_s04,143.0,8580.0
1min,52,sorted_items_s04,153.0,9180.0
1min,53,sorted_items_s04,162.0,9720.0
1min,54,sorted_items_s04,143.0,8580.0
1min,55,sorted_items_s04,168.0,10080.0
1min,56,sorted_items_s04,143.0,8580.0
1min,57,sorted_items_s04,154.0,9240.0
1min,58,sorted_items_s04,137.0,8220.0
1min,59,sorted_items_s04,131.0,7860.0
1min,60,sorted_items_s04,152.0,9120.0
1min,61,sorted_items_s04,109.0,6540.0
1min,62,sorted_items_s04,141.0,8460.0
1min,63,sorted_items_s04,128.0,7680.0
1min,64,sorted_items_s04,140.0,8400.0
1min,65,sorted_items_s04,140.0,8400.0
1min,66,sorted_items_s04,153.0,9180.0
1min,67,sorted_items_s04,144.0,8640.0
1min,68,sorted_items_s04,131.0,7860.0
1min,69,sorted_items_s04,132.0,7920.0
1min,70,sorted_items_s04,134.0,8040.0
1min,71,sorted_items_s04,146.0,8760.0
1min,72,sorted_items_s04,168.0,10080.0
1min,73,sorted_items_s04,155.0,9300.0
1min,74,sorted_items_s04,130.0,7800.0
1min,75,sorted_items_s04,154.0,9240.0
1min,76,sorted_items_s04,142.0,8520.0
1min,77,sorted_items_s04,125.0,7500.0
1min,78,sorted_items_s04,161.0,9660.0
1min,79,sorted_items_s04,148.0,8880.0
1min,80,sorted_items_s04,141.0,8460.0
1min,81,sorted_items_s04,159.0,9540.0
1min,82,sorted_items_s04,137.0,8220.0
1min,83,sorted_items_s04,138.0,8280.0
1min,84,sorted_items_s04,131.0,7860.0
1min,85,sorted_items_s04,148.0,8880.0
1min,86,sorted_items_s04,156.0,9360.0
1min,87,sorted_items_s04,132.0,7920.0
1min,88,sorted_items_s04,141.0,8460.0
1min,89,sorted_items_s04,144.0,8640.0
1min,90,sorted_items_s04,136.0,8160.0
1min,91,sorted_items_s04,141.0,8460.0
1min,92,sorted_items_s04,152.0,9120.0
1min,93,sorted_items_s04,157.0,9420.0
1min,94,sorted_items_s04,141.0,8460.0
1min,95,sorted_items_s04,145.0,8700.0
1min,96,sorted_items_s04,153.0,9180.0
1min,97,sorted_items_s04,131.0,7860.0
1min,98,sorted_items_s04,146.0,8760.0
1min,99,sorted_items_s04,148.0,8880.0
1min,100,sorted_items_s04,147.0,8820.0
1min,101,sorted_items_s04,152.0,9120.0
1min,102,sorted_items_s04,167.0,10020.0
1min,103,sorted_items_s04,153.0,9180.0
1min,104,sorted_items_s04,168.0,10080.0
1min,105,sorted_items_s04,141.0,8460.0
1min,106,sorted_items_s04,140.0,8400.0
1min,107,sorted_items_s04,140.0,8400.0
1min,108,sorted_items_s04,146.0,8760.0
1min,109,sorted_items_s04,148.0,8880.0
1min,110,sorted_items_s04,156.0,9360.0
1min,111,sorted_items_s04,149.0,8940.0
1min,112,sorted_items_s04,131.0,7860.0
1min,113,sorted_items_s04,134.0,8040.0
1min,114,sorted_items_s04,134.0,8040.0
1min,115,sorted_items_s04,132.0,7920.0
1min,116,sorted_items_s04,148.0,8880.0
1min,117,sorted_items_s04,132.0,7920.0
1min,118,sorted_items_s04,162.0,9720.0
1min,119,sorted_items_s04,146.0,8760.0
1min,4,sorted_items_s05,101.0,6060.0
1min,5,sorted_items_s05,151.0,9060.0
1min,6,sorted_items_s05,156.0,9360.0
1min,7,sorted_items_s05,133.0,7980.0
1min,8,sorted_items_s05,153.0,9180.0
1min,9,sorted_items_s05,158.0,9480.0
1min,10,sorted_items_s05,148.0,8880.0
1min,11,sorted_items_s05,154.0,9240.0
1min,12,sorted_items_s05,147.0,8820.0
1min,13,sorted_items_s05,155.0,9300.0
1min,14,sorted_items_s05,132.0,7920.0
1min,15,sorted_items_s05,142.0,8520.0
1min,16,sorted_items_s05,133.0,7980.0
1min,17,sorted_items_s05,120.0,7200.0
1min,18,sorted_items_s05,138.0,8280.0
1min,19,sorted_items_s05,139.0,8340.0
1min,20,sorted_items_s05,133.0,7980.0
1min,21,sorted_items_s05,162.0,9720.0
1min,22,sorted_items_s05,142.0,8520.0
1min,23,sorted_items_s05,148.0,8880.0
1min,24,sorted_items_s05,129.0,7740.0
1min,25,sorted_items_s05,144.0,8640.0
1min,26,sorted_items_s05,143.0,8580.0
1min,27,sorted_items_s05,142.0,8520.0
1min,28,sorted_items_s05,139.0,8340.0
1min,29,sorted_items_s05,153.0,9180.0
1min,30,sorted_items_s05,144.0,8640.0
1min,31,sorted_items_s05,139.0,8340.0
1min,32,sorted_items_s05,149.0,8940.0
1min,33,sorted_items_s05,157.0,9420.0
1min,34,sorted_items_s05,145.0,8700.0
1min,35,sorted_items_s05,134.0,8040.0
1min,36,sorted_items_s05,157.0,9420.0
1min,37,sorted_items_s05,152.0,9120.0
1min,38,sorted_items_s05,140.0,8400.0
1min,39,sorted_items_s05,148.0,8880.0
1min,40,sorted_items_s05,136.0,8160.0
1min,41,sorted_items_s05,125.0,7500.0
1min,42,sorted_items_s05,136.0,8160.0
1min,43,sorted_items_s05,149.0,8940.0
1min,44,sorted_items_s05,166.0,9960.0
1min,45,sorted_items_s05,160.0,9600.0
1min,46,sorted_items_s05,168.0,10080.0
1min,47,sorted_items_s05,167.0,10020.0
1min,48,sorted_items_s05,140.0,8400.0
1min,49,sorted_items_s05,119.0,7140.0
1min,50,sorted_items_s05,129.0,7740.0
1min,51,sorted_items_s05,166.0,9960.0
1min,52,sorted_items_s05,143.0,8580.0
1min,53,sorted_items_s05,138.0,8280.0
1min,54,sorted_items_s05,134.0,8040.0
1min,55,sorted_items_s05,148.0,8880.0
1min,56,sorted_items_s05,145.0,8700.0
1min,57,sorted_items_s05,142.0,8520.0
1min,58,sorted_items_s05,150.0,9000.0
1min,59,sorted_items_s05,139.0,8340.0
1min,60,sorted_items_s05,163.0,9780.0
1min,61,sorted_items_s05,140.0,8400.0
1min,62,sorted_items_s05,155.0,9300.0
1min,63,sorted_items_s05,149.0,8940.0
1min,64,sorted_items_s05,134.0,8040.0
1min,65,sorted_items_s05,145.0,8700.0
1min,66,sorted_items_s05,148.0,8880.0
1min,67,sorted_items_s05,136.0,8160.0
1min,68,sorted_items_s05,149.0,8940.0
1min,69,sorted_items_s05,144.0,8640.0
1min,70,sorted_items_s05,129.0,7740.0
1min,71,sorted_items_s05,138.0,8280.0
1min,72,sorted_items_s05,141.0,8460.0
1min,73,sorted_items_s05,130.0,7800.0
1min,74,sorted_items_s05,154.0,9240.0
1min,75,sorted_items_s05,139.0,8340.0
1min,76,sorted_items_s05,129.0,7740.0
1min,77,sorted_items_s05,141.0,8460.0
1min,78,sorted_items_s05,149.0,8940.0
1min,79,sorted_items_s05,151.0,9060.0
1min,80,sorted_items_s05,135.0,8100.0
1min,81,sorted_items_s05,123.0,7380.0
1min,82,sorted_items_s05,144.0,8640.0
1min,83,sorted_items_s05,154.0,9240.0
1min,84,sorted_items_s05,147.0,8820.0
1min,85,sorted_items_s05,164.0,9840.0
1min,86,sorted_items_s05,144.0,8640.0
1min,87,sorted_items_s05,142.0,8520.0
1min,88,sorted_items_s05,143.0,8580.0
1min,89,sorted_items_s05,161.0,9660.0
1min,90,sorted_items_s05,157.0,9420.0
1min,91,sorted_items_s05,155.0,9300.0
1min,92,sorted_items_s05,162.0,9720.0
1min,93,sorted_items_s05,141.0,8460.0
1min,94,sorted_items_s05,134.0,8040.0
1min,95,sorted_items_s05,162.0,9720.0
1min,96,sorted_items_s05,153.0,9180.0
1min,97,sorted_items_s05,162.0,9720.0
1min,98,sorted_items_s05,142.0,8520.0
1min,99,sorted_items_s05,149.0,8940.0
1min,100,sorted_items_s05,153.0,9180.0
1min,101,sorted_items_s05,149.0,8940.0
1min,102,sorted_items_s05,135.0,8100.0
1min,103,sorted_items_s05,137.0,8220.0
1min,104,sorted_items_s05,135.0,8100.0
1min,105,sorted_items_s05,156.0,9360.0
1min,106,sorted_items_s05,156.0,9360.0
1min,107,sorted_items_s05,139.0,8340.0
1min,108,sorted_items_s05,152.0,9120.0
1min,109,sorted_items_s05,135.0,8100.0
1min,110,sorted_items_s05,157.0,9420.0
1min,111,sorted_items_s05,130.0,7800.0
1min,112,sorted_items_s05,132.0,7920.0
1min,113,sorted_items_s05,147.0,8820.0
1min,114,sorted_items_s05,141.0,8460.0
1min,115,sorted_items_s05,158.0,9480.0
1min,116,sorted_items_s05,147.0,8820.0
1min,117,sorted_items_s05,140.0,8400.0
1min,118,sorted_items_s05,137.0,8220.0
1min,119,sorted_items_s05,123.0,7380.0
1min,4,sorted_items_s06,104.0,6240.0
1min,5,sorted_items_s06,134.0,8040.0
1min,6,sorted_items_s06,146.0,8760.0
1min,7,sorted_items_s06,130.0,7800.0
1min,8,sorted_items_s06,129.0,7740.0
1min,9,sorted_items_s06,134.0,8040.0
1min,10,sorted_items_s06,151.0,9060.0
1min,11,sorted_items_s06,149.0,8940.0
1min,12,sorted_items_s06,147.0,8820.0
1min,13,sorted_items_s06,142.0,8520.0
1min,14,sorted_items_s06,142.0,8520.0
1min,15,sorted_items_s06,150.0,9000.0
1min,16,sorted_items_s06,129.0,7740.0
1min,17,sorted_items_s06,149.0,8940.0
1min,18,sorted_items_s06,146.0,8760.0
1min,19,sorted_items_s06,138.0,8280.0
1min,20,sorted_items_s06,158.0,9480.0
1min,21,sorted_items_s06,130.0,7800.0
1min,22,sorted_items_s06,140.0,8400.0
1min,23,sorted_items_s06,129.0,7740.0
1min,24,sorted_items_s06,157.0,9420.0
1min,25,sorted_items_s06,133.0,7980.0
1min,26,sorted_items_s06,144.0,8640.0
1min,27,sorted_items_s06,152.0,9120.0
1min,28,sorted_items_s06,148.0,8880.0
1min,29,sorted_items_s06,130.0,7800.0
1min,30,sorted_items_s06,129.0,7740.0
1min,31,sorted_items_s06,139.0,8340.0
1min,32,sorted_items_s06,155.0,9300.0
1min,33,sorted_items_s06,150.0,9000.0
1min,34,sorted_items_s06,141.0,8460.0
1min,35,sorted_items_s06,154.0,9240.0
1min,36,sorted_items_s06,147.0,8820.0
1min,37,sorted_items_s06,124.0,7440.0
1min,38,sorted_items_s06,157.0,9420.0
1min,39,sorted_items_s06,143.0,8580.0
1min,40,sorted_items_s06,161.0,9660.0
1min,41,sorted_items_s06,158.0,9480.0
1min,42,sorted_items_s06,146.0,8760.0
1min,43,sorted_items_s06,136.0,8160.0
1min,44,sorted_items_s06,140.0,8400.0
1min,45,sorted_items_s06,141.0,8460.0
1min,46,sorted_items_s06,151.0,9060.0
1min,47,sorted_items_s06,137.0,8220.0
1min,48,sorted_items_s06,136.0,8160.0
1min,49,sorted_items_s06,138.0,8280.0
1min,50,sorted_items_s06,132.0,7920.0
1min,51,sorted_items_s06,147.0,8820.0
1min,52,sorted_items_s06,140.0,8400.0
1min,53,sorted_items_s06,151.0,9060.0
1min,54,sorted_items_s06,140.0,8400.0
1min,55,sorted_items_s06,136.0,8160.0
1min,56,sorted_items_s06,148.0,8880.0
1min,57,sorted_items_s06,148.0,8880.0
1min,58,sorted_items_s06,135.0,8100.0
1min,59,sorted_items_s06,142.0,8520.0
1min,60,sorted_items_s06,147.0,8820.0
1min,61,sorted_items_s06,140.0,8400.0
1min,62,sorted_items_s06,142.0,8520.0
1min,63,sorted_items_s06,130.0,7800.0
1min,64,sorted_items_s06,127.0,7620.0
1min,65,sorted_items_s06,138.0,8280.0
1min,66,sorted_items_s06,148.0,8880.0
1min,67,sorted_items_s06,152.0,9120.0
1min,68,sorted_items_s06,147.0,8820.0
1min,69,sorted_items_s06,125.0,7500.0
1min,70,sorted_items_s06,131.0,7860.0
1min,71,sorted_items_s06,139.0,8340.0
1min,72,sorted_items_s06,131.0,7860.0
1min,73,sorted_items_s06,138.0,8280.0
1min,74,sorted_items_s06,134.0,8040.0
1min,75,sorted_items_s06,134.0,8040.0
1min,76,sorted_items_s06,139.0,8340.0
1min,77,sorted_items_s06,148.0,8880.0
1min,78,sorted_items_s06,130.0,7800.0
1min,79,sorted_items_s06,125.0,7500.0
1min,80,sorted_items_s06,163.0,9780.0
1min,81,sorted_items_s06,149.0,8940.0
1min,82,sorted_items_s06,148.0,8880.0
1min,83,sorted_items_s06,134.0,8040.0
1min,84,sorted_items_s06,126.0,7560.0
1min,85,sorted_items_s06,141.0,8460.0
1min,86,sorted_items_s06,136.0,8160.0
1min,87,sorted_items_s06,155.0,9300.0
1min,88,sorted_items_s06,151.0,9060.0
1min,89,sorted_items_s06,126.0,7560.0
1min,90,sorted_items_s06,150.0,9000.0
1min,91,sorted_items_s06,140.0,8400.0
1min,92,sorted_items_s06,127.0,7620.0
1min,93,sorted_items_s06,137.0,8220.0
1min,94,sorted_items_s06,151.0,9060.0
1min,95,sorted_items_s06,156.0,9360.0
1min,96,sorted_items_s06,136.0,8160.0
1min,97,sorted_items_s06,145.0,8700.0
1min,98,sorted_items_s06,119.0,7140.0
1min,99,sorted_items_s06,166.0,9960.0
1min,100,sorted_items_s06,155.0,9300.0
1min,101,sorted_items_s06,152.0,9120.0
1min,102,sorted_items_s06,117.0,7020.0
1min,103,sorted_items_s06,140.0,8400.0
1min,104,sorted_items_s06,150.0,9000.0
1min,105,sorted_items_s06,140.0,8400.0
1min,106,sorted_items_s06,154.0,9240.0
1min,107,sorted_items_s06,129.0,7740.0
1min,108,sorted_items_s06,134.0,8040.0
1min,109,sorted_items_s06,128.0,7680.0
1min,110,sorted_items_s06,133.0,7980.0
1min,111,sorted_items_s06,147.0,8820.0
1min,112,sorted_items_s06,153.0,9180.0
1min,113,sorted_items_s06,142.0,8520.0
1min,114,sorted_items_s06,160.0,9600.0
1min,115,sorted_items_s06,139.0,8340.0
1min,116,sorted_items_s06,145.0,8700.0
1min,117,sorted_items_s06,125.0,7500.0
1min,118,sorted_items_s06,128.0,7680.0
1min,119,sorted_items_s06,146.0,8760.0
1min,4,sorted_items_s07,99.0,5940.0
1min,5,sorted_items_s07,155.0,9300.0
1min,6,sorted_items_s07,140.0,8400.0
1min,7,sorted_items_s07,150.0,9000.0
1min,8,sorted_items_s07,165.0,9900.0
1min,9,sorted_items_s07,143.0,8580.0
1min,10,sorted_items_s07,131.0,7860.0
1min,11,sorted_items_s07,157.0,9420.0
1min,12,sorted_items_s07,158.0,9480.0
1min,13,sorted_items_s07,158.0,9480.0
1min,14,sorted_items_s07,143.0,8580.0
1min,15,sorted_items_s07,151.0,9060.0
1min,16,sorted_items_s07,147.0,8820.0
1min,17,sorted_items_s07,150.0,9000.0
1min,18,sorted_items_s07,163.0,9780.0
1min,19,sorted_items_s07,164.0,9840.0
1min,20,sorted_items_s07,139.0,8340.0
1min,21,sorted_items_s07,153.0,9180.0
1min,22,sorted_items_s07,145.0,8700.0
1min,23,sorted_items_s07,160.0,9600.0
1min,24,sorted_items_s07,126.0,7560.0
1min,25,sorted_items_s07,156.0,9360.0
1min,26,sorted_items_s07,135.0,8100.0
1min,27,sorted_items_s07,114.0,6840.0
1min,28,sorted_items_s07,137.0,8220.0
1min,29,sorted_items_s07,129.0,7740.0
1min,30,sorted_items_s07,133.0,7980.0
1min,31,sorted_items_s07,121.0,7260.0
1min,32,sorted_items_s07,130.0,7800.0
1min,33,sorted_items_s07,143.0,8580.0
1min,34,sorted_items_s07,151.0,9060.0
1min,35,sorted_items_s07,133.0,7980.0
1min,36,sorted_items_s07,156.0,9360.0
1min,37,sorted_items_s07,128.0,7680.0
1min,38,sorted_items_s07,142.0,8520.0
1min,39,sorted_items_s07,141.0,8460.0
1min,40,sorted_items_s07,148.0,8880.0
1min,41,sorted_items_s07,159.0,9540.0
1min,42,sorted_items_s07,135.0,8100.0
1min,43,sorted_items_s07,154.0,9240.0
1min,44,sorted_items_s07,121.0,7260.0
1min,45,sorted_items_s07,154.0,9240.0
1min,46,sorted_items_s07,148.0,8880.0
1min,47,sorted_items_s07,132.0,7920.0
1min,48,sorted_items_s07,153.0,9180.0
1min,49,sorted_items_s07,135.0,8100.0
1min,50,sorted_items_s07,140.0,8400.0
1min,51,sorted_items_s07,141.0,8460.0
1min,52,sorted_items_s07,137.0,8220.0
1min,53,sorted_items_s07,135.0,8100.0
1min,54,sorted_items_s07,149.0,8940.0
1min,55,sorted_items_s07,133.0,7980.0
1min,56,sorted_items_s07,141.0,8460.0
1min,57,sorted_items_s07,133.0,7980.0
1min,58,sorted_items_s07,131.0,7860.0
1min,59,sorted_items_s07,140.0,8400.0
1min,60,sorted_items_s07,150.0,9000.0
1min,61,sorted_items_s07,169.0,10140.0
1min,62,sorted_items_s07,146.0,8760.0
1min,63,sorted_items_s07,141.0,8460.0
1min,64,sorted_items_s07,163.0,9780.0
1min,65,sorted_items_s07,156.0,9360.0
1min,66,sorted_items_s07,144.0,8640.0
1min,67,sorted_items_s07,147.0,8820.0
1min,68,sorted_items_s07,137.0,8220.0
1min,69,sorted_items_s07,156.0,9360.0
1min,70,sorted_items_s07,137.0,8220.0
1min,71,sorted_items_s07,136.0,8160.0
1min,72,sorted_items_s07,155.0,9300.0
1min,73,sorted_items_s07,150.0,9000.0
1min,74,sorted_items_s07,143.0,8580.0
1min,75,sorted_items_s07,153.0,9180.0
1min,76,sorted_items_s07,134.0,8040.0
1min,77,sorted_items_s07,149.0,8940.0
1min,78,sorted_items_s07,160.0,9600.0
1min,79,sorted_items_s07,160.0,9600.0
1min,80,sorted_items_s07,153.0,9180.0
1min,81,sorted_items_s07,145.0,8700.0
1min,82,sorted_items_s07,165.0,9900.0
1min,83,sorted_items_s07,153.0,9180.0
1min,84,sorted_items_s07,158.0,9480.0
1min,85,sorted_items_s07,157.0,9420.0
1min,86,sorted_items_s07,159.0,9540.0
1min,87,sorted_items_s07,140.0,8400.0
1min,88,sorted_items_s07,162.0,9720.0
1min,89,sorted_items_s07,139.0,8340.0
1min,90,sorted_items_s07,131.0,7860.0
1min,91,sorted_items_s07,131.0,7860.0
1min,92,sorted_items_s07,140.0,8400.0
1min,93,sorted_items_s07,145.0,8700.0
1min,94,sorted_items_s07,158.0,9480.0
1min,95,sorted_items_s07,133.0,7980.0
1min,96,sorted_items_s07,132.0,7920.0
1min,97,sorted_items_s07,136.0,8160.0
1min,98,sorted_items_s07,143.0,8580.0
1min,99,sorted_items_s07,148.0,8880.0
1min,100,sorted_items_s07,144.0,8640.0
1min,101,sorted_items_s07,116.0,6960.0
1min,102,sorted_items_s07,142.0,8520.0
1min,103,sorted_items_s07,149.0,8940.0
1min,104,sorted_items_s07,141.0,8460.0
1min,105,sorted_items_s07,140.0,8400.0
1min,106,sorted_items_s07,147.0,8820.0
1min,107,sorted_items_s07,138.0,8280.0
1min,108,sorted_items_s07,123.0,7380.0
1min,109,sorted_items_s07,148.0,8880.0
1min,110,sorted_items_s07,128.0,7680.0
1min,111,sorted_items_s07,149.0,8940.0
1min,112,sorted_items_s07,157.0,9420.0
1min,113,sorted_items_s07,135.0,8100.0
1min,114,sorted_items_s07,153.0,9180.0
1min,115,sorted_items_s07,141.0,8460.0
1min,116,sorted_items_s07,151.0,9060.0
1min,117,sorted_items_s07,147.0,8820.0
1min,118,sorted_items_s07,151.0,9060.0
1min,119,sorted_items_s07,146.0,8760.0
1min,4,sorted_items_s08,100.0,6000.0
1min,5,sorted_items_s08,150.0,9000.0
1min,6,sorted_items_s08,137.0,8220.0
1min,7,sorted_items_s08,138.0,8280.0
1min,8,sorted_items_s08,144.0,8640.0
1min,9,sorted_items_s08,125.0,7500.0
1min,10,sorted_items_s08,144.0,8640.0
1min,11,sorted_items_s08,155.0,9300.0
1min,12,sorted_items_s08,157.0,9420.0
1min,13,sorted_items_s08,134.0,8040.0
1min,14,sorted_items_s08,117.0,7020.0
1min,15,sorted_items_s08,165.0,9900.0
1min,16,sorted_items_s08,159.0,9540.0
1min,17,sorted_items_s08,149.0,8940.0
1min,18,sorted_items_s08,146.0,8760.0
1min,19,sorted_items_s08,142.0,8520.0
1min,20,sorted_items_s08,136.0,8160.0
1min,21,sorted_items_s08,145.0,8700.0
1min,22,sorted_items_s08,152.0,9120.0
1min,23,sorted_items_s08,149.0,8940.0
1min,24,sorted_items_s08,137.0,8220.0
1min,25,sorted_items_s08,142.0,8520.0
1min,26,sorted_items_s08,154.0,9240.0
1min,27,sorted_items_s08,153.0,9180.0
1min,28,sorted_items_s08,155.0,9300.0
1min,29,sorted_items_s08,134.0,8040.0
1min,30,sorted_items_s08,137.0,8220.0
1min,31,sorted_items_s08,150.0,9000.0
1min,32,sorted_items_s08,142.0,8520.0
1min,33,sorted_items_s08,124.0,7440.0
1min,34,sorted_items_s08,130.0,7800.0
1min,35,sorted_items_s08,120.0,7200.0
1min,36,sorted_items_s08,145.0,8700.0
1min,37,sorted_items_s08,141.0,8460.0
1min,38,sorted_items_s08,152.0,9120.0
1min,39,sorted_items_s08,138.0,8280.0
1min,40,sorted_items_s08,123.0,7380.0
1min,41,sorted_items_s08,135.0,8100.0
1min,42,sorted_items_s08,150.0,9000.0
1min,43,sorted_items_s08,126.0,7560.0
1min,44,sorted_items_s08,145.0,8700.0
1min,45,sorted_items_s08,138.0,8280.0
1min,46,sorted_items_s08,145.0,8700.0
1min,47,sorted_items_s08,146.0,8760.0
1min,48,sorted_items_s08,125.0,7500.0
1min,49,sorted_items_s08,139.0,8340.0
1min,50,sorted_items_s08,146.0,8760.0
1min,51,sorted_items_s08,150.0,9000.0
1min,52,sorted_items_s08,154.0,9240.0
1min,53,sorted_items_s08,156.0,9360.0
1min,54,sorted_items_s08,162.0,9720.0
1min,55,sorted_items_s08,140.0,8400.0
1min,56,sorted_items_s08,152.0,9120.0
1min,57,sorted_items_s08,138.0,8280.0
1min,58,sorted_items_s08,158.0,9480.0
1min,59,sorted_items_s08,149.0,8940.0
1min,60,sorted_items_s08,132.0,7920.0
1min,61,sorted_items_s08,147.0,8820.0
1min,62,sorted_items_s08,128.0,7680.0
1min,63,sorted_items_s08,145.0,8700.0
1min,64,sorted_items_s08,145.0,8700.0
1min,65,sorted_items_s08,139.0,8340.0
1min,66,sorted_items_s08,137.0,8220.0
1min,67,sorted_items_s08,148.0,8880.0
1min,68,sorted_items_s08,144.0,8640.0
1min,69,sorted_items_s08,129.0,7740.0
1min,70,sorted_items_s08,150.0,9000.0
1min,71,sorted_items_s08,144.0,8640.0
1min,72,sorted_items_s08,115.0,6900.0
1min,73,sorted_items_s08,141.0,8460.0
1min,74,sorted_items_s08,158.0,9480.0
1min,75,sorted_items_s08,135.0,8100.0
1min,76,sorted_items_s08,127.0,7620.0
1min,77,sorted_items_s08,166.0,9960.0
1min,78,sorted_items_s08,146.0,8760.0
1min,79,sorted_items_s08,154.0,9240.0
1min,80,sorted_items_s08,162.0,9720.0
1min,81,sorted_items_s08,142.0,8520.0
1min,82,sorted_items_s08,137.0,8220.0
1min,83,sorted_items_s08,140.0,8400.0
1min,84,sorted_items_s08,143.0,8580.0
1min,85,sorted_items_s08,141.0,8460.0
1min,86,sorted_items_s08,128.0,7680.0
1min,87,sorted_items_s08,161.0,9660.0
1min,88,sorted_items_s08,135.0,8100.0
1min,89,sorted_items_s08,139.0,8340.0
1min,90,sorted_items_s08,144.0,8640.0
1min,91,sorted_items_s08,135.0,8100.0
1min,92,sorted_items_s08,146.0,8760.0
1min,93,sorted_items_s08,148.0,8880.0
1min,94,sorted_items_s08,160.0,9600.0
1min,95,sorted_items_s08,160.0,9600.0
1min,96,sorted_items_s08,155.0,9300.0
1min,97,sorted_items_s08,148.0,8880.0
1min,98,sorted_items_s08,141.0,8460.0
1min,99,sorted_items_s08,142.0,8520.0
1min,100,sorted_items_s08,122.0,7320.0
1min,101,sorted_items_s08,146.0,8760.0
1min,102,sorted_items_s08,145.0,8700.0
1min,103,sorted_items_s08,137.0,8220.0
1min,104,sorted_items_s08,139.0,8340.0
1min,105,sorted_items_s08,151.0,9060.0
1min,106,sorted_items_s08,128.0,7680.0
1min,107,sorted_items_s08,152.0,9120.0
1min,108,sorted_items_s08,158.0,9480.0
1min,109,sorted_items_s08,140.0,8400.0
1min,110,sorted_items_s08,143.0,8580.0
1min,111,sorted_items_s08,143.0,8580.0
1min,112,sorted_items_s08,155.0,9300.0
1min,113,sorted_items_s08,156.0,9360.0
1min,114,sorted_items_s08,164.0,9840.0
1min,115,sorted_items_s08,153.0,9180.0
1min,116,sorted_items_s08,154.0,9240.0
1min,117,sorted_items_s08,144.0,8640.0
1min,118,sorted_items_s08,146.0,8760.0
1min,119,sorted_items_s08,137.0,8220.0
1min,4,sorted_items_s09,91.0,5460.0
1min,5,sorted_items_s09,142.0,8520.0
1min,6,sorted_items_s09,136.0,8160.0
1min,7,sorted_items_s09,155.0,9300.0
1min,8,sorted_items_s09,122.0,7320.0
1min,9,sorted_items_s09,136.0,8160.0
1min,10,sorted_items_s09,159.0,9540.0
1min,11,sorted_items_s09,131.0,7860.0
1min,12,sorted_items_s09,139.0,8340.0
1min,13,sorted_items_s09,154.0,9240.0
1min,14,sorted_items_s09,135.0,8100.0
1min,15,sorted_items_s09,139.0,8340.0
1min,16,sorted_items_s09,152.0,9120.0
1min,17,sorted_items_s09,144.0,8640.0
1min,18,sorted_items_s09,138.0,8280.0
1min,19,sorted_items_s09,129.0,7740.0
1min,20,sorted_items_s09,146.0,8760.0
1min,21,sorted_items_s09,155.0,9300.0
1min,22,sorted_items_s09,155.0,9300.0
1min,23,sorted_items_s09,132.0,7920.0
1min,24,sorted_items_s09,137.0,8220.0
1min,25,sorted_items_s09,137.0,8220.0
1min,26,sorted_items_s09,137.0,8220.0
1min,27,sorted_items_s09,141.0,8460.0
1min,28,sorted_items_s09,144.0,8640.0
1min,29,sorted_items_s09,150.0,9000.0
1min,30,sorted_items_s09,150.0,9000.0
1min,31,sorted_items_s09,161.0,9660.0
1min,32,sorted_items_s09,135.0,8100.0
1min,33,sorted_items_s09,130.0,7800.0
1min,34,sorted_items_s09,154.0,9240.0
1min,35,sorted_items_s09,145.0,8700.0
1min,36,sorted_items_s09,136.0,8160.0
1min,37,sorted_items_s09,154.0,9240.0
1min,38,sorted_items_s09,140.0,8400.0
1min,39,sorted_items_s09,159.0,9540.0
1min,40,sorted_items_s09,149.0,8940.0
1min,41,sorted_items_s09,125.0,7500.0
1min,42,sorted_items_s09,138.0,8280.0
1min,43,sorted_items_s09,134.0,8040.0
1min,44,sorted_items_s09,140.0,8400.0
1min,45,sorted_items_s09,150.0,9000.0
1min,46,sorted_items_s09,118.0,7080.0
1min,47,sorted_items_s09,140.0,8400.0
1min,48,sorted_items_s09,141.0,8460.0
1min,49,sorted_items_s09,153.0,9180.0
1min,50,sorted_items_s09,148.0,8880.0
1min,51,sorted_items_s09,125.0,7500.0
1min,52,sorted_items_s09,129.0,7740.0
1min,53,sorted_items_s09,141.0,8460.0
1min,54,sorted_items_s09,133.0,7980.0
1min,55,sorted_items_s09,152.0,9120.0
1min,56,sorted_items_s09,136.0,8160.0
1min,57,sorted_items_s09,144.0,8640.0
1min,58,sorted_items_s09,136.0,8160.0
1min,59,sorted_items_s09,146.0,8760.0
1min,60,sorted_items_s09,138.0,8280.0
1min,61,sorted_items_s09,159.0,9540.0
1min,62,sorted_items_s09,148.0,8880.0
1min,63,sorted_items_s09,150.0,9000.0
1min,64,sorted_items_s09,154.0,9240.0
1min,65,sorted_items_s09,153.0,9180.0
1min,66,sorted_items_s09,134.0,8040.0
1min,67,sorted_items_s09,152.0,9120.0
1min,68,sorted_items_s09,142.0,8520.0
1min,69,sorted_items_s09,131.0,7860.0
1min,70,sorted_items_s09,129.0,7740.0
1min,71,sorted_items_s09,138.0,8280.0
1min,72,sorted_items_s09,153.0,9180.0
1min,73,sorted_items_s09,147.0,8820.0
1min,74,sorted_items_s09,137.0,8220.0
1min,75,sorted_items_s09,150.0,9000.0
1min,76,sorted_items_s09,155.0,9300.0
1min,77,sorted_items_s09,160.0,9600.0
1min,78,sorted_items_s09,130.0,7800.0
1min,79,sorted_items_s09,125.0,7500.0
1min,80,sorted_items_s09,150.0,9000.0
1min,81,sorted_items_s09,155.0,9300.0
1min,82,sorted_items_s09,140.0,8400.0
1min,83,sorted_items_s09,160.0,9600.0
1min,84,sorted_items_s09,136.0,8160.0
1min,85,sorted_items_s09,140.0,8400.0
1min,86,sorted_items_s09,148.0,8880.0
1min,87,sorted_items_s09,167.0,10020.0
1min,88,sorted_items_s09,162.0,9720.0
1min,89,sorted_items_s09,137.0,8220.0
1min,90,sorted_items_s09,132.0,7920.0
1min,91,sorted_items_s09,145.0,8700.0
1min,92,sorted_items_s09,126.0,7560.0
1min,93,sorted_items_s09,128.0,7680.0
1min,94,sorted_items_s09,150.0,9000.0
1min,95,sorted_items_s09,127.0,7620.0
1min,96,sorted_items_s09,133.0,7980.0
1min,97,sorted_items_s09,136.0,8160.0
1min,98,sorted_items_s09,154.0,9240.0
1min,99,sorted_items_s09,141.0,8460.0
1min,100,sorted_items_s09,147.0,8820.0
1min,101,sorted_items_s09,149.0,8940.0
1min,102,sorted_items_s09,129.0,7740.0
1min,103,sorted_items_s09,156.0,9360.0
1min,104,sorted_items_s09,148.0,8880.0
1min,105,sorted_items_s09,160.0,9600.0
1min,106,sorted_items_s09,148.0,8880.0
1min,107,sorted_items_s09,160.0,9600.0
1min,108,sorted_items_s09,141.0,8460.0
1min,109,sorted_items_s09,170.0,10200.0
1min,110,sorted_items_s09,140.0,8400.0
1min,111,sorted_items_s09,141.0,8460.0
1min,112,sorted_items_s09,147.0,8820.0
1min,113,sorted_items_s09,131.0,7860.0
1min,114,sorted_items_s09,129.0,7740.0
1min,115,sorted_items_s09,149.0,8940.0
1min,116,sorted_items_s09,132.0,7920.0
1min,117,sorted_items_s09,167.0,10020.0
1min,118,sorted_items_s09,150.0,9000.0
1min,119,sorted_items_s09,120.0,7200.0
1min,4,sorted_items_s10,110.0,6600.0
1min,5,sorted_items_s10,115.0,6900.0
1min,6,sorted_items_s10,135.0,8100.0
1min,7,sorted_items_s10,136.0,8160.0
1min,8,sorted_items_s10,139.0,8340.0
1min,9,sorted_items_s10,150.0,9000.0
1min,10,sorted_items_s10,142.0,8520.0
1min,11,sorted_items_s10,132.0,7920.0
1min,12,sorted_items_s10,140.0,8400.0
1min,13,sorted_items_s10,147.0,8820.0
1min,14,sorted_items_s10,162.0,9720.0
1min,15,sorted_items_s10,139.0,8340.0
1min,16,sorted_items_s10,168.0,10080.0
1min,17,sorted_items_s10,146.0,8760.0
1min,18,sorted_items_s10,144.0,8640.0
1min,19,sorted_items_s10,152.0,9120.0
1min,20,sorted_items_s10,148.0,8880.0
1min,21,sorted_items_s10,158.0,9480.0
1min,22,sorted_items_s10,135.0,8100.0
1min,23,sorted_items_s10,142.0,8520.0
1min,24,sorted_items_s10,146.0,8760.0
1min,25,sorted_items_s10,134.0,8040.0
1min,26,sorted_items_s10,162.0,9720.0
1min,27,sorted_items_s10,161.0,9660.0
1min,28,sorted_items_s10,154.0,9240.0
1min,29,sorted_items_s10,166.0,9960.0
1min,30,sorted_items_s10,164.0,9840.0
1min,31,sorted_items_s10,170.0,10200.0
1min,32,sorted_items_s10,147.0,8820.0
1min,33,sorted_items_s10,140.0,8400.0
1min,34,sorted_items_s10,143.0,8580.0
1min,35,sorted_items_s10,118.0,7080.0
1min,36,sorted_items_s10,132.0,7920.0
1min,37,sorted_items_s10,167.0,10020.0
1min,38,sorted_items_s10,140.0,8400.0
1min,39,sorted_items_s10,132.0,7920.0
1min,40,sorted_items_s10,157.0,9420.0
1min,41,sorted_items_s10,158.0,9480.0
1min,42,sorted_items_s10,155.0,9300.0
1min,43,sorted_items_s10,136.0,8160.0
1min,44,sorted_items_s10,148.0,8880.0
1min,45,sorted_items_s10,153.0,9180.0
1min,46,sorted_items_s10,157.0,9420.0
1min,47,sorted_items_s10,121.0,7260.0
1min,48,sorted_items_s10,147.0,8820.0
1min,49,sorted_items_s10,141.0,8460.0
1min,50,sorted_items_s10,119.0,7140.0
1min,51,sorted_items_s10,131.0,7860.0
1min,52,sorted_items_s10,145.0,8700.0
1min,53,sorted_items_s10,136.0,8160.0
1min,54,sorted_items_s10,145.0,8700.0
1min,55,sorted_items_s10,149.0,8940.0
1min,56,sorted_items_s10,145.0,8700.0
1min,57,sorted_items_s10,164.0,9840.0
1min,58,sorted_items_s10,139.0,8340.0
1min,59,sorted_items_s10,131.0,7860.0
1min,60,sorted_items_s10,138.0,8280.0
1min,61,sorted_items_s10,139.0,8340.0
1min,62,sorted_items_s10,144.0,8640.0
1min,63,sorted_items_s10,147.0,8820.0
1min,64,sorted_items_s10,152.0,9120.0
1min,65,sorted_items_s10,131.0,7860.0
1min,66,sorted_items_s10,144.0,8640.0
1min,67,sorted_items_s10,142.0,8520.0
1min,68,sorted_items_s10,139.0,8340.0
1min,69,sorted_items_s10,142.0,8520.0
1min,70,sorted_items_s10,144.0,8640.0
1min,71,sorted_items_s10,154.0,9240.0
1min,72,sorted_items_s10,148.0,8880.0
1min,73,sorted_items_s10,130.0,7800.0
1min,74,sorted_items_s10,147.0,8820.0
1min,75,sorted_items_s10,131.0,7860.0
1min,76,sorted_items_s10,148.0,8880.0
1min,77,sorted_items_s10,159.0,9540.0
1min,78,sorted_items_s10,148.0,8880.0
1min,79,sorted_items_s10,148.0,8880.0
1min,80,sorted_items_s10,148.0,8880.0
1min,81,sorted_items_s10,150.0,9000.0
1min,82,sorted_items_s10,138.0,8280.0
1min,83,sorted_items_s10,149.0,8940.0
1min,84,sorted_items_s10,143.0,8580.0
1min,85,sorted_items_s10,137.0,8220.0
1min,86,sorted_items_s10,147.0,8820.0
1min,87,sorted_items_s10,136.0,8160.0
1min,88,sorted_items_s10,156.0,9360.0
1min,89,sorted_items_s10,148.0,8880.0
1min,90,sorted_items_s10,145.0,8700.0
1min,91,sorted_items_s10,145.0,8700.0
1min,92,sorted_items_s10,126.0,7560.0
1min,93,sorted_items_s10,153.0,9180.0
1min,94,sorted_items_s10,149.0,8940.0
1min,95,sorted_items_s10,123.0,7380.0
1min,96,sorted_items_s10,142.0,8520.0
1min,97,sorted_items_s10,152.0,9120.0
1min,98,sorted_items_s10,134.0,8040.0
1min,99,sorted_items_s10,149.0,8940.0
1min,100,sorted_items_s10,160.0,9600.0
1min,101,sorted_items_s10,144.0,8640.0
1min,102,sorted_items_s10,142.0,8520.0
1min,103,sorted_items_s10,134.0,8040.0
1min,104,sorted_items_s10,151.0,9060.0
1min,105,sorted_items_s10,124.0,7440.0
1min,106,sorted_items_s10,156.0,9360.0
1min,107,sorted_items_s10,149.0,8940.0
1min,108,sorted_items_s10,158.0,9480.0
1min,109,sorted_items_s10,151.0,9060.0
1min,110,sorted_items_s10,148.0,8880.0
1min,111,sorted_items_s10,152.0,9120.0
1min,112,sorted_items_s10,143.0,8580.0
1min,113,sorted_items_s10,137.0,8220.0
1min,114,sorted_items_s10,143.0,8580.0
1min,115,sorted_items_s10,133.0,7980.0
1min,116,sorted_items_s10,157.0,9420.0
1min,117,sorted_items_s10,144.0,8640.0
1min,118,sorted_items_s10,140.0,8400.0
1min,119,sorted_items_s10,167.0,10020.0
1min,29,tare_new,3.0,180.0
1min,30,tare_new,11.0,660.0
1min,31,tare_new,11.0,660.0
1min,32,tare_new,27.0,1620.0
1min,33,tare_new,9.0,540.0
1min,34,tare_new,5.0,300.0
1min,35,tare_new,3.0,180.0
1min,36,tare_new,16.0,960.0
1min,38,tare_new,14.0,840.0
1min,39,tare_new,8.0,480.0
1min,40,tare_new,10.0,600.0
1min,41,tare_new,6.0,360.0
1min,42,tare_new,15.0,900.0
1min,43,tare_new,7.0,420.0
1min,44,tare_new,7.0,420.0
1min,45,tare_new,13.0,780.0
1min,46,tare_new,18.0,1080.0
1min,47,tare_new,9.0,540.0
1min,48,tare_new,12.0,720.0
1min,49,tare_new,10.0,600.0
1min,50,tare_new,26.0,1560.0
1min,51,tare_new,28.0,1680.0
1min,52,tare_new,11.0,660.0
1min,53,tare_new,9.0,540.0
1min,54,tare_new,8.0,480.0
1min,55,tare_new,5.0,300.0
1min,56,tare_new,1.0,60.0
1min,57,tare_new,8.0,480.0
1min,58,tare_new,3.0,180.0
1min,59,tare_new,21.0,1260.0
1min,60,tare_new,1.0,60.0
1min,61,tare_new,10.0,600.0
1min,62,tare_new,9.0,540.0
1min,63,tare_new,6.0,360.0
1min,64,tare_new,7.0,420.0
1min,65,tare_new,8.0,480.0
1min,66,tare_new,4.0,240.0
1min,67,tare_new,6.0,360.0
1min,68,tare_new,18.0,1080.0
1min,69,tare_new,9.0,540.0
1min,71,tare_new,3.0,180.0
1min,72,tare_new,10.0,600.0
1min,73,tare_new,6.0,360.0
1min,74,tare_new,8.0,480.0
1min,75,tare_new,11.0,660.0
1min,76,tare_new,17.0,1020.0
1min,77,tare_new,16.0,960.0
1min,78,tare_new,6.0,360.0
1min,79,tare_new,4.0,240.0
1min,80,tare_new,13.0,780.0
1min,82,tare_new,1.0,60.0
1min,83,tare_new,16.0,960.0
1min,84,tare_new,4.0,240.0
1min,85,tare_new,26.0,1560.0
1min,86,tare_new,5.0,300.0
1min,87,tare_new,12.0,720.0
1min,88,tare_new,11.0,660.0
1min,89,tare_new,10.0,600.0
1min,90,tare_new,11.0,660.0
1min,91,tare_new,15.0,900.0
1min,92,tare_new,9.0,540.0
1min,93,tare_new,10.0,600.0
1min,94,tare_new,19.0,1140.0
1min,95,tare_new,9.0,540.0
1min,96,tare_new,11.0,660.0
1min,97,tare_new,20.0,1200.0
1min,98,tare_new,12.0,720.0
1min,99,tare_new,15.0,900.0
1min,100,tare_new,14.0,840.0
1min,101,tare_new,14.0,840.0
1min,102,tare_new,13.0,780.0
1min,103,tare_new,8.0,480.0
1min,104,tare_new,10.0,600.0
1min,105,tare_new,8.0,480.0
1min,106,tare_new,10.0,600.0
1min,107,tare_new,8.0,480.0
1min,108,tare_new,9.0,540.0
1min,109,tare_new,13.0,780.0
1min,110,tare_new,6.0,360.0
1min,111,tare_new,8.0,480.0
1min,112,tare_new,7.0,420.0
1min,113,tare_new,7.0,420.0
1min,114,tare_new,9.0,540.0
1min,115,tare_new,11.0,660.0
1min,116,tare_new,5.0,300.0
1min,117,tare_new,13.0,780.0
1min,118,tare_new,10.0,600.0
1min,119,tare_new,13.0,780.0
1min,4,tare_reused,40.0,2400.0
1min,5,tare_reused,50.0,3000.0
1min,6,tare_reused,50.0,3000.0
1min,7,tare_reused,49.0,2940.0
1min,8,tare_reused,47.0,2820.0
1min,9,tare_reused,54.0,3240.0
1min,10,tare_reused,52.0,3120.0
1min,11,tare_reused,52.0,3120.0
1min,12,tare_reused,52.0,3120.0
1min,13,tare_reused,48.0,2880.0
1min,14,tare_reused,51.0,3060.0
1min,15,tare_reused,53.0,3180.0
1min,16,tare_reused,50.0,3000.0
1min,17,tare_reused,49.0,2940.0
1min,18,tare_reused,56.0,3360.0
1min,19,tare_reused,44.0,2640.0
1min,20,tare_reused,45.0,2700.0
1min,21,tare_reused,49.0,2940.0
1min,22,tare_reused,46.0,2760.0
1min,23,tare_reused,52.0,3120.0
1min,24,tare_reused,52.0,3120.0
1min,25,tare_reused,49.0,2940.0
1min,26,tare_reused,54.0,3240.0
1min,27,tare_reused,53.0,3180.0
1min,28,tare_reused,52.0,3120.0
1min,29,tare_reused,45.0,2700.0
1min,30,tare_reused,46.0,2760.0
1min,31,tare_reused,46.0,2760.0
1min,32,tare_reused,48.0,2880.0
1min,33,tare_reused,52.0,3120.0
1min,34,tare_reused,48.0,2880.0
1min,35,tare_reused,54.0,3240.0
1min,36,tare_reused,49.0,2940.0
1min,37,tare_reused,51.0,3060.0
1min,38,tare_reused,50.0,3000.0
1min,39,tare_reused,51.0,3060.0
1min,40,tare_reused,50.0,3000.0
1min,41,tare_reused,49.0,2940.0
1min,42,tare_reused,51.0,3060.0
1min,43,tare_reused,48.0,2880.0
1min,44,tare_reused,48.0,2880.0
1min,45,tare_reused,47.0,2820.0
1min,46,tare_reused,46.0,2760.0
1min,47,tare_reused,51.0,3060.0
1min,48,tare_reused,47.0,2820.0
1min,49,tare_reused,50.0,3000.0
1min,50,tare_reused,51.0,3060.0
1min,51,tare_reused,50.0,3000.0
1min,52,tare_reused,52.0,3120.0
1min,53,tare_reused,56.0,3360.0
1min,54,tare_reused,48.0,2880.0
1min,55,tare_reused,51.0,3060.0
1min,56,tare_reused,54.0,3240.0
1min,57,tare_reused,53.0,3180.0
1min,58,tare_reused,48.0,2880.0
1min,59,tare_reused,45.0,2700.0
1min,60,tare_reused,48.0,2880.0
1min,61,tare_reused,42.0,2520.0
1min,62,tare_reused,54.0,3240.0
1min,63,tare_reused,48.0,2880.0
1min,64,tare_reused,47.0,2820.0
1min,65,tare_reused,47.0,2820.0
1min,66,tare_reused,50.0,3000.0
1min,67,tare_reused,46.0,2760.0
1min,68,tare_reused,51.0,3060.0
1min,69,tare_reused,53.0,3180.0
1min,70,tare_reused,51.0,3060.0
1min,71,tare_reused,53.0,3180.0
1min,72,tare_reused,44.0,2640.0
1min,73,tare_reused,50.0,3000.0
1min,74,tare_reused,49.0,2940.0
1min,75,tare_reused,52.0,3120.0
1min,76,tare_reused,48.0,2880.0
1min,77,tare_reused,46.0,2760.0
1min,78,tare_reused,50.0,3000.0
1min,79,tare_reused,51.0,3060.0
1min,80,tare_reused,49.0,2940.0
1min,81,tare_reused,54.0,3240.0
1min,82,tare_reused,49.0,2940.0
1min,83,tare_reused,54.0,3240.0
1min,84,tare_reused,50.0,3000.0
1min,85,tare_reused,44.0,2640.0
1min,86,tare_reused,55.0,3300.0
1min,87,tare_reused,45.0,2700.0
1min,88,tare_reused,49.0,2940.0
1min,89,tare_reused,44.0,2640.0
1min,90,tare_reused,52.0,3120.0
1min,91,tare_reused,47.0,2820.0
1min,92,tare_reused,47.0,2820.0
1min,93,tare_reused,49.0,2940.0
1min,94,tare_reused,43.0,2580.0
1min,95,tare_reused,50.0,3000.0
1min,96,tare_reused,47.0,2820.0
1min,97,tare_reused,47.0,2820.0
1min,98,tare_reused,46.0,2760.0
1min,99,tare_reused,53.0,3180.0
1min,100,tare_reused,43.0,2580.0
1min,101,tare_reused,51.0,3060.0
1min,102,tare_reused,51.0,3060.0
1min,103,tare_reused,51.0,3060.0
1min,104,tare_reused,47.0,2820.0
1min,105,tare_reused,50.0,3000.0
1min,106,tare_reused,43.0,2580.0
1min,107,tare_reused,47.0,2820.0
1min,108,tare_reused,51.0,3060.0
1min,109,tare_reused,44.0,2640.0
1min,110,tare_reused,52.0,3120.0
1min,111,tare_reused,44.0,2640.0
1min,112,tare_reused,50.0,3000.0
1min,113,tare_reused,53.0,3180.0
1min,114,tare_reused,50.0,3000.0
1min,115,tare_reused,43.0,2580.0
1min,116,tare_reused,48.0,2880.0
1min,117,tare_reused,51.0,3060.0
1min,118,tare_reused,46.0,2760.0
1min,119,tare_reused,50.0,3000.0
1min,4,tare_scrapped,8.0,480.0
1min,5,tare_scrapped,12.0,720.0
1min,6,tare_scrapped,12.0,720.0
1min,7,tare_scrapped,11.0,660.0
1min,8,tare_scrapped,15.0,900.0
1min,9,tare_scrapped,8.0,480.0
1min,10,tare_scrapped,8.0,480.0
1min,11,tare_scrapped,12.0,720.0
1min,12,tare_scrapped,8.0,480.0
1min,13,tare_scrapped,12.0,720.0
1min,14,tare_scrapped,13.0,780.0
1min,15,tare_scrapped,9.0,540.0
1min,16,tare_scrapped,12.0,720.0
1min,17,tare_scrapped,13.0,780.0
1min,18,tare_scrapped,6.0,360.0
1min,19,tare_scrapped,16.0,960.0
1min,20,tare_scrapped,17.0,1020.0
1min,21,tare_scrapped,13.0,780.0
1min,22,tare_scrapped,14.0,840.0
1min,23,tare_scrapped,12.0,720.0
1min,24,tare_scrapped,8.0,480.0
1min,25,tare_scrapped,11.0,660.0
1min,26,tare_scrapped,10.0,600.0
1min,27,tare_scrapped,9.0,540.0
1min,28,tare_scrapped,10.0,600.0
1min,29,tare_scrapped,17.0,1020.0
1min,30,tare_scrapped,16.0,960.0
1min,31,tare_scrapped,14.0,840.0
1min,32,tare_scrapped,14.0,840.0
1min,33,tare_scrapped,10.0,600.0
1min,34,tare_scrapped,12.0,720.0
1min,35,tare_scrapped,10.0,600.0
1min,36,tare_scrapped,11.0,660.0
1min,37,tare_scrapped,9.0,540.0
1min,38,tare_scrapped,14.0,840.0
1min,39,tare_scrapped,11.0,660.0
1min,40,tare_scrapped,12.0,720.0
1min,41,tare_scrapped,13.0,780.0
1min,42,tare_scrapped,11.0,660.0
1min,43,tare_scrapped,12.0,720.0
1min,44,tare_scrapped,14.0,840.0
1min,45,tare_scrapped,15.0,900.0
1min,46,tare_scrapped,14.0,840.0
1min,47,tare_scrapped,13.0,780.0
1min,48,tare_scrapped,13.0,780.0
1min,49,tare_scrapped,10.0,600.0
1min,50,tare_scrapped,13.0,780.0
1min,51,tare_scrapped,12.0,720.0
1min,52,tare_scrapped,10.0,600.0
1min,53,tare_scrapped,6.0,360.0
1min,54,tare_scrapped,14.0,840.0
1min,55,tare_scrapped,9.0,540.0
1min,56,tare_scrapped,8.0,480.0
1min,57,tare_scrapped,9.0,540.0
1min,58,tare_scrapped,12.0,720.0
1min,59,tare_scrapped,19.0,1140.0
1min,60,tare_scrapped,12.0,720.0
1min,61,tare_scrapped,18.0,1080.0
1min,62,tare_scrapped,10.0,600.0
1min,63,tare_scrapped,14.0,840.0
1min,64,tare_scrapped,15.0,900.0
1min,65,tare_scrapped,15.0,900.0
1min,66,tare_scrapped,12.0,720.0
1min,67,tare_scrapped,14.0,840.0
1min,68,tare_scrapped,11.0,660.0
1min,69,tare_scrapped,9.0,540.0
1min,70,tare_scrapped,9.0,540.0
1min,71,tare_scrapped,11.0,660.0
1min,72,tare_scrapped,16.0,960.0
1min,73,tare_scrapped,10.0,600.0
1min,74,tare_scrapped,15.0,900.0
1min,75,tare_scrapped,10.0,600.0
1min,76,tare_scrapped,14.0,840.0
1min,77,tare_scrapped,16.0,960.0
1min,78,tare_scrapped,12.0,720.0
1min,79,tare_scrapped,9.0,540.0
1min,80,tare_scrapped,13.0,780.0
1min,81,tare_scrapped,8.0,480.0
1min,82,tare_scrapped,11.0,660.0
1min,83,tare_scrapped,10.0,600.0
1min,84,tare_scrapped,10.0,600.0
1min,85,tare_scrapped,16.0,960.0
1min,86,tare_scrapped,9.0,540.0
1min,87,tare_scrapped,17.0,1020.0
1min,88,tare_scrapped,13.0,780.0
1min,89,tare_scrapped,18.0,1080.0
1min,90,tare_scrapped,10.0,600.0
1min,91,tare_scrapped,13.0,780.0
1min,92,tare_scrapped,15.0,900.0
1min,93,tare_scrapped,13.0,780.0
1min,94,tare_scrapped,17.0,1020.0
1min,95,tare_scrapped,14.0,840.0
1min,96,tare_scrapped,13.0,780.0
1min,97,tare_scrapped,13.0,780.0
1min,98,tare_scrapped,18.0,1080.0
1min,99,tare_scrapped,9.0,540.0
1min,100,tare_scrapped,19.0,1140.0
1min,101,tare_scrapped,11.0,660.0
1min,102,tare_scrapped,11.0,660.0
1min,103,tare_scrapped,9.0,540.0
1min,104,tare_scrapped,15.0,900.0
1min,105,tare_scrapped,12.0,720.0
1min,106,tare_scrapped,17.0,1020.0
1min,107,tare_scrapped,17.0,1020.0
1min,108,tare_scrapped,9.0,540.0
1min,109,tare_scrapped,16.0,960.0
1min,110,tare_scrapped,12.0,720.0
1min,111,tare_scrapped,18.0,1080.0
1min,112,tare_scrapped,12.0,720.0
1min,113,tare_scrapped,9.0,540.0
1min,114,tare_scrapped,12.0,720.0
1min,115,tare_scrapped,17.0,1020.0
1min,116,tare_scrapped,14.0,840.0
1min,117,tare_scrapped,11.0,660.0
1min,118,tare_scrapped,14.0,840.0
1min,119,tare_scrapped,14.0,840.0
1min,3,transport_in_boxes,20.0,1200.0
1min,4,transport_in_boxes,60.0,3600.0
1min,5,transport_in_boxes,60.0,3600.0
1min,6,transport_in_boxes,60.0,3600.0
1min,7,transport_in_boxes,60.0,3600.0
1min,8,transport_in_boxes,60.0,3600.0
1min,9,transport_in_boxes,80.0,4800.0
1min,10,transport_in_boxes,60.0,3600.0
1min,11,transport_in_boxes,60.0,3600.0
1min,12,transport_in_boxes,60.0,3600.0
1min,13,transport_in_boxes,60.0,3600.0
1min,14,transport_in_boxes,60.0,3600.0
1min,15,transport_in_boxes,60.0,3600.0
1min,16,transport_in_boxes,60.0,3600.0
1min,17,transport_in_boxes,60.0,3600.0
1min,18,transport_in_boxes,60.0,3600.0
1min,19,transport_in_boxes,60.0,3600.0
1min,20,transport_in_boxes,60.0,3600.0
1min,21,transport_in_boxes,80.0,4800.0
1min,22,transport_in_boxes,60.0,3600.0
1min,23,transport_in_boxes,60.0,3600.0
1min,24,transport_in_boxes,60.0,3600.0
1min,25,transport_in_boxes,60.0,3600.0
1min,26,transport_in_boxes,60.0,3600.0
1min,27,transport_in_boxes,60.0,3600.0
1min,28,transport_in_boxes,60.0,3600.0
1min,29,transport_in_boxes,60.0,3600.0
1min,30,transport_in_boxes,60.0,3600.0
1min,31,transport_in_boxes,60.0,3600.0
1min,32,transport_in_boxes,60.0,3600.0
1min,33,transport_in_boxes,80.0,4800.0
1min,34,transport_in_boxes,60.0,3600.0
1min,35,transport_in_boxes,60.0,3600.0
1min,36,transport_in_boxes,60.0,3600.0
1min,37,transport_in_boxes,60.0,3600.0
1min,38,transport_in_boxes,60.0,3600.0
1min,39,transport_in_boxes,60.0,3600.0
1min,40,transport_in_boxes,60.0,3600.0
1min,41,transport_in_boxes,60.0,3600.0
1min,42,transport_in_boxes,60.0,3600.0
1min,43,transport_in_boxes,60.0,3600.0
1min,44,transport_in_boxes,60.0,3600.0
1min,45,transport_in_boxes,80.0,4800.0
1min,46,transport_in_boxes,60.0,3600.0
1min,47,transport_in_boxes,60.0,3600.0
1min,48,transport_in_boxes,60.0,3600.0
1min,49,transport_in_boxes,60.0,3600.0
1min,50,transport_in_boxes,60.0,3600.0
1min,51,transport_in_boxes,60.0,3600.0
1min,52,transport_in_boxes,60.0,3600.0
1min,53,transport_in_boxes,60.0,3600.0
1min,54,transport_in_boxes,60.0,3600.0
1min,55,transport_in_boxes,60.0,3600.0
1min,56,transport_in_boxes,60.0,3600.0
1min,57,transport_in_boxes,80.0,4800.0
1min,58,transport_in_boxes,60.0,3600.0
1min,59,transport_in_boxes,60.0,3600.0
1min,60,transport_in_boxes,60.0,3600.0
1min,61,transport_in_boxes,60.0,3600.0
1min,62,transport_in_boxes,60.0,3600.0
1min,63,transport_in_boxes,60.0,3600.0
1min,64,transport_in_boxes,60.0,3600.0
1min,65,transport_in_boxes,60.0,3600.0
1min,66,transport_in_boxes,60.0,3600.0
1min,67,transport_in_boxes,60.0,3600.0
1min,68,transport_in_boxes,60.0,3600.0
1min,69,transport_in_boxes,80.0,4800.0
1min,70,transport_in_boxes,60.0,3600.0
1min,71,transport_in_boxes,60.0,3600.0
1min,72,transport_in_boxes,60.0,3600.0
1min,73,transport_in_boxes,60.0,3600.0
1min,74,transport_in_boxes,60.0,3600.0
1min,75,transport_in_boxes,60.0,3600.0
1min,76,transport_in_boxes,60.0,3600.0
1min,77,transport_in_boxes,60.0,3600.0
1min,78,transport_in_boxes,60.0,3600.0
1min,79,transport_in_boxes,60.0,3600.0
1min,80,transport_in_boxes,60.0,3600.0
1min,81,transport_in_boxes,80.0,4800.0
1min,82,transport_in_boxes,60.0,3600.0
1min,83,transport_in_boxes,60.0,3600.0
1min,84,transport_in_boxes,60.0,3600.0
1min,85,transport_in_boxes,60.0,3600.0
1min,86,transport_in_boxes,60.0,3600.0
1min,87,transport_in_boxes,60.0,3600.0
1min,88,transport_in_boxes,60.0,3600.0
1min,89,transport_in_boxes,60.0,3600.0
1min,90,transport_in_boxes,60.0,3600.0
1min,91,transport_in_boxes,60.0,3600.0
1min,92,transport_in_boxes,60.0,3600.0
1min,93,transport_in_boxes,80.0,4800.0
1min,94,transport_in_boxes,60.0,3600.0
1min,95,transport_in_boxes,60.0,3600.0
1min,96,transport_in_boxes,60.0,3600.0
1min,97,transport_in_boxes,60.0,3600.0
1min,98,transport_in_boxes,60.0,3600.0
1min,99,transport_in_boxes,60.0,3600.0
1min,100,transport_in_boxes,60.0,3600.0
1min,101,transport_in_boxes,60.0,3600.0
1min,102,transport_in_boxes,60.0,3600.0
1min,103,transport_in_boxes,60.0,3600.0
1min,104,transport_in_boxes,60.0,3600.0
1min,105,transport_in_boxes,80.0,4800.0
1min,106,transport_in_boxes,60.0,3600.0
1min,107,transport_in_boxes,60.0,3600.0
1min,108,transport_in_boxes,60.0,3600.0
1min,109,transport_in_boxes,60.0,3600.0
1min,110,transport_in_boxes,60.0,3600.0
1min,111,transport_in_boxes,60.0,3600.0
1min,112,transport_in_boxes,60.0,3600.0
1min,113,transport_in_boxes,60.0,3600.0
1min,114,transport_in_boxes,60.0,3600.0
1min,115,transport_in_boxes,60.0,3600.0
1min,116,transport_in_boxes,60.0,3600.0
1min,117,transport_in_boxes,80.0,4800.0
1min,118,transport_in_boxes,60.0,3600.0
1min,119,transport_in_boxes,60.0,3600.0
1min,5,transport_out_boxes,12.0,720.0
1min,6,transport_out_boxes,34.0,2040.0
1min,7,transport_out_boxes,38.0,2280.0
1min,8,transport_out_boxes,45.0,2700.0
1min,9,transport_out_boxes,46.0,2760.0
1min,10,transport_out_boxes,49.0,2940.0
1min,11,transport_out_boxes,45.0,2700.0
1min,12,transport_out_boxes,50.0,3000.0
1min,13,transport_out_boxes,51.0,3060.0
1min,14,transport_out_boxes,45.0,2700.0
1min,15,transport_out_boxes,51.0,3060.0
1min,16,transport_out_boxes,50.0,3000.0
1min,17,transport_out_boxes,52.0,3120.0
1min,18,transport_out_boxes,50.0,3000.0
1min,19,transport_out_boxes,59.0,3540.0
1min,20,transport_out_boxes,60.0,3600.0
1min,21,transport_out_boxes,41.0,2460.0
1min,22,transport_out_boxes,51.0,3060.0
1min,23,transport_out_boxes,57.0,3420.0
1min,24,transport_out_boxes,58.0,3480.0
1min,25,transport_out_boxes,61.0,3660.0
1min,26,transport_out_boxes,54.0,3240.0
1min,27,transport_out_boxes,60.0,3600.0
1min,28,transport_out_boxes,56.0,3360.0
1min,29,transport_out_boxes,55.0,3300.0
1min,30,transport_out_boxes,51.0,3060.0
1min,31,transport_out_boxes,62.0,3720.0
1min,32,transport_out_boxes,56.0,3360.0
1min,33,transport_out_boxes,70.0,4200.0
1min,34,transport_out_boxes,65.0,3900.0
1min,35,transport_out_boxes,53.0,3180.0
1min,36,transport_out_boxes,56.0,3360.0
1min,37,transport_out_boxes,64.0,3840.0
1min,38,transport_out_boxes,55.0,3300.0
1min,39,transport_out_boxes,61.0,3660.0
1min,40,transport_out_boxes,62.0,3720.0
1min,41,transport_out_boxes,59.0,3540.0
1min,42,transport_out_boxes,57.0,3420.0
1min,43,transport_out_boxes,66.0,3960.0
1min,44,transport_out_boxes,52.0,3120.0
1min,45,transport_out_boxes,58.0,3480.0
1min,46,transport_out_boxes,60.0,3600.0
1min,47,transport_out_boxes,64.0,3840.0
1min,48,transport_out_boxes,59.0,3540.0
1min,49,transport_out_boxes,55.0,3300.0
1min,50,transport_out_boxes,62.0,3720.0
1min,51,transport_out_boxes,72.0,4320.0
1min,52,transport_out_boxes,72.0,4320.0
1min,53,transport_out_boxes,71.0,4260.0
1min,54,transport_out_boxes,68.0,4080.0
1min,55,transport_out_boxes,55.0,3300.0
1min,56,transport_out_boxes,57.0,3420.0
1min,57,transport_out_boxes,54.0,3240.0
1min,58,transport_out_boxes,62.0,3720.0
1min,59,transport_out_boxes,56.0,3360.0
1min,60,transport_out_boxes,54.0,3240.0
1min,61,transport_out_boxes,60.0,3600.0
1min,62,transport_out_boxes,51.0,3060.0
1min,63,transport_out_boxes,60.0,3600.0
1min,64,transport_out_boxes,53.0,3180.0
1min,65,transport_out_boxes,57.0,3420.0
1min,66,transport_out_boxes,55.0,3300.0
1min,67,transport_out_boxes,52.0,3120.0
1min,68,transport_out_boxes,54.0,3240.0
1min,69,transport_out_boxes,66.0,3960.0
1min,70,transport_out_boxes,61.0,3660.0
1min,71,transport_out_boxes,52.0,3120.0
1min,72,transport_out_boxes,59.0,3540.0
1min,73,transport_out_boxes,55.0,3300.0
1min,74,transport_out_boxes,57.0,3420.0
1min,75,transport_out_boxes,55.0,3300.0
1min,76,transport_out_boxes,61.0,3660.0
1min,77,transport_out_boxes,61.0,3660.0
1min,78,transport_out_boxes,65.0,3900.0
1min,79,transport_out_boxes,56.0,3360.0
1min,80,transport_out_boxes,55.0,3300.0
1min,81,transport_out_boxes,63.0,3780.0
1min,82,transport_out_boxes,51.0,3060.0
1min,83,transport_out_boxes,56.0,3360.0
1min,84,transport_out_boxes,65.0,3900.0
1min,85,transport_out_boxes,56.0,3360.0
1min,86,transport_out_boxes,72.0,4320.0
1min,87,transport_out_boxes,56.0,3360.0
1min,88,transport_out_boxes,59.0,3540.0
1min,89,transport_out_boxes,61.0,3660.0
1min,90,transport_out_boxes,54.0,3240.0
1min,91,transport_out_boxes,58.0,3480.0
1min,92,transport_out_boxes,62.0,3720.0
1min,93,transport_out_boxes,59.0,3540.0
1min,94,transport_out_boxes,63.0,3780.0
1min,95,transport_out_boxes,63.0,3780.0
1min,96,transport_out_boxes,54.0,3240.0
1min,97,transport_out_boxes,62.0,3720.0
1min,98,transport_out_boxes,67.0,4020.0
1min,99,transport_out_boxes,60.0,3600.0
1min,100,transport_out_boxes,62.0,3720.0
1min,101,transport_out_boxes,58.0,3480.0
1min,102,transport_out_boxes,66.0,3960.0
1min,103,transport_out_boxes,58.0,3480.0
1min,104,transport_out_boxes,61.0,3660.0
1min,105,transport_out_boxes,61.0,3660.0
1min,106,transport_out_boxes,58.0,3480.0
1min,107,transport_out_boxes,53.0,3180.0
1min,108,transport_out_boxes,52.0,3120.0
1min,109,transport_out_boxes,62.0,3720.0
1min,110,transport_out_boxes,57.0,3420.0
1min,111,transport_out_boxes,55.0,3300.0
1min,112,transport_out_boxes,57.0,3420.0
1min,113,transport_out_boxes,51.0,3060.0
1min,114,transport_out_boxes,65.0,3900.0
1min,115,transport_out_boxes,58.0,3480.0
1min,116,transport_out_boxes,56.0,3360.0
1min,117,transport_out_boxes,52.0,3120.0
1min,118,transport_out_boxes,64.0,3840.0
1min,119,transport_out_boxes,55.0,3300.0
1h,0,box_opening,3452.0,3452.0
1h,1,box_opening,3700.0,3700.0
1h,0,boxes_closed_by_timeout,67.0,67.0
1h,1,boxes_closed_by_timeout,74.0,74.0
1h,0,depalletizing_pallets,178.0,178.0
1h,1,depalletizing_pallets,185.0,185.0
1h,0,infeed_boxes,3440.0,3440.0
1h,1,infeed_boxes,3700.0,3700.0
1h,0,infeed_items,92880.0,92880.0
1h,1,infeed_items,99900.0,99900.0
1h,0,manual_sorted_items,4594.0,4594.0
1h,1,manual_sorted_items,5017.0,5017.0
1h,0,nonsort_items,4640.0,4640.0
1h,1,nonsort_items,5019.0,5019.0
1h,0,outbound_boxes_closed,3114.0,3114.0
1h,1,outbound_boxes_closed,3505.0,3505.0
1h,0,palletizing_boxes,2880.0,2880.0
1h,1,palletizing_boxes,3500.0,3500.0
1h,0,pallets_built,144.0,144.0
1h,1,pallets_built,175.0,175.0
1h,0,receiving_pallets,184.0,184.0
1h,1,receiving_pallets,186.0,186.0
1h,0,rollcages_built,38.0,38.0
1h,1,rollcages_built,42.0,42.0
1h,0,sealing_boxes,3098.0,3098.0
1h,1,sealing_boxes,3509.0,3509.0
1h,0,sorted_items,88133.0,88133.0
1h,1,sorted_items,94875.0,94875.0
1h,0,sorted_items_s00,7991.0,7991.0
1h,1,sorted_items_s00,8541.0,8541.0
1h,0,sorted_items_s01,8038.0,8038.0
1h,1,sorted_items_s01,8657.0,8657.0
1h,0,sorted_items_s02,8093.0,8093.0
1h,1,sorted_items_s02,8622.0,8622.0
1h,0,sorted_items_s03,8026.0,8026.0
1h,1,sorted_items_s03,8550.0,8550.0
1h,0,sorted_items_s04,8071.0,8071.0
1h,1,sorted_items_s04,8636.0,8636.0
1h,0,sorted_items_s05,8060.0,8060.0
1h,1,sorted_items_s05,8697.0,8697.0
1h,0,sorted_items_s06,7943.0,7943.0
1h,1,sorted_items_s06,8418.0,8418.0
1h,0,sorted_items_s07,7965.0,7965.0
1h,1,sorted_items_s07,8760.0,8760.0
1h,0,sorted_items_s08,7975.0,7975.0
1h,1,sorted_items_s08,8650.0,8650.0
1h,0,sorted_items_s09,7878.0,7878.0
1h,1,sorted_items_s09,8666.0,8666.0
1h,0,sorted_items_s10,8093.0,8093.0
1h,1,sorted_items_s10,8678.0,8678.0
1h,0,tare_new,334.0,334.0
1h,1,tare_new,584.0,584.0
1h,0,tare_reused,2784.0,2784.0
1h,1,tare_reused,2919.0,2919.0
1h,0,tare_scrapped,656.0,656.0
1h,1,tare_scrapped,781.0,781.0
1h,0,transport_in_boxes,3480.0,3480.0
1h,1,transport_in_boxes,3700.0,3700.0
1h,0,transport_out_boxes,3044.0,3044.0
1h,1,transport_out_boxes,3501.0,3501.0
12h,0,box_opening,7152.0,596.0
12h,0,boxes_closed_by_timeout,141.0,11.8
12h,0,depalletizing_pallets,363.0,30.2
12h,0,infeed_boxes,7140.0,595.0
12h,0,infeed_items,192780.0,16065.0
12h,0,manual_sorted_items,9611.0,800.9
12h,0,nonsort_items,9659.0,804.9
12h,0,outbound_boxes_closed,6619.0,551.6
12h,0,palletizing_boxes,6380.0,531.7
12h,0,pallets_built,319.0,26.6
12h,0,receiving_pallets,370.0,30.8
12h,0,rollcages_built,80.0,6.7
12h,0,sealing_boxes,6607.0,550.6
12h,0,sorted_items,183008.0,15250.7
12h,0,sorted_items_s00,16532.0,1377.7
12h,0,sorted_items_s01,16695.0,1391.2
12h,0,sorted_items_s02,16715.0,1392.9
12h,0,sorted_items_s03,16576.0,1381.3
12h,0,sorted_items_s04,16707.0,1392.2
12h,0,sorted_items_s05,16757.0,1396.4
12h,0,sorted_items_s06,16361.0,1363.4
12h,0,sorted_items_s07,16725.0,1393.8
12h,0,sorted_items_s08,16625.0,1385.4
12h,0,sorted_items_s09,16544.0,1378.7
12h,0,sorted_items_s10,16771.0,1397.6
12h,0,tare_new,918.0,76.5
12h,0,tare_reused,5703.0,475.2
12h,0,tare_scrapped,1437.0,119.8
12h,0,transport_in_boxes,7180.0,598.3
12h,0,transport_out_boxes,6545.0,545.4
24h,0,box_opening,7152.0,298.0
24h,0,boxes_closed_by_timeout,141.0,5.9
24h,0,depalletizing_pallets,363.0,15.1
24h,0,infeed_boxes,7140.0,297.5
24h,0,infeed_items,192780.0,8032.5
24h,0,manual_sorted_items,9611.0,400.5
24h,0,nonsort_items,9659.0,402.5
24h,0,outbound_boxes_closed,6619.0,275.8
24h,0,palletizing_boxes,6380.0,265.8
24h,0,pallets_built,319.0,13.3
24h,0,receiving_pallets,370.0,15.4
24h,0,rollcages_built,80.0,3.3
24h,0,sealing_boxes,6607.0,275.3
24h,0,sorted_items,183008.0,7625.3
24h,0,sorted_items_s00,16532.0,688.8
24h,0,sorted_items_s01,16695.0,695.6
24h,0,sorted_items_s02,16715.0,696.5
24h,0,sorted_items_s03,16576.0,690.7
24h,0,sorted_items_s04,16707.0,696.1
24h,0,sorted_items_s05,16757.0,698.2
24h,0,sorted_items_s06,16361.0,681.7
24h,0,sorted_items_s07,16725.0,696.9
24h,0,sorted_items_s08,16625.0,692.7
24h,0,sorted_items_s09,16544.0,689.3
24h,0,sorted_items_s10,16771.0,698.8
24h,0,tare_new,918.0,38.2
24h,0,tare_reused,5703.0,237.6
24h,0,tare_scrapped,1437.0,59.9
24h,0,transport_in_boxes,7180.0,299.2
24h,0,transport_out_boxes,6545.0,272.7
