minute,queue,avg_length,max_length
0,infeed_queue_boxes,0.0,0.0
1,infeed_queue_boxes,0.0,0.0
2,infeed_queue_boxes,0.0,0.0
3,infeed_queue_boxes,0.0,0.0
4,infeed_queue_boxes,1.0,2.0
5,infeed_queue_boxes,0.0,0.0
6,infeed_queue_boxes,0.0,0.0
7,infeed_queue_boxes,1.0,2.0
8,infeed_queue_boxes,1.0,2.0
9,infeed_queue_boxes,0.0,0.0
10,infeed_queue_boxes,0.0,0.0
11,infeed_queue_boxes,1.0,2.0
12,infeed_queue_boxes,0.0,0.0
13,infeed_queue_boxes,0.0,0.0
14,infeed_queue_boxes,2.0,2.0
15,infeed_queue_boxes,0.0,0.0
16,infeed_queue_boxes,0.0,0.0
17,infeed_queue_boxes,0.0,0.0
18,infeed_queue_boxes,0.0,0.0
19,infeed_queue_boxes,1.0,2.0
20,infeed_queue_boxes,1.0,2.0
21,infeed_queue_boxes,0.0,0.0
22,infeed_queue_boxes,0.0,0.0
23,infeed_queue_boxes,1.0,2.0
24,infeed_queue_boxes,0.0,0.0
25,infeed_queue_boxes,0.0,0.0
26,infeed_queue_boxes,2.0,2.0
27,infeed_queue_boxes,0.0,0.0
28,infeed_queue_boxes,1.0,2.0
29,infeed_queue_boxes,0.0,0.0
30,infeed_queue_boxes,0.0,0.0
31,infeed_queue_boxes,1.0,2.0
32,infeed_queue_boxes,1.0,2.0
33,infeed_queue_boxes,0.0,0.0
34,infeed_queue_boxes,0.0,0.0
35,infeed_queue_boxes,1.0,2.0
36,infeed_queue_boxes,0.0,0.0
37,infeed_queue_boxes,0.0,0.0
38,infeed_queue_boxes,2.0,2.0
39,infeed_queue_boxes,0.0,0.0
40,infeed_queue_boxes,1.0,2.0
41,infeed_queue_boxes,0.0,0.0
42,infeed_queue_boxes,0.0,0.0
43,infeed_queue_boxes,1.0,2.0
44,infeed_queue_boxes,1.0,2.0
45,infeed_queue_boxes,0.0,0.0
46,infeed_queue_boxes,0.0,0.0
47,infeed_queue_boxes,1.0,2.0
48,infeed_queue_boxes,0.0,0.0
49,infeed_queue_boxes,0.0,0.0
50,infeed_queue_boxes,2.0,2.0
51,infeed_queue_boxes,0.0,0.0
52,infeed_queue_boxes,0.0,0.0
53,infeed_queue_boxes,0.0,0.0
54,infeed_queue_boxes,0.0,0.0
55,infeed_queue_boxes,1.0,2.0
56,infeed_queue_boxes,1.0,2.0
57,infeed_queue_boxes,0.0,0.0
58,infeed_queue_boxes,0.0,0.0
59,infeed_queue_boxes,1.0,2.0
60,infeed_queue_boxes,0.0,0.0
61,infeed_queue_boxes,0.0,0.0
62,infeed_queue_boxes,2.0,2.0
63,infeed_queue_boxes,0.0,0.0
64,infeed_queue_boxes,0.0,0.0
65,infeed_queue_boxes,0.0,0.0
66,infeed_queue_boxes,0.0,0.0
67,infeed_queue_boxes,1.0,2.0
68,infeed_queue_boxes,1.0,2.0
69,infeed_queue_boxes,0.0,0.0
70,infeed_queue_boxes,0.0,0.0
71,infeed_queue_boxes,1.0,2.0
72,infeed_queue_boxes,0.0,0.0
73,infeed_queue_boxes,0.0,0.0
74,infeed_queue_boxes,2.0,2.0
75,infeed_queue_boxes,0.0,0.0
76,infeed_queue_boxes,0.0,0.0
77,infeed_queue_boxes,0.0,0.0
78,infeed_queue_boxes,0.0,0.0
79,infeed_queue_boxes,1.0,2.0
80,infeed_queue_boxes,1.0,2.0
81,infeed_queue_boxes,0.0,0.0
82,infeed_queue_boxes,0.0,0.0
83,infeed_queue_boxes,1.0,2.0
84,infeed_queue_boxes,0.0,0.0
85,infeed_queue_boxes,0.0,0.0
86,infeed_queue_boxes,2.0,2.0
87,infeed_queue_boxes,0.0,0.0
88,infeed_queue_boxes,1.0,2.0
89,infeed_queue_boxes,0.0,0.0
90,infeed_queue_boxes,0.0,0.0
91,infeed_queue_boxes,1.0,2.0
92,infeed_queue_boxes,1.0,2.0
93,infeed_queue_boxes,0.0,0.0
94,infeed_queue_boxes,0.0,0.0
95,infeed_queue_boxes,1.0,2.0
96,infeed_queue_boxes,0.0,0.0
97,infeed_queue_boxes,0.0,0.0
98,infeed_queue_boxes,2.0,2.0
99,infeed_queue_boxes,0.0,0.0
100,infeed_queue_boxes,1.0,2.0
101,infeed_queue_boxes,0.0,0.0
102,infeed_queue_boxes,0.0,0.0
103,infeed_queue_boxes,1.0,2.0
104,infeed_queue_boxes,1.0,2.0
105,infeed_queue_boxes,0.0,0.0
106,infeed_queue_boxes,0.0,0.0
107,infeed_queue_boxes,1.0,2.0
108,infeed_queue_boxes,0.0,0.0
109,infeed_queue_boxes,0.0,0.0
110,infeed_queue_boxes,2.0,2.0
111,infeed_queue_boxes,0.0,0.0
112,infeed_queue_boxes,1.0,2.0
113,infeed_queue_boxes,0.0,0.0
114,infeed_queue_boxes,0.0,0.0
115,infeed_queue_boxes,1.0,2.0
116,infeed_queue_boxes,1.0,2.0
117,infeed_queue_boxes,0.0,0.0
118,infeed_queue_boxes,0.0,0.0
119,infeed_queue_boxes,1.0,2.0
120,infeed_queue_boxes,0.0,0.0
121,infeed_queue_boxes,0.0,0.0
122,infeed_queue_boxes,2.0,2.0
123,infeed_queue_boxes,0.0,0.0
124,infeed_queue_boxes,1.0,2.0
125,infeed_queue_boxes,0.0,0.0
126,infeed_queue_boxes,0.0,0.0
127,infeed_queue_boxes,1.0,2.0
128,infeed_queue_boxes,1.0,2.0
129,infeed_queue_boxes,0.0,0.0
130,infeed_queue_boxes,0.0,0.0
131,infeed_queue_boxes,1.0,2.0
132,infeed_queue_boxes,0.0,0.0
133,infeed_queue_boxes,0.0,0.0
134,infeed_queue_boxes,2.0,2.0
135,infeed_queue_boxes,0.0,0.0
136,infeed_queue_boxes,1.0,2.0
137,infeed_queue_boxes,0.0,0.0
138,infeed_queue_boxes,0.0,0.0
139,infeed_queue_boxes,1.0,2.0
140,infeed_queue_boxes,1.0,2.0
141,infeed_queue_boxes,0.0,0.0
142,infeed_queue_boxes,0.0,0.0
143,infeed_queue_boxes,1.0,2.0
144,infeed_queue_boxes,0.0,0.0
145,infeed_queue_boxes,0.0,0.0
146,infeed_queue_boxes,2.0,2.0
147,infeed_queue_boxes,0.0,0.0
148,infeed_queue_boxes,1.0,2.0
149,infeed_queue_boxes,0.0,0.0
150,infeed_queue_boxes,0.0,0.0
151,infeed_queue_boxes,1.0,2.0
152,infeed_queue_boxes,1.0,2.0
153,infeed_queue_boxes,0.0,0.0
154,infeed_queue_boxes,0.0,0.0
155,infeed_queue_boxes,1.0,2.0
156,infeed_queue_boxes,0.0,0.0
157,infeed_queue_boxes,0.0,0.0
158,infeed_queue_boxes,2.0,2.0
159,infeed_queue_boxes,0.0,0.0
160,infeed_queue_boxes,1.0,2.0
161,infeed_queue_boxes,0.0,0.0
162,infeed_queue_boxes,0.0,0.0
163,infeed_queue_boxes,1.0,2.0
164,infeed_queue_boxes,1.0,2.0
165,infeed_queue_boxes,0.0,0.0
166,infeed_queue_boxes,0.0,0.0
167,infeed_queue_boxes,1.0,2.0
168,infeed_queue_boxes,0.0,0.0
169,infeed_queue_boxes,0.0,0.0
170,infeed_queue_boxes,2.0,2.0
171,infeed_queue_boxes,0.0,0.0
172,infeed_queue_boxes,0.0,0.0
173,infeed_queue_boxes,0.0,0.0
174,infeed_queue_boxes,0.0,0.0
175,infeed_queue_boxes,1.0,2.0
176,infeed_queue_boxes,1.0,2.0
177,infeed_queue_boxes,0.0,0.0
178,infeed_queue_boxes,0.0,0.0
179,infeed_queue_boxes,1.0,2.0
180,infeed_queue_boxes,0.0,0.0
181,infeed_queue_boxes,0.0,0.0
182,infeed_queue_boxes,2.0,2.0
183,infeed_queue_boxes,0.0,0.0
184,infeed_queue_boxes,0.0,0.0
185,infeed_queue_boxes,0.0,0.0
186,infeed_queue_boxes,0.0,0.0
187,infeed_queue_boxes,1.0,2.0
188,infeed_queue_boxes,1.0,2.0
189,infeed_queue_boxes,0.0,0.0
190,infeed_queue_boxes,0.0,0.0
191,infeed_queue_boxes,1.0,2.0
192,infeed_queue_boxes,0.0,0.0
193,infeed_queue_boxes,0.0,0.0
194,infeed_queue_boxes,2.0,2.0
195,infeed_queue_boxes,0.0,0.0
196,infeed_queue_boxes,0.0,0.0
197,infeed_queue_boxes,0.0,0.0
198,infeed_queue_boxes,0.0,0.0
199,infeed_queue_boxes,1.0,2.0
200,infeed_queue_boxes,1.0,2.0
201,infeed_queue_boxes,0.0,0.0
202,infeed_queue_boxes,0.0,0.0
203,infeed_queue_boxes,1.0,2.0
204,infeed_queue_boxes,0.0,0.0
205,infeed_queue_boxes,0.0,0.0
206,infeed_queue_boxes,2.0,2.0
207,infeed_queue_boxes,0.0,0.0
208,infeed_queue_boxes,0.0,0.0
209,infeed_queue_boxes,0.0,0.0
210,infeed_queue_boxes,0.0,0.0
211,infeed_queue_boxes,1.0,2.0
212,infeed_queue_boxes,1.0,2.0
213,infeed_queue_boxes,0.0,0.0
214,infeed_queue_boxes,0.0,0.0
215,infeed_queue_boxes,1.0,2.0
216,infeed_queue_boxes,0.0,0.0
217,infeed_queue_boxes,0.0,0.0
218,infeed_queue_boxes,2.0,2.0
219,infeed_queue_boxes,0.0,0.0
220,infeed_queue_boxes,0.0,0.0
221,infeed_queue_boxes,0.0,0.0
222,infeed_queue_boxes,0.0,0.0
223,infeed_queue_boxes,1.0,2.0
224,infeed_queue_boxes,1.0,2.0
225,infeed_queue_boxes,0.0,0.0
226,infeed_queue_boxes,0.0,0.0
227,infeed_queue_boxes,1.0,2.0
228,infeed_queue_boxes,0.0,0.0
229,infeed_queue_boxes,0.0,0.0
230,infeed_queue_boxes,2.0,2.0
231,infeed_queue_boxes,0.0,0.0
232,infeed_queue_boxes,0.0,0.0
233,infeed_queue_boxes,0.0,0.0
234,infeed_queue_boxes,0.0,0.0
235,infeed_queue_boxes,1.0,2.0
236,infeed_queue_boxes,1.0,2.0
237,infeed_queue_boxes,0.0,0.0
238,infeed_queue_boxes,0.0,0.0
239,infeed_queue_boxes,1.0,2.0
240,infeed_queue_boxes,0.0,0.0
241,infeed_queue_boxes,0.0,0.0
242,infeed_queue_boxes,2.0,2.0
243,infeed_queue_boxes,0.0,0.0
244,infeed_queue_boxes,0.0,0.0
245,infeed_queue_boxes,0.0,0.0
246,infeed_queue_boxes,0.0,0.0
247,infeed_queue_boxes,1.0,2.0
248,infeed_queue_boxes,1.0,2.0
249,infeed_queue_boxes,0.0,0.0
250,infeed_queue_boxes,0.0,0.0
251,infeed_queue_boxes,1.0,2.0
252,infeed_queue_boxes,0.0,0.0
253,infeed_queue_boxes,0.0,0.0
254,infeed_queue_boxes,2.0,2.0
255,infeed_queue_boxes,0.0,0.0
256,infeed_queue_boxes,0.0,0.0
257,infeed_queue_boxes,0.0,0.0
258,infeed_queue_boxes,0.0,0.0
259,infeed_queue_boxes,1.0,2.0
260,infeed_queue_boxes,1.0,2.0
261,infeed_queue_boxes,0.0,0.0
262,infeed_queue_boxes,0.0,0.0
263,infeed_queue_boxes,1.0,2.0
264,infeed_queue_boxes,0.0,0.0
265,infeed_queue_boxes,0.0,0.0
266,infeed_queue_boxes,2.0,2.0
267,infeed_queue_boxes,0.0,0.0
268,infeed_queue_boxes,0.0,0.0
269,infeed_queue_boxes,0.0,0.0
270,infeed_queue_boxes,0.0,0.0
271,infeed_queue_boxes,1.0,2.0
272,infeed_queue_boxes,1.0,2.0
273,infeed_queue_boxes,0.0,0.0
274,infeed_queue_boxes,0.0,0.0
275,infeed_queue_boxes,1.0,2.0
276,infeed_queue_boxes,0.0,0.0
277,infeed_queue_boxes,0.0,0.0
278,infeed_queue_boxes,2.0,2.0
279,infeed_queue_boxes,0.0,0.0
280,infeed_queue_boxes,0.0,0.0
281,infeed_queue_boxes,0.0,0.0
282,infeed_queue_boxes,0.0,0.0
283,infeed_queue_boxes,1.0,2.0
284,infeed_queue_boxes,1.0,2.0
285,infeed_queue_boxes,0.0,0.0
286,infeed_queue_boxes,0.0,0.0
287,infeed_queue_boxes,1.0,2.0
288,infeed_queue_boxes,0.0,0.0
289,infeed_queue_boxes,0.0,0.0
290,infeed_queue_boxes,2.0,2.0
291,infeed_queue_boxes,0.0,0.0
292,infeed_queue_boxes,0.0,0.0
293,infeed_queue_boxes,0.0,0.0
294,infeed_queue_boxes,0.0,0.0
295,infeed_queue_boxes,1.0,2.0
296,infeed_queue_boxes,1.0,2.0
297,infeed_queue_boxes,0.0,0.0
298,infeed_queue_boxes,0.0,0.0
299,infeed_queue_boxes,1.0,2.0
300,infeed_queue_boxes,0.0,0.0
301,infeed_queue_boxes,0.0,0.0
302,infeed_queue_boxes,2.0,2.0
303,infeed_queue_boxes,0.0,0.0
304,infeed_queue_boxes,0.0,0.0
305,infeed_queue_boxes,0.0,0.0
306,infeed_queue_boxes,0.0,0.0
307,infeed_queue_boxes,1.0,2.0
308,infeed_queue_boxes,1.0,2.0
309,infeed_queue_boxes,0.0,0.0
310,infeed_queue_boxes,0.0,0.0
311,infeed_queue_boxes,1.0,2.0
312,infeed_queue_boxes,0.0,0.0
313,infeed_queue_boxes,0.0,0.0
314,infeed_queue_boxes,2.0,2.0
315,infeed_queue_boxes,0.0,0.0
316,infeed_queue_boxes,0.0,0.0
317,infeed_queue_boxes,0.0,0.0
318,infeed_queue_boxes,0.0,0.0
319,infeed_queue_boxes,1.0,2.0
320,infeed_queue_boxes,1.0,2.0
321,infeed_queue_boxes,0.0,0.0
322,infeed_queue_boxes,0.0,0.0
323,infeed_queue_boxes,1.0,2.0
324,infeed_queue_boxes,0.0,0.0
325,infeed_queue_boxes,0.0,0.0
326,infeed_queue_boxes,2.0,2.0
327,infeed_queue_boxes,0.0,0.0
328,infeed_queue_boxes,0.0,0.0
329,infeed_queue_boxes,0.0,0.0
330,infeed_queue_boxes,0.0,0.0
331,infeed_queue_boxes,1.0,2.0
332,infeed_queue_boxes,1.0,2.0
333,infeed_queue_boxes,0.0,0.0
334,infeed_queue_boxes,0.0,0.0
335,infeed_queue_boxes,1.0,2.0
336,infeed_queue_boxes,0.0,0.0
337,infeed_queue_boxes,0.0,0.0
338,infeed_queue_boxes,2.0,2.0
339,infeed_queue_boxes,0.0,0.0
340,infeed_queue_boxes,0.0,0.0
341,infeed_queue_boxes,0.0,0.0
342,infeed_queue_boxes,0.0,0.0
343,infeed_queue_boxes,1.0,2.0
344,infeed_queue_boxes,1.0,2.0
345,infeed_queue_boxes,0.0,0.0
346,infeed_queue_boxes,0.0,0.0
347,infeed_queue_boxes,1.0,2.0
348,infeed_queue_boxes,0.0,0.0
349,infeed_queue_boxes,0.0,0.0
350,infeed_queue_boxes,2.0,2.0
351,infeed_queue_boxes,0.0,0.0
352,infeed_queue_boxes,0.0,0.0
353,infeed_queue_boxes,0.0,0.0
354,infeed_queue_boxes,0.0,0.0
355,infeed_queue_boxes,1.0,2.0
356,infeed_queue_boxes,1.0,2.0
357,infeed_queue_boxes,0.0,0.0
358,infeed_queue_boxes,0.0,0.0
359,infeed_queue_boxes,1.0,2.0
360,infeed_queue_boxes,0.0,0.0
361,infeed_queue_boxes,0.0,0.0
362,infeed_queue_boxes,2.0,2.0
363,infeed_queue_boxes,0.0,0.0
364,infeed_queue_boxes,0.0,0.0
365,infeed_queue_boxes,0.0,0.0
366,infeed_queue_boxes,0.0,0.0
367,infeed_queue_boxes,1.0,2.0
368,infeed_queue_boxes,1.0,2.0
369,infeed_queue_boxes,0.0,0.0
370,infeed_queue_boxes,0.0,0.0
371,infeed_queue_boxes,1.0,2.0
372,infeed_queue_boxes,0.0,0.0
373,infeed_queue_boxes,0.0,0.0
374,infeed_queue_boxes,2.0,2.0
375,infeed_queue_boxes,0.0,0.0
376,infeed_queue_boxes,0.0,0.0
377,infeed_queue_boxes,0.0,0.0
378,infeed_queue_boxes,0.0,0.0
379,infeed_queue_boxes,1.0,2.0
380,infeed_queue_boxes,1.0,2.0
381,infeed_queue_boxes,0.0,0.0
382,infeed_queue_boxes,0.0,0.0
383,infeed_queue_boxes,1.0,2.0
384,infeed_queue_boxes,0.0,0.0
385,infeed_queue_boxes,0.0,0.0
386,infeed_queue_boxes,2.0,2.0
387,infeed_queue_boxes,0.0,0.0
388,infeed_queue_boxes,0.0,0.0
389,infeed_queue_boxes,0.0,0.0
390,infeed_queue_boxes,0.0,0.0
391,infeed_queue_boxes,1.0,2.0
392,infeed_queue_boxes,1.0,2.0
393,infeed_queue_boxes,0.0,0.0
394,infeed_queue_boxes,0.0,0.0
395,infeed_queue_boxes,1.0,2.0
396,infeed_queue_boxes,0.0,0.0
397,infeed_queue_boxes,0.0,0.0
398,infeed_queue_boxes,2.0,2.0
399,infeed_queue_boxes,0.0,0.0
400,infeed_queue_boxes,0.0,0.0
401,infeed_queue_boxes,0.0,0.0
402,infeed_queue_boxes,0.0,0.0
403,infeed_queue_boxes,1.0,2.0
404,infeed_queue_boxes,1.0,2.0
405,infeed_queue_boxes,0.0,0.0
406,infeed_queue_boxes,0.0,0.0
407,infeed_queue_boxes,1.0,2.0
408,infeed_queue_boxes,0.0,0.0
409,infeed_queue_boxes,0.0,0.0
410,infeed_queue_boxes,2.0,2.0
411,infeed_queue_boxes,0.0,0.0
412,infeed_queue_boxes,0.0,0.0
413,infeed_queue_boxes,0.0,0.0
414,infeed_queue_boxes,0.0,0.0
415,infeed_queue_boxes,1.0,2.0
416,infeed_queue_boxes,1.0,2.0
417,infeed_queue_boxes,0.0,0.0
418,infeed_queue_boxes,0.0,0.0
419,infeed_queue_boxes,1.0,2.0
420,infeed_queue_boxes,0.0,0.0
421,infeed_queue_boxes,0.0,0.0
422,infeed_queue_boxes,2.0,2.0
423,infeed_queue_boxes,0.0,0.0
424,infeed_queue_boxes,0.0,0.0
425,infeed_queue_boxes,0.0,0.0
426,infeed_queue_boxes,0.0,0.0
427,infeed_queue_boxes,1.0,2.0
428,infeed_queue_boxes,1.0,2.0
429,infeed_queue_boxes,0.0,0.0
430,infeed_queue_boxes,0.0,0.0
431,infeed_queue_boxes,1.0,2.0
432,infeed_queue_boxes,0.0,0.0
433,infeed_queue_boxes,0.0,0.0
434,infeed_queue_boxes,2.0,2.0
435,infeed_queue_boxes,0.0,0.0
436,infeed_queue_boxes,0.0,0.0
437,infeed_queue_boxes,0.0,0.0
438,infeed_queue_boxes,0.0,0.0
439,infeed_queue_boxes,1.0,2.0
440,infeed_queue_boxes,1.0,2.0
441,infeed_queue_boxes,0.0,0.0
442,infeed_queue_boxes,0.0,0.0
443,infeed_queue_boxes,1.0,2.0
444,infeed_queue_boxes,0.0,0.0
445,infeed_queue_boxes,0.0,0.0
446,infeed_queue_boxes,2.0,2.0
447,infeed_queue_boxes,0.0,0.0
448,infeed_queue_boxes,0.0,0.0
449,infeed_queue_boxes,0.0,0.0
450,infeed_queue_boxes,0.0,0.0
451,infeed_queue_boxes,1.0,2.0
452,infeed_queue_boxes,1.0,2.0
453,infeed_queue_boxes,0.0,0.0
454,infeed_queue_boxes,0.0,0.0
455,infeed_queue_boxes,1.0,2.0
456,infeed_queue_boxes,0.0,0.0
457,infeed_queue_boxes,0.0,0.0
458,infeed_queue_boxes,2.0,2.0
459,infeed_queue_boxes,0.0,0.0
460,infeed_queue_boxes,0.0,0.0
461,infeed_queue_boxes,0.0,0.0
462,infeed_queue_boxes,0.0,0.0
463,infeed_queue_boxes,1.0,2.0
464,infeed_queue_boxes,1.0,2.0
465,infeed_queue_boxes,0.0,0.0
466,infeed_queue_boxes,0.0,0.0
467,infeed_queue_boxes,1.0,2.0
468,infeed_queue_boxes,0.0,0.0
469,infeed_queue_boxes,0.0,0.0
470,infeed_queue_boxes,2.0,2.0
471,infeed_queue_boxes,0.0,0.0
472,infeed_queue_boxes,0.0,0.0
473,infeed_queue_boxes,0.0,0.0
474,infeed_queue_boxes,0.0,0.0
475,infeed_queue_boxes,1.0,2.0
476,infeed_queue_boxes,1.0,2.0
477,infeed_queue_boxes,0.0,0.0
478,infeed_queue_boxes,0.0,0.0
479,infeed_queue_boxes,1.0,2.0
480,infeed_queue_boxes,0.0,0.0
481,infeed_queue_boxes,0.0,0.0
482,infeed_queue_boxes,2.0,2.0
483,infeed_queue_boxes,0.0,0.0
484,infeed_queue_boxes,0.0,0.0
485,infeed_queue_boxes,0.0,0.0
486,infeed_queue_boxes,0.0,0.0
487,infeed_queue_boxes,1.0,2.0
488,infeed_queue_boxes,1.0,2.0
489,infeed_queue_boxes,0.0,0.0
490,infeed_queue_boxes,0.0,0.0
491,infeed_queue_boxes,1.0,2.0
492,infeed_queue_boxes,0.0,0.0
493,infeed_queue_boxes,0.0,0.0
494,infeed_queue_boxes,2.0,2.0
495,infeed_queue_boxes,0.0,0.0
496,infeed_queue_boxes,0.0,0.0
497,infeed_queue_boxes,0.0,0.0
498,infeed_queue_boxes,0.0,0.0
499,infeed_queue_boxes,1.0,2.0
500,infeed_queue_boxes,1.0,2.0
501,infeed_queue_boxes,0.0,0.0
502,infeed_queue_boxes,0.0,0.0
503,infeed_queue_boxes,1.0,2.0
504,infeed_queue_boxes,0.0,0.0
505,infeed_queue_boxes,0.0,0.0
506,infeed_queue_boxes,2.0,2.0
507,infeed_queue_boxes,0.0,0.0
508,infeed_queue_boxes,0.0,0.0
509,infeed_queue_boxes,0.0,0.0
510,infeed_queue_boxes,0.0,0.0
511,infeed_queue_boxes,1.0,2.0
512,infeed_queue_boxes,1.0,2.0
513,infeed_queue_boxes,0.0,0.0
514,infeed_queue_boxes,0.0,0.0
515,infeed_queue_boxes,1.0,2.0
516,infeed_queue_boxes,0.0,0.0
517,infeed_queue_boxes,0.0,0.0
518,infeed_queue_boxes,2.0,2.0
519,infeed_queue_boxes,0.0,0.0
520,infeed_queue_boxes,0.0,0.0
521,infeed_queue_boxes,0.0,0.0
522,infeed_queue_boxes,0.0,0.0
523,infeed_queue_boxes,1.0,2.0
524,infeed_queue_boxes,1.0,2.0
525,infeed_queue_boxes,0.0,0.0
526,infeed_queue_boxes,0.0,0.0
527,infeed_queue_boxes,1.0,2.0
528,infeed_queue_boxes,0.0,0.0
529,infeed_queue_boxes,0.0,0.0
530,infeed_queue_boxes,2.0,2.0
531,infeed_queue_boxes,0.0,0.0
532,infeed_queue_boxes,0.0,0.0
533,infeed_queue_boxes,0.0,0.0
534,infeed_queue_boxes,0.0,0.0
535,infeed_queue_boxes,1.0,2.0
536,infeed_queue_boxes,1.0,2.0
537,infeed_queue_boxes,0.0,0.0
538,infeed_queue_boxes,0.0,0.0
539,infeed_queue_boxes,1.0,2.0
540,infeed_queue_boxes,0.0,0.0
541,infeed_queue_boxes,0.0,0.0
542,infeed_queue_boxes,2.0,2.0
543,infeed_queue_boxes,0.0,0.0
544,infeed_queue_boxes,0.0,0.0
545,infeed_queue_boxes,0.0,0.0
546,infeed_queue_boxes,0.0,0.0
547,infeed_queue_boxes,1.0,2.0
548,infeed_queue_boxes,1.0,2.0
549,infeed_queue_boxes,0.0,0.0
550,infeed_queue_boxes,0.0,0.0
551,infeed_queue_boxes,1.0,2.0
552,infeed_queue_boxes,0.0,0.0
553,infeed_queue_boxes,0.0,0.0
554,infeed_queue_boxes,2.0,2.0
555,infeed_queue_boxes,0.0,0.0
556,infeed_queue_boxes,0.0,0.0
557,infeed_queue_boxes,0.0,0.0
558,infeed_queue_boxes,0.0,0.0
559,infeed_queue_boxes,1.0,2.0
560,infeed_queue_boxes,1.0,2.0
561,infeed_queue_boxes,0.0,0.0
562,infeed_queue_boxes,0.0,0.0
563,infeed_queue_boxes,1.0,2.0
564,infeed_queue_boxes,0.0,0.0
565,infeed_queue_boxes,0.0,0.0
566,infeed_queue_boxes,2.0,2.0
567,infeed_queue_boxes,0.0,0.0
568,infeed_queue_boxes,0.0,0.0
569,infeed_queue_boxes,0.0,0.0
570,infeed_queue_boxes,0.0,0.0
571,infeed_queue_boxes,1.0,2.0
572,infeed_queue_boxes,1.0,2.0
573,infeed_queue_boxes,0.0,0.0
574,infeed_queue_boxes,0.0,0.0
575,infeed_queue_boxes,1.0,2.0
576,infeed_queue_boxes,0.0,0.0
577,infeed_queue_boxes,0.0,0.0
578,infeed_queue_boxes,2.0,2.0
579,infeed_queue_boxes,0.0,0.0
580,infeed_queue_boxes,0.0,0.0
581,infeed_queue_boxes,0.0,0.0
582,infeed_queue_boxes,0.0,0.0
583,infeed_queue_boxes,1.0,2.0
584,infeed_queue_boxes,1.0,2.0
585,infeed_queue_boxes,0.0,0.0
586,infeed_queue_boxes,0.0,0.0
587,infeed_queue_boxes,1.0,2.0
588,infeed_queue_boxes,0.0,0.0
589,infeed_queue_boxes,0.0,0.0
590,infeed_queue_boxes,2.0,2.0
591,infeed_queue_boxes,0.0,0.0
592,infeed_queue_boxes,0.0,0.0
593,infeed_queue_boxes,0.0,0.0
594,infeed_queue_boxes,0.0,0.0
595,infeed_queue_boxes,1.0,2.0
596,infeed_queue_boxes,1.0,2.0
597,infeed_queue_boxes,0.0,0.0
598,infeed_queue_boxes,0.0,0.0
599,infeed_queue_boxes,1.0,2.0
600,infeed_queue_boxes,0.0,0.0
601,infeed_queue_boxes,0.0,0.0
602,infeed_queue_boxes,2.0,2.0
603,infeed_queue_boxes,0.0,0.0
604,infeed_queue_boxes,0.0,0.0
605,infeed_queue_boxes,0.0,0.0
606,infeed_queue_boxes,0.0,0.0
607,infeed_queue_boxes,1.0,2.0
608,infeed_queue_boxes,1.0,2.0
609,infeed_queue_boxes,0.0,0.0
610,infeed_queue_boxes,0.0,0.0
611,infeed_queue_boxes,1.0,2.0
612,infeed_queue_boxes,0.0,0.0
613,infeed_queue_boxes,0.0,0.0
614,infeed_queue_boxes,2.0,2.0
615,infeed_queue_boxes,0.0,0.0
616,infeed_queue_boxes,0.0,0.0
617,infeed_queue_boxes,0.0,0.0
618,infeed_queue_boxes,0.0,0.0
619,infeed_queue_boxes,1.0,2.0
620,infeed_queue_boxes,1.0,2.0
621,infeed_queue_boxes,0.0,0.0
622,infeed_queue_boxes,0.0,0.0
623,infeed_queue_boxes,1.0,2.0
624,infeed_queue_boxes,0.0,0.0
625,infeed_queue_boxes,0.0,0.0
626,infeed_queue_boxes,2.0,2.0
627,infeed_queue_boxes,0.0,0.0
628,infeed_queue_boxes,0.0,0.0
629,infeed_queue_boxes,0.0,0.0
630,infeed_queue_boxes,0.0,0.0
631,infeed_queue_boxes,1.0,2.0
632,infeed_queue_boxes,1.0,2.0
633,infeed_queue_boxes,0.0,0.0
634,infeed_queue_boxes,0.0,0.0
635,infeed_queue_boxes,1.0,2.0
636,infeed_queue_boxes,0.0,0.0
637,infeed_queue_boxes,0.0,0.0
638,infeed_queue_boxes,2.0,2.0
639,infeed_queue_boxes,0.0,0.0
640,infeed_queue_boxes,0.0,0.0
641,infeed_queue_boxes,0.0,0.0
642,infeed_queue_boxes,0.0,0.0
643,infeed_queue_boxes,1.0,2.0
644,infeed_queue_boxes,1.0,2.0
645,infeed_queue_boxes,0.0,0.0
646,infeed_queue_boxes,0.0,0.0
647,infeed_queue_boxes,1.0,2.0
648,infeed_queue_boxes,0.0,0.0
649,infeed_queue_boxes,0.0,0.0
650,infeed_queue_boxes,2.0,2.0
651,infeed_queue_boxes,0.0,0.0
652,infeed_queue_boxes,0.0,0.0
653,infeed_queue_boxes,0.0,0.0
654,infeed_queue_boxes,0.0,0.0
655,infeed_queue_boxes,1.0,2.0
656,infeed_queue_boxes,1.0,2.0
657,infeed_queue_boxes,0.0,0.0
658,infeed_queue_boxes,0.0,0.0
659,infeed_queue_boxes,1.0,2.0
660,infeed_queue_boxes,0.0,0.0
661,infeed_queue_boxes,0.0,0.0
662,infeed_queue_boxes,2.0,2.0
663,infeed_queue_boxes,0.0,0.0
664,infeed_queue_boxes,0.0,0.0
665,infeed_queue_boxes,0.0,0.0
666,infeed_queue_boxes,0.0,0.0
667,infeed_queue_boxes,1.0,2.0
668,infeed_queue_boxes,1.0,2.0
669,infeed_queue_boxes,0.0,0.0
670,infeed_queue_boxes,0.0,0.0
671,infeed_queue_boxes,1.0,2.0
672,infeed_queue_boxes,0.0,0.0
673,infeed_queue_boxes,0.0,0.0
674,infeed_queue_boxes,2.0,2.0
675,infeed_queue_boxes,0.0,0.0
676,infeed_queue_boxes,0.0,0.0
677,infeed_queue_boxes,0.0,0.0
678,infeed_queue_boxes,0.0,0.0
679,infeed_queue_boxes,1.0,2.0
680,infeed_queue_boxes,1.0,2.0
681,infeed_queue_boxes,0.0,0.0
682,infeed_queue_boxes,0.0,0.0
683,infeed_queue_boxes,1.0,2.0
684,infeed_queue_boxes,0.0,0.0
685,infeed_queue_boxes,0.0,0.0
686,infeed_queue_boxes,2.0,2.0
687,infeed_queue_boxes,0.0,0.0
688,infeed_queue_boxes,0.0,0.0
689,infeed_queue_boxes,0.0,0.0
690,infeed_queue_boxes,0.0,0.0
691,infeed_queue_boxes,1.0,2.0
692,infeed_queue_boxes,1.0,2.0
693,infeed_queue_boxes,0.0,0.0
694,infeed_queue_boxes,0.0,0.0
695,infeed_queue_boxes,1.0,2.0
696,infeed_queue_boxes,0.0,0.0
697,infeed_queue_boxes,0.0,0.0
698,infeed_queue_boxes,2.0,2.0
699,infeed_queue_boxes,0.0,0.0
700,infeed_queue_boxes,0.0,0.0
701,infeed_queue_boxes,0.0,0.0
702,infeed_queue_boxes,0.0,0.0
703,infeed_queue_boxes,1.0,2.0
704,infeed_queue_boxes,1.0,2.0
705,infeed_queue_boxes,0.0,0.0
706,infeed_queue_boxes,0.0,0.0
707,infeed_queue_boxes,1.0,2.0
708,infeed_queue_boxes,0.0,0.0
709,infeed_queue_boxes,0.0,0.0
710,infeed_queue_boxes,2.0,2.0
711,infeed_queue_boxes,0.0,0.0
712,infeed_queue_boxes,0.0,0.0
713,infeed_queue_boxes,0.0,0.0
714,infeed_queue_boxes,0.0,0.0
715,infeed_queue_boxes,1.0,2.0
716,infeed_queue_boxes,1.0,2.0
717,infeed_queue_boxes,0.0,0.0
718,infeed_queue_boxes,0.0,0.0
719,infeed_queue_boxes,1.0,2.0
720,infeed_queue_boxes,0.0,0.0
721,infeed_queue_boxes,0.0,0.0
722,infeed_queue_boxes,2.0,2.0
723,infeed_queue_boxes,0.0,0.0
724,infeed_queue_boxes,0.0,0.0
725,infeed_queue_boxes,0.0,0.0
726,infeed_queue_boxes,0.0,0.0
727,infeed_queue_boxes,1.0,2.0
728,infeed_queue_boxes,1.0,2.0
729,infeed_queue_boxes,0.0,0.0
730,infeed_queue_boxes,0.0,0.0
731,infeed_queue_boxes,1.0,2.0
732,infeed_queue_boxes,0.0,0.0
733,infeed_queue_boxes,0.0,0.0
734,infeed_queue_boxes,2.0,2.0
735,infeed_queue_boxes,0.0,0.0
736,infeed_queue_boxes,0.0,0.0
737,infeed_queue_boxes,0.0,0.0
738,infeed_queue_boxes,0.0,0.0
739,infeed_queue_boxes,1.0,2.0
740,infeed_queue_boxes,1.0,2.0
741,infeed_queue_boxes,0.0,0.0
742,infeed_queue_boxes,0.0,0.0
743,infeed_queue_boxes,1.0,2.0
744,infeed_queue_boxes,0.0,0.0
745,infeed_queue_boxes,0.0,0.0
746,infeed_queue_boxes,2.0,2.0
747,infeed_queue_boxes,0.0,0.0
748,infeed_queue_boxes,0.0,0.0
749,infeed_queue_boxes,0.0,0.0
750,infeed_queue_boxes,0.0,0.0
751,infeed_queue_boxes,1.0,2.0
752,infeed_queue_boxes,1.0,2.0
753,infeed_queue_boxes,0.0,0.0
754,infeed_queue_boxes,0.0,0.0
755,infeed_queue_boxes,1.0,2.0
756,infeed_queue_boxes,0.0,0.0
757,infeed_queue_boxes,0.0,0.0
758,infeed_queue_boxes,2.0,2.0
759,infeed_queue_boxes,0.0,0.0
760,infeed_queue_boxes,0.0,0.0
761,infeed_queue_boxes,0.0,0.0
762,infeed_queue_boxes,0.0,0.0
763,infeed_queue_boxes,1.0,2.0
764,infeed_queue_boxes,1.0,2.0
765,infeed_queue_boxes,0.0,0.0
766,infeed_queue_boxes,0.0,0.0
767,infeed_queue_boxes,1.0,2.0
768,infeed_queue_boxes,0.0,0.0
769,infeed_queue_boxes,0.0,0.0
770,infeed_queue_boxes,2.0,2.0
771,infeed_queue_boxes,0.0,0.0
772,infeed_queue_boxes,0.0,0.0
773,infeed_queue_boxes,0.0,0.0
774,infeed_queue_boxes,0.0,0.0
775,infeed_queue_boxes,1.0,2.0
776,infeed_queue_boxes,1.0,2.0
777,infeed_queue_boxes,0.0,0.0
778,infeed_queue_boxes,0.0,0.0
779,infeed_queue_boxes,1.0,2.0
780,infeed_queue_boxes,0.0,0.0
781,infeed_queue_boxes,0.0,0.0
782,infeed_queue_boxes,2.0,2.0
783,infeed_queue_boxes,0.0,0.0
784,infeed_queue_boxes,0.0,0.0
785,infeed_queue_boxes,0.0,0.0
786,infeed_queue_boxes,0.0,0.0
787,infeed_queue_boxes,1.0,2.0
788,infeed_queue_boxes,1.0,2.0
789,infeed_queue_boxes,0.0,0.0
790,infeed_queue_boxes,0.0,0.0
791,infeed_queue_boxes,1.0,2.0
792,infeed_queue_boxes,0.0,0.0
793,infeed_queue_boxes,0.0,0.0
794,infeed_queue_boxes,2.0,2.0
795,infeed_queue_boxes,0.0,0.0
796,infeed_queue_boxes,0.0,0.0
797,infeed_queue_boxes,0.0,0.0
798,infeed_queue_boxes,0.0,0.0
799,infeed_queue_boxes,1.0,2.0
800,infeed_queue_boxes,1.0,2.0
801,infeed_queue_boxes,0.0,0.0
802,infeed_queue_boxes,0.0,0.0
803,infeed_queue_boxes,1.0,2.0
804,infeed_queue_boxes,0.0,0.0
805,infeed_queue_boxes,0.0,0.0
806,infeed_queue_boxes,2.0,2.0
807,infeed_queue_boxes,0.0,0.0
808,infeed_queue_boxes,0.0,0.0
809,infeed_queue_boxes,0.0,0.0
810,infeed_queue_boxes,0.0,0.0
811,infeed_queue_boxes,1.0,2.0
812,infeed_queue_boxes,1.0,2.0
813,infeed_queue_boxes,0.0,0.0
814,infeed_queue_boxes,0.0,0.0
815,infeed_queue_boxes,1.0,2.0
816,infeed_queue_boxes,0.0,0.0
817,infeed_queue_boxes,0.0,0.0
818,infeed_queue_boxes,2.0,2.0
819,infeed_queue_boxes,0.0,0.0
820,infeed_queue_boxes,0.0,0.0
821,infeed_queue_boxes,0.0,0.0
822,infeed_queue_boxes,0.0,0.0
823,infeed_queue_boxes,1.0,2.0
824,infeed_queue_boxes,1.0,2.0
825,infeed_queue_boxes,0.0,0.0
826,infeed_queue_boxes,0.0,0.0
827,infeed_queue_boxes,1.0,2.0
828,infeed_queue_boxes,0.0,0.0
829,infeed_queue_boxes,0.0,0.0
830,infeed_queue_boxes,2.0,2.0
831,infeed_queue_boxes,0.0,0.0
832,infeed_queue_boxes,0.0,0.0
833,infeed_queue_boxes,0.0,0.0
834,infeed_queue_boxes,0.0,0.0
835,infeed_queue_boxes,1.0,2.0
836,infeed_queue_boxes,1.0,2.0
837,infeed_queue_boxes,0.0,0.0
838,infeed_queue_boxes,0.0,0.0
839,infeed_queue_boxes,1.0,2.0
840,infeed_queue_boxes,0.0,0.0
841,infeed_queue_boxes,0.0,0.0
842,infeed_queue_boxes,2.0,2.0
843,infeed_queue_boxes,0.0,0.0
844,infeed_queue_boxes,0.0,0.0
845,infeed_queue_boxes,0.0,0.0
846,infeed_queue_boxes,0.0,0.0
847,infeed_queue_boxes,1.0,2.0
848,infeed_queue_boxes,1.0,2.0
849,infeed_queue_boxes,0.0,0.0
850,infeed_queue_boxes,0.0,0.0
851,infeed_queue_boxes,1.0,2.0
852,infeed_queue_boxes,0.0,0.0
853,infeed_queue_boxes,0.0,0.0
854,infeed_queue_boxes,2.0,2.0
855,infeed_queue_boxes,0.0,0.0
856,infeed_queue_boxes,0.0,0.0
857,infeed_queue_boxes,0.0,0.0
858,infeed_queue_boxes,0.0,0.0
859,infeed_queue_boxes,1.0,2.0
860,infeed_queue_boxes,1.0,2.0
861,infeed_queue_boxes,0.0,0.0
862,infeed_queue_boxes,0.0,0.0
863,infeed_queue_boxes,1.0,2.0
864,infeed_queue_boxes,0.0,0.0
865,infeed_queue_boxes,0.0,0.0
866,infeed_queue_boxes,2.0,2.0
867,infeed_queue_boxes,0.0,0.0
868,infeed_queue_boxes,0.0,0.0
869,infeed_queue_boxes,0.0,0.0
870,infeed_queue_boxes,0.0,0.0
871,infeed_queue_boxes,1.0,2.0
872,infeed_queue_boxes,1.0,2.0
873,infeed_queue_boxes,0.0,0.0
874,infeed_queue_boxes,0.0,0.0
875,infeed_queue_boxes,1.0,2.0
876,infeed_queue_boxes,0.0,0.0
877,infeed_queue_boxes,0.0,0.0
878,infeed_queue_boxes,2.0,2.0
879,infeed_queue_boxes,0.0,0.0
880,infeed_queue_boxes,0.0,0.0
881,infeed_queue_boxes,0.0,0.0
882,infeed_queue_boxes,0.0,0.0
883,infeed_queue_boxes,1.0,2.0
884,infeed_queue_boxes,1.0,2.0
885,infeed_queue_boxes,0.0,0.0
886,infeed_queue_boxes,0.0,0.0
887,infeed_queue_boxes,1.0,2.0
888,infeed_queue_boxes,0.0,0.0
889,infeed_queue_boxes,0.0,0.0
890,infeed_queue_boxes,2.0,2.0
891,infeed_queue_boxes,0.0,0.0
892,infeed_queue_boxes,0.0,0.0
893,infeed_queue_boxes,0.0,0.0
894,infeed_queue_boxes,0.0,0.0
895,infeed_queue_boxes,1.0,2.0
896,infeed_queue_boxes,1.0,2.0
897,infeed_queue_boxes,0.0,0.0
898,infeed_queue_boxes,0.0,0.0
899,infeed_queue_boxes,1.0,2.0
900,infeed_queue_boxes,0.0,0.0
901,infeed_queue_boxes,0.0,0.0
902,infeed_queue_boxes,2.0,2.0
903,infeed_queue_boxes,0.0,0.0
904,infeed_queue_boxes,0.0,0.0
905,infeed_queue_boxes,0.0,0.0
906,infeed_queue_boxes,0.0,0.0
907,infeed_queue_boxes,1.0,2.0
908,infeed_queue_boxes,1.0,2.0
909,infeed_queue_boxes,0.0,0.0
910,infeed_queue_boxes,0.0,0.0
911,infeed_queue_boxes,1.0,2.0
912,infeed_queue_boxes,0.0,0.0
913,infeed_queue_boxes,0.0,0.0
914,infeed_queue_boxes,2.0,2.0
915,infeed_queue_boxes,0.0,0.0
916,infeed_queue_boxes,0.0,0.0
917,infeed_queue_boxes,0.0,0.0
918,infeed_queue_boxes,0.0,0.0
919,infeed_queue_boxes,1.0,2.0
920,infeed_queue_boxes,1.0,2.0
921,infeed_queue_boxes,0.0,0.0
922,infeed_queue_boxes,0.0,0.0
923,infeed_queue_boxes,1.0,2.0
924,infeed_queue_boxes,0.0,0.0
925,infeed_queue_boxes,0.0,0.0
926,infeed_queue_boxes,2.0,2.0
927,infeed_queue_boxes,0.0,0.0
928,infeed_queue_boxes,0.0,0.0
929,infeed_queue_boxes,0.0,0.0
930,infeed_queue_boxes,0.0,0.0
931,infeed_queue_boxes,1.0,2.0
932,infeed_queue_boxes,1.0,2.0
933,infeed_queue_boxes,0.0,0.0
934,infeed_queue_boxes,0.0,0.0
935,infeed_queue_boxes,1.0,2.0
936,infeed_queue_boxes,0.0,0.0
937,infeed_queue_boxes,0.0,0.0
938,infeed_queue_boxes,2.0,2.0
939,infeed_queue_boxes,0.0,0.0
940,infeed_queue_boxes,0.0,0.0
941,infeed_queue_boxes,0.0,0.0
942,infeed_queue_boxes,0.0,0.0
943,infeed_queue_boxes,1.0,2.0
944,infeed_queue_boxes,1.0,2.0
945,infeed_queue_boxes,0.0,0.0
946,infeed_queue_boxes,0.0,0.0
947,infeed_queue_boxes,1.0,2.0
948,infeed_queue_boxes,0.0,0.0
949,infeed_queue_boxes,0.0,0.0
950,infeed_queue_boxes,2.0,2.0
951,infeed_queue_boxes,0.0,0.0
952,infeed_queue_boxes,0.0,0.0
953,infeed_queue_boxes,0.0,0.0
954,infeed_queue_boxes,0.0,0.0
955,infeed_queue_boxes,1.0,2.0
956,infeed_queue_boxes,1.0,2.0
957,infeed_queue_boxes,0.0,0.0
958,infeed_queue_boxes,0.0,0.0
959,infeed_queue_boxes,1.0,2.0
960,infeed_queue_boxes,0.0,0.0
961,infeed_queue_boxes,0.0,0.0
962,infeed_queue_boxes,2.0,2.0
963,infeed_queue_boxes,0.0,0.0
964,infeed_queue_boxes,0.0,0.0
965,infeed_queue_boxes,0.0,0.0
966,infeed_queue_boxes,0.0,0.0
967,infeed_queue_boxes,1.0,2.0
968,infeed_queue_boxes,1.0,2.0
969,infeed_queue_boxes,0.0,0.0
970,infeed_queue_boxes,0.0,0.0
971,infeed_queue_boxes,1.0,2.0
972,infeed_queue_boxes,0.0,0.0
973,infeed_queue_boxes,0.0,0.0
974,infeed_queue_boxes,2.0,2.0
975,infeed_queue_boxes,0.0,0.0
976,infeed_queue_boxes,0.0,0.0
977,infeed_queue_boxes,0.0,0.0
978,infeed_queue_boxes,0.0,0.0
979,infeed_queue_boxes,1.0,2.0
980,infeed_queue_boxes,1.0,2.0
981,infeed_queue_boxes,0.0,0.0
982,infeed_queue_boxes,0.0,0.0
983,infeed_queue_boxes,1.0,2.0
984,infeed_queue_boxes,0.0,0.0
985,infeed_queue_boxes,0.0,0.0
986,infeed_queue_boxes,2.0,2.0
987,infeed_queue_boxes,0.0,0.0
988,infeed_queue_boxes,0.0,0.0
989,infeed_queue_boxes,0.0,0.0
990,infeed_queue_boxes,0.0,0.0
991,infeed_queue_boxes,1.0,2.0
992,infeed_queue_boxes,1.0,2.0
993,infeed_queue_boxes,0.0,0.0
994,infeed_queue_boxes,0.0,0.0
995,infeed_queue_boxes,1.0,2.0
996,infeed_queue_boxes,0.0,0.0
997,infeed_queue_boxes,0.0,0.0
998,infeed_queue_boxes,2.0,2.0
999,infeed_queue_boxes,0.0,0.0
1000,infeed_queue_boxes,0.0,0.0
1001,infeed_queue_boxes,0.0,0.0
1002,infeed_queue_boxes,0.0,0.0
1003,infeed_queue_boxes,1.0,2.0
1004,infeed_queue_boxes,1.0,2.0
1005,infeed_queue_boxes,0.0,0.0
1006,infeed_queue_boxes,0.0,0.0
1007,infeed_queue_boxes,1.0,2.0
1008,infeed_queue_boxes,0.0,0.0
1009,infeed_queue_boxes,0.0,0.0
1010,infeed_queue_boxes,2.0,2.0
1011,infeed_queue_boxes,0.0,0.0
1012,infeed_queue_boxes,0.0,0.0
1013,infeed_queue_boxes,0.0,0.0
1014,infeed_queue_boxes,0.0,0.0
1015,infeed_queue_boxes,1.0,2.0
1016,infeed_queue_boxes,1.0,2.0
1017,infeed_queue_boxes,0.0,0.0
1018,infeed_queue_boxes,0.0,0.0
1019,infeed_queue_boxes,1.0,2.0
1020,infeed_queue_boxes,0.0,0.0
1021,infeed_queue_boxes,0.0,0.0
1022,infeed_queue_boxes,2.0,2.0
1023,infeed_queue_boxes,0.0,0.0
1024,infeed_queue_boxes,0.0,0.0
1025,infeed_queue_boxes,0.0,0.0
1026,infeed_queue_boxes,0.0,0.0
1027,infeed_queue_boxes,1.0,2.0
1028,infeed_queue_boxes,1.0,2.0
1029,infeed_queue_boxes,0.0,0.0
1030,infeed_queue_boxes,0.0,0.0
1031,infeed_queue_boxes,1.0,2.0
1032,infeed_queue_boxes,0.0,0.0
1033,infeed_queue_boxes,0.0,0.0
1034,infeed_queue_boxes,2.0,2.0
1035,infeed_queue_boxes,0.0,0.0
1036,infeed_queue_boxes,0.0,0.0
1037,infeed_queue_boxes,0.0,0.0
1038,infeed_queue_boxes,0.0,0.0
1039,infeed_queue_boxes,1.0,2.0
1040,infeed_queue_boxes,1.0,2.0
1041,infeed_queue_boxes,0.0,0.0
1042,infeed_queue_boxes,0.0,0.0
1043,infeed_queue_boxes,1.0,2.0
1044,infeed_queue_boxes,0.0,0.0
1045,infeed_queue_boxes,0.0,0.0
1046,infeed_queue_boxes,2.0,2.0
1047,infeed_queue_boxes,0.0,0.0
1048,infeed_queue_boxes,0.0,0.0
1049,infeed_queue_boxes,0.0,0.0
1050,infeed_queue_boxes,0.0,0.0
1051,infeed_queue_boxes,1.0,2.0
1052,infeed_queue_boxes,1.0,2.0
1053,infeed_queue_boxes,0.0,0.0
1054,infeed_queue_boxes,0.0,0.0
1055,infeed_queue_boxes,1.0,2.0
1056,infeed_queue_boxes,0.0,0.0
1057,infeed_queue_boxes,0.0,0.0
1058,infeed_queue_boxes,2.0,2.0
1059,infeed_queue_boxes,0.0,0.0
1060,infeed_queue_boxes,0.0,0.0
1061,infeed_queue_boxes,0.0,0.0
1062,infeed_queue_boxes,0.0,0.0
1063,infeed_queue_boxes,1.0,2.0
1064,infeed_queue_boxes,1.0,2.0
1065,infeed_queue_boxes,0.0,0.0
1066,infeed_queue_boxes,0.0,0.0
1067,infeed_queue_boxes,1.0,2.0
1068,infeed_queue_boxes,0.0,0.0
1069,infeed_queue_boxes,0.0,0.0
1070,infeed_queue_boxes,2.0,2.0
1071,infeed_queue_boxes,0.0,0.0
1072,infeed_queue_boxes,0.0,0.0
1073,infeed_queue_boxes,0.0,0.0
1074,infeed_queue_boxes,0.0,0.0
1075,infeed_queue_boxes,1.0,2.0
1076,infeed_queue_boxes,1.0,2.0
1077,infeed_queue_boxes,0.0,0.0
1078,infeed_queue_boxes,0.0,0.0
1079,infeed_queue_boxes,1.0,2.0
1080,infeed_queue_boxes,0.0,0.0
1081,infeed_queue_boxes,0.0,0.0
1082,infeed_queue_boxes,2.0,2.0
1083,infeed_queue_boxes,0.0,0.0
1084,infeed_queue_boxes,0.0,0.0
1085,infeed_queue_boxes,0.0,0.0
1086,infeed_queue_boxes,0.0,0.0
1087,infeed_queue_boxes,1.0,2.0
1088,infeed_queue_boxes,1.0,2.0
1089,infeed_queue_boxes,0.0,0.0
1090,infeed_queue_boxes,0.0,0.0
1091,infeed_queue_boxes,1.0,2.0
1092,infeed_queue_boxes,0.0,0.0
1093,infeed_queue_boxes,0.0,0.0
1094,infeed_queue_boxes,2.0,2.0
1095,infeed_queue_boxes,0.0,0.0
1096,infeed_queue_boxes,0.0,0.0
1097,infeed_queue_boxes,0.0,0.0
1098,infeed_queue_boxes,0.0,0.0
1099,infeed_queue_boxes,1.0,2.0
1100,infeed_queue_boxes,1.0,2.0
1101,infeed_queue_boxes,0.0,0.0
1102,infeed_queue_boxes,0.0,0.0
1103,infeed_queue_boxes,1.0,2.0
1104,infeed_queue_boxes,0.0,0.0
1105,infeed_queue_boxes,0.0,0.0
1106,infeed_queue_boxes,2.0,2.0
1107,infeed_queue_boxes,0.0,0.0
1108,infeed_queue_boxes,0.0,0.0
1109,infeed_queue_boxes,0.0,0.0
1110,infeed_queue_boxes,0.0,0.0
1111,infeed_queue_boxes,1.0,2.0
1112,infeed_queue_boxes,1.0,2.0
1113,infeed_queue_boxes,0.0,0.0
1114,infeed_queue_boxes,0.0,0.0
1115,infeed_queue_boxes,1.0,2.0
1116,infeed_queue_boxes,0.0,0.0
1117,infeed_queue_boxes,0.0,0.0
1118,infeed_queue_boxes,2.0,2.0
1119,infeed_queue_boxes,0.0,0.0
1120,infeed_queue_boxes,0.0,0.0
1121,infeed_queue_boxes,0.0,0.0
1122,infeed_queue_boxes,0.0,0.0
1123,infeed_queue_boxes,1.0,2.0
1124,infeed_queue_boxes,1.0,2.0
1125,infeed_queue_boxes,0.0,0.0
1126,infeed_queue_boxes,0.0,0.0
1127,infeed_queue_boxes,1.0,2.0
1128,infeed_queue_boxes,0.0,0.0
1129,infeed_queue_boxes,0.0,0.0
1130,infeed_queue_boxes,2.0,2.0
1131,infeed_queue_boxes,0.0,0.0
1132,infeed_queue_boxes,0.0,0.0
1133,infeed_queue_boxes,0.0,0.0
1134,infeed_queue_boxes,0.0,0.0
1135,infeed_queue_boxes,1.0,2.0
1136,infeed_queue_boxes,1.0,2.0
1137,infeed_queue_boxes,0.0,0.0
1138,infeed_queue_boxes,0.0,0.0
1139,infeed_queue_boxes,1.0,2.0
1140,infeed_queue_boxes,0.0,0.0
1141,infeed_queue_boxes,0.0,0.0
1142,infeed_queue_boxes,2.0,2.0
1143,infeed_queue_boxes,0.0,0.0
1144,infeed_queue_boxes,0.0,0.0
1145,infeed_queue_boxes,0.0,0.0
1146,infeed_queue_boxes,0.0,0.0
1147,infeed_queue_boxes,1.0,2.0
1148,infeed_queue_boxes,1.0,2.0
1149,infeed_queue_boxes,0.0,0.0
1150,infeed_queue_boxes,0.0,0.0
1151,infeed_queue_boxes,1.0,2.0
1152,infeed_queue_boxes,0.0,0.0
1153,infeed_queue_boxes,0.0,0.0
1154,infeed_queue_boxes,2.0,2.0
1155,infeed_queue_boxes,0.0,0.0
1156,infeed_queue_boxes,0.0,0.0
1157,infeed_queue_boxes,0.0,0.0
1158,infeed_queue_boxes,0.0,0.0
1159,infeed_queue_boxes,1.0,2.0
1160,infeed_queue_boxes,1.0,2.0
1161,infeed_queue_boxes,0.0,0.0
1162,infeed_queue_boxes,0.0,0.0
1163,infeed_queue_boxes,1.0,2.0
1164,infeed_queue_boxes,0.0,0.0
1165,infeed_queue_boxes,0.0,0.0
1166,infeed_queue_boxes,2.0,2.0
1167,infeed_queue_boxes,0.0,0.0
1168,infeed_queue_boxes,0.0,0.0
1169,infeed_queue_boxes,0.0,0.0
1170,infeed_queue_boxes,0.0,0.0
1171,infeed_queue_boxes,1.0,2.0
1172,infeed_queue_boxes,1.0,2.0
1173,infeed_queue_boxes,0.0,0.0
1174,infeed_queue_boxes,0.0,0.0
1175,infeed_queue_boxes,1.0,2.0
1176,infeed_queue_boxes,0.0,0.0
1177,infeed_queue_boxes,0.0,0.0
1178,infeed_queue_boxes,2.0,2.0
1179,infeed_queue_boxes,0.0,0.0
1180,infeed_queue_boxes,1.0,2.0
1181,infeed_queue_boxes,0.0,0.0
1182,infeed_queue_boxes,0.0,0.0
1183,infeed_queue_boxes,1.0,2.0
1184,infeed_queue_boxes,1.0,2.0
1185,infeed_queue_boxes,0.0,0.0
1186,infeed_queue_boxes,0.0,0.0
1187,infeed_queue_boxes,1.0,2.0
1188,infeed_queue_boxes,0.0,0.0
1189,infeed_queue_boxes,0.0,0.0
1190,infeed_queue_boxes,2.0,2.0
1191,infeed_queue_boxes,0.0,0.0
1192,infeed_queue_boxes,1.0,2.0
1193,infeed_queue_boxes,0.0,0.0
1194,infeed_queue_boxes,0.0,0.0
1195,infeed_queue_boxes,1.0,2.0
1196,infeed_queue_boxes,1.0,2.0
1197,infeed_queue_boxes,0.0,0.0
1198,infeed_queue_boxes,0.0,0.0
1199,infeed_queue_boxes,1.0,2.0
1200,infeed_queue_boxes,0.0,0.0
1201,infeed_queue_boxes,0.0,0.0
1202,infeed_queue_boxes,2.0,2.0
1203,infeed_queue_boxes,0.0,0.0
1204,infeed_queue_boxes,1.0,2.0
1205,infeed_queue_boxes,0.0,0.0
1206,infeed_queue_boxes,0.0,0.0
1207,infeed_queue_boxes,1.0,2.0
1208,infeed_queue_boxes,1.0,2.0
1209,infeed_queue_boxes,0.0,0.0
1210,infeed_queue_boxes,0.0,0.0
1211,infeed_queue_boxes,1.0,2.0
1212,infeed_queue_boxes,0.0,0.0
1213,infeed_queue_boxes,0.0,0.0
1214,infeed_queue_boxes,2.0,2.0
1215,infeed_queue_boxes,0.0,0.0
1216,infeed_queue_boxes,1.0,2.0
1217,infeed_queue_boxes,0.0,0.0
1218,infeed_queue_boxes,0.0,0.0
1219,infeed_queue_boxes,1.0,2.0
1220,infeed_queue_boxes,1.0,2.0
1221,infeed_queue_boxes,0.0,0.0
1222,infeed_queue_boxes,0.0,0.0
1223,infeed_queue_boxes,1.0,2.0
1224,infeed_queue_boxes,0.0,0.0
1225,infeed_queue_boxes,0.0,0.0
1226,infeed_queue_boxes,2.0,2.0
1227,infeed_queue_boxes,0.0,0.0
1228,infeed_queue_boxes,1.0,2.0
1229,infeed_queue_boxes,0.0,0.0
1230,infeed_queue_boxes,0.0,0.0
1231,infeed_queue_boxes,1.0,2.0
1232,infeed_queue_boxes,1.0,2.0
1233,infeed_queue_boxes,0.0,0.0
1234,infeed_queue_boxes,0.0,0.0
1235,infeed_queue_boxes,1.0,2.0
1236,infeed_queue_boxes,0.0,0.0
1237,infeed_queue_boxes,0.0,0.0
1238,infeed_queue_boxes,2.0,2.0
1239,infeed_queue_boxes,0.0,0.0
1240,infeed_queue_boxes,1.0,2.0
1241,infeed_queue_boxes,0.0,0.0
1242,infeed_queue_boxes,0.0,0.0
1243,infeed_queue_boxes,1.0,2.0
1244,infeed_queue_boxes,1.0,2.0
1245,infeed_queue_boxes,0.0,0.0
1246,infeed_queue_boxes,0.0,0.0
1247,infeed_queue_boxes,1.0,2.0
1248,infeed_queue_boxes,0.0,0.0
1249,infeed_queue_boxes,0.0,0.0
1250,infeed_queue_boxes,2.0,2.0
1251,infeed_queue_boxes,0.0,0.0
1252,infeed_queue_boxes,1.0,2.0
1253,infeed_queue_boxes,0.0,0.0
1254,infeed_queue_boxes,0.0,0.0
1255,infeed_queue_boxes,1.0,2.0
1256,infeed_queue_boxes,1.0,2.0
1257,infeed_queue_boxes,0.0,0.0
1258,infeed_queue_boxes,0.0,0.0
1259,infeed_queue_boxes,1.0,2.0
1260,infeed_queue_boxes,0.0,0.0
1261,infeed_queue_boxes,0.0,0.0
1262,infeed_queue_boxes,2.0,2.0
1263,infeed_queue_boxes,0.0,0.0
1264,infeed_queue_boxes,1.0,2.0
1265,infeed_queue_boxes,0.0,0.0
1266,infeed_queue_boxes,0.0,0.0
1267,infeed_queue_boxes,1.0,2.0
1268,infeed_queue_boxes,1.0,2.0
1269,infeed_queue_boxes,0.0,0.0
1270,infeed_queue_boxes,0.0,0.0
1271,infeed_queue_boxes,1.0,2.0
1272,infeed_queue_boxes,0.0,0.0
1273,infeed_queue_boxes,0.0,0.0
1274,infeed_queue_boxes,2.0,2.0
1275,infeed_queue_boxes,0.0,0.0
1276,infeed_queue_boxes,1.0,2.0
1277,infeed_queue_boxes,0.0,0.0
1278,infeed_queue_boxes,0.0,0.0
1279,infeed_queue_boxes,1.0,2.0
1280,infeed_queue_boxes,1.0,2.0
1281,infeed_queue_boxes,0.0,0.0
1282,infeed_queue_boxes,0.0,0.0
1283,infeed_queue_boxes,1.0,2.0
1284,infeed_queue_boxes,0.0,0.0
1285,infeed_queue_boxes,0.0,0.0
1286,infeed_queue_boxes,2.0,2.0
1287,infeed_queue_boxes,0.0,0.0
1288,infeed_queue_boxes,1.0,2.0
1289,infeed_queue_boxes,0.0,0.0
1290,infeed_queue_boxes,0.0,0.0
1291,infeed_queue_boxes,1.0,2.0
1292,infeed_queue_boxes,1.0,2.0
1293,infeed_queue_boxes,0.0,0.0
1294,infeed_queue_boxes,0.0,0.0
1295,infeed_queue_boxes,1.0,2.0
1296,infeed_queue_boxes,0.0,0.0
1297,infeed_queue_boxes,0.0,0.0
1298,infeed_queue_boxes,2.0,2.0
1299,infeed_queue_boxes,0.0,0.0
1300,infeed_queue_boxes,1.0,2.0
1301,infeed_queue_boxes,0.0,0.0
1302,infeed_queue_boxes,0.0,0.0
1303,infeed_queue_boxes,1.0,2.0
1304,infeed_queue_boxes,1.0,2.0
1305,infeed_queue_boxes,0.0,0.0
1306,infeed_queue_boxes,0.0,0.0
1307,infeed_queue_boxes,1.0,2.0
1308,infeed_queue_boxes,0.0,0.0
1309,infeed_queue_boxes,0.0,0.0
1310,infeed_queue_boxes,2.0,2.0
1311,infeed_queue_boxes,0.0,0.0
1312,infeed_queue_boxes,1.0,2.0
1313,infeed_queue_boxes,0.0,0.0
1314,infeed_queue_boxes,0.0,0.0
1315,infeed_queue_boxes,1.0,2.0
1316,infeed_queue_boxes,1.0,2.0
1317,infeed_queue_boxes,0.0,0.0
1318,infeed_queue_boxes,0.0,0.0
1319,infeed_queue_boxes,1.0,2.0
1320,infeed_queue_boxes,0.0,0.0
1321,infeed_queue_boxes,0.0,0.0
1322,infeed_queue_boxes,2.0,2.0
1323,infeed_queue_boxes,0.0,0.0
1324,infeed_queue_boxes,1.0,2.0
1325,infeed_queue_boxes,0.0,0.0
1326,infeed_queue_boxes,0.0,0.0
1327,infeed_queue_boxes,1.0,2.0
1328,infeed_queue_boxes,1.0,2.0
1329,infeed_queue_boxes,0.0,0.0
1330,infeed_queue_boxes,0.0,0.0
1331,infeed_queue_boxes,1.0,2.0
1332,infeed_queue_boxes,0.0,0.0
1333,infeed_queue_boxes,0.0,0.0
1334,infeed_queue_boxes,2.0,2.0
1335,infeed_queue_boxes,0.0,0.0
1336,infeed_queue_boxes,1.0,2.0
1337,infeed_queue_boxes,0.0,0.0
1338,infeed_queue_boxes,0.0,0.0
1339,infeed_queue_boxes,1.0,2.0
1340,infeed_queue_boxes,1.0,2.0
1341,infeed_queue_boxes,0.0,0.0
1342,infeed_queue_boxes,0.0,0.0
1343,infeed_queue_boxes,1.0,2.0
1344,infeed_queue_boxes,0.0,0.0
1345,infeed_queue_boxes,0.0,0.0
1346,infeed_queue_boxes,2.0,2.0
1347,infeed_queue_boxes,0.0,0.0
1348,infeed_queue_boxes,1.0,2.0
1349,infeed_queue_boxes,0.0,0.0
1350,infeed_queue_boxes,0.0,0.0
1351,infeed_queue_boxes,1.0,2.0
1352,infeed_queue_boxes,1.0,2.0
1353,infeed_queue_boxes,0.0,0.0
1354,infeed_queue_boxes,0.0,0.0
1355,infeed_queue_boxes,1.0,2.0
1356,infeed_queue_boxes,0.0,0.0
1357,infeed_queue_boxes,0.0,0.0
1358,infeed_queue_boxes,2.0,2.0
1359,infeed_queue_boxes,0.0,0.0
1360,infeed_queue_boxes,1.0,2.0
1361,infeed_queue_boxes,0.0,0.0
1362,infeed_queue_boxes,0.0,0.0
1363,infeed_queue_boxes,1.0,2.0
1364,infeed_queue_boxes,1.0,2.0
1365,infeed_queue_boxes,0.0,0.0
1366,infeed_queue_boxes,0.0,0.0
1367,infeed_queue_boxes,1.0,2.0
1368,infeed_queue_boxes,0.0,0.0
1369,infeed_queue_boxes,0.0,0.0
1370,infeed_queue_boxes,2.0,2.0
1371,infeed_queue_boxes,0.0,0.0
1372,infeed_queue_boxes,1.0,2.0
1373,infeed_queue_boxes,0.0,0.0
1374,infeed_queue_boxes,0.0,0.0
1375,infeed_queue_boxes,1.0,2.0
1376,infeed_queue_boxes,1.0,2.0
1377,infeed_queue_boxes,0.0,0.0
1378,infeed_queue_boxes,0.0,0.0
1379,infeed_queue_boxes,1.0,2.0
1380,infeed_queue_boxes,0.0,0.0
1381,infeed_queue_boxes,0.0,0.0
1382,infeed_queue_boxes,2.0,2.0
1383,infeed_queue_boxes,0.0,0.0
1384,infeed_queue_boxes,1.0,2.0
1385,infeed_queue_boxes,0.0,0.0
1386,infeed_queue_boxes,0.0,0.0
1387,infeed_queue_boxes,1.0,2.0
1388,infeed_queue_boxes,1.0,2.0
1389,infeed_queue_boxes,0.0,0.0
1390,infeed_queue_boxes,0.0,0.0
1391,infeed_queue_boxes,1.0,2.0
1392,infeed_queue_boxes,0.0,0.0
1393,infeed_queue_boxes,0.0,0.0
1394,infeed_queue_boxes,2.0,2.0
1395,infeed_queue_boxes,0.0,0.0
1396,infeed_queue_boxes,1.0,2.0
1397,infeed_queue_boxes,0.0,0.0
1398,infeed_queue_boxes,0.0,0.0
1399,infeed_queue_boxes,1.0,2.0
1400,infeed_queue_boxes,1.0,2.0
1401,infeed_queue_boxes,0.0,0.0
1402,infeed_queue_boxes,0.0,0.0
1403,infeed_queue_boxes,1.0,2.0
1404,infeed_queue_boxes,0.0,0.0
1405,infeed_queue_boxes,0.0,0.0
1406,infeed_queue_boxes,2.0,2.0
1407,infeed_queue_boxes,0.0,0.0
1408,infeed_queue_boxes,1.0,2.0
1409,infeed_queue_boxes,0.0,0.0
1410,infeed_queue_boxes,0.0,0.0
1411,infeed_queue_boxes,1.0,2.0
1412,infeed_queue_boxes,1.0,2.0
1413,infeed_queue_boxes,0.0,0.0
1414,infeed_queue_boxes,0.0,0.0
1415,infeed_queue_boxes,1.0,2.0
1416,infeed_queue_boxes,0.0,0.0
1417,infeed_queue_boxes,0.0,0.0
1418,infeed_queue_boxes,2.0,2.0
1419,infeed_queue_boxes,0.0,0.0
1420,infeed_queue_boxes,1.0,2.0
1421,infeed_queue_boxes,0.0,0.0
1422,infeed_queue_boxes,0.0,0.0
1423,infeed_queue_boxes,1.0,2.0
1424,infeed_queue_boxes,1.0,2.0
1425,infeed_queue_boxes,0.0,0.0
1426,infeed_queue_boxes,0.0,0.0
1427,infeed_queue_boxes,1.0,2.0
1428,infeed_queue_boxes,0.0,0.0
1429,infeed_queue_boxes,0.0,0.0
1430,infeed_queue_boxes,2.0,2.0
1431,infeed_queue_boxes,0.0,0.0
1432,infeed_queue_boxes,1.0,2.0
1433,infeed_queue_boxes,0.0,0.0
1434,infeed_queue_boxes,0.0,0.0
1435,infeed_queue_boxes,1.0,2.0
1436,infeed_queue_boxes,1.0,2.0
1437,infeed_queue_boxes,0.0,0.0
1438,infeed_queue_boxes,0.0,0.0
1439,infeed_queue_boxes,1.0,2.0
0,nonsort_batches,0.0,0.0
1,nonsort_batches,0.0,0.0
2,nonsort_batches,0.0,0.0
3,nonsort_batches,0.0,0.0
4,nonsort_batches,0.0,0.0
5,nonsort_batches,1.0,2.0
6,nonsort_batches,0.5,1.0
7,nonsort_batches,2.0,4.0
8,nonsort_batches,1.0,2.0
9,nonsort_batches,0.0,0.0
10,nonsort_batches,0.0,0.0
11,nonsort_batches,0.0,0.0
12,nonsort_batches,2.5,3.0
13,nonsort_batches,0.5,1.0
14,nonsort_batches,0.0,0.0
15,nonsort_batches,0.0,0.0
16,nonsort_batches,2.5,3.0
17,nonsort_batches,0.0,0.0
18,nonsort_batches,0.0,0.0
19,nonsort_batches,0.0,0.0
20,nonsort_batches,0.0,0.0
21,nonsort_batches,0.0,0.0
22,nonsort_batches,2.5,4.0
23,nonsort_batches,1.5,3.0
24,nonsort_batches,0.0,0.0
25,nonsort_batches,0.0,0.0
26,nonsort_batches,0.0,0.0
27,nonsort_batches,0.0,0.0
28,nonsort_batches,3.0,6.0
29,nonsort_batches,0.0,0.0
30,nonsort_batches,2.5,3.0
31,nonsort_batches,1.5,3.0
32,nonsort_batches,0.0,0.0
33,nonsort_batches,0.5,1.0
34,nonsort_batches,0.0,0.0
35,nonsort_batches,0.0,0.0
36,nonsort_batches,1.5,2.0
37,nonsort_batches,0.0,0.0
38,nonsort_batches,0.0,0.0
39,nonsort_batches,1.0,2.0
40,nonsort_batches,3.0,5.0
41,nonsort_batches,0.0,0.0
42,nonsort_batches,1.0,2.0
43,nonsort_batches,0.0,0.0
44,nonsort_batches,1.0,2.0
45,nonsort_batches,1.5,3.0
46,nonsort_batches,1.0,2.0
47,nonsort_batches,1.0,2.0
48,nonsort_batches,2.5,3.0
49,nonsort_batches,6.0,9.0
50,nonsort_batches,0.0,0.0
51,nonsort_batches,2.0,4.0
52,nonsort_batches,0.0,0.0
53,nonsort_batches,2.5,5.0
54,nonsort_batches,0.0,0.0
55,nonsort_batches,1.0,2.0
56,nonsort_batches,4.5,5.0
57,nonsort_batches,0.0,0.0
58,nonsort_batches,0.0,0.0
59,nonsort_batches,0.0,0.0
60,nonsort_batches,0.5,1.0
61,nonsort_batches,1.0,2.0
62,nonsort_batches,0.0,0.0
63,nonsort_batches,0.0,0.0
64,nonsort_batches,0.0,0.0
65,nonsort_batches,2.0,3.0
66,nonsort_batches,2.5,3.0
67,nonsort_batches,6.0,8.0
68,nonsort_batches,12.5,13.0
69,nonsort_batches,11.5,13.0
70,nonsort_batches,7.0,9.0
71,nonsort_batches,3.0,4.0
72,nonsort_batches,4.5,5.0
73,nonsort_batches,0.5,1.0
74,nonsort_batches,0.0,0.0
75,nonsort_batches,0.0,0.0
76,nonsort_batches,0.0,0.0
77,nonsort_batches,0.5,1.0
78,nonsort_batches,0.0,0.0
79,nonsort_batches,1.5,3.0
80,nonsort_batches,0.0,0.0
81,nonsort_batches,0.0,0.0
82,nonsort_batches,1.5,2.0
83,nonsort_batches,0.0,0.0
84,nonsort_batches,0.0,0.0
85,nonsort_batches,1.5,3.0
86,nonsort_batches,2.5,3.0
87,nonsort_batches,0.5,1.0
88,nonsort_batches,2.5,4.0
89,nonsort_batches,0.0,0.0
90,nonsort_batches,0.0,0.0
91,nonsort_batches,0.0,0.0
92,nonsort_batches,2.0,4.0
93,nonsort_batches,1.5,2.0
94,nonsort_batches,3.5,4.0
95,nonsort_batches,0.5,1.0
96,nonsort_batches,0.5,1.0
97,nonsort_batches,0.0,0.0
98,nonsort_batches,0.0,0.0
99,nonsort_batches,0.0,0.0
100,nonsort_batches,0.0,0.0
101,nonsort_batches,4.5,5.0
102,nonsort_batches,3.5,6.0
103,nonsort_batches,0.5,1.0
104,nonsort_batches,2.0,4.0
105,nonsort_batches,2.5,5.0
106,nonsort_batches,0.0,0.0
107,nonsort_batches,0.0,0.0
108,nonsort_batches,0.5,1.0
109,nonsort_batches,1.0,2.0
110,nonsort_batches,0.0,0.0
111,nonsort_batches,1.0,2.0
112,nonsort_batches,0.0,0.0
113,nonsort_batches,0.5,1.0
114,nonsort_batches,0.5,1.0
115,nonsort_batches,0.0,0.0
116,nonsort_batches,0.0,0.0
117,nonsort_batches,1.0,1.0
118,nonsort_batches,0.5,1.0
119,nonsort_batches,0.0,0.0
120,nonsort_batches,0.0,0.0
121,nonsort_batches,0.0,0.0
122,nonsort_batches,0.0,0.0
123,nonsort_batches,0.0,0.0
124,nonsort_batches,0.5,1.0
125,nonsort_batches,6.0,7.0
126,nonsort_batches,0.0,0.0
127,nonsort_batches,0.0,0.0
128,nonsort_batches,1.0,2.0
129,nonsort_batches,0.0,0.0
130,nonsort_batches,0.0,0.0
131,nonsort_batches,2.0,3.0
132,nonsort_batches,0.5,1.0
133,nonsort_batches,0.0,0.0
134,nonsort_batches,0.0,0.0
135,nonsort_batches,0.0,0.0
136,nonsort_batches,0.0,0.0
137,nonsort_batches,0.5,1.0
138,nonsort_batches,0.5,1.0
139,nonsort_batches,0.5,1.0
140,nonsort_batches,0.0,0.0
141,nonsort_batches,0.5,1.0
142,nonsort_batches,0.0,0.0
143,nonsort_batches,0.0,0.0
144,nonsort_batches,0.0,0.0
145,nonsort_batches,0.0,0.0
146,nonsort_batches,0.0,0.0
147,nonsort_batches,0.0,0.0
148,nonsort_batches,3.5,6.0
149,nonsort_batches,0.0,0.0
150,nonsort_batches,0.0,0.0
151,nonsort_batches,0.0,0.0
152,nonsort_batches,0.0,0.0
153,nonsort_batches,0.0,0.0
154,nonsort_batches,2.5,5.0
155,nonsort_batches,0.5,1.0
156,nonsort_batches,0.0,0.0
157,nonsort_batches,0.0,0.0
158,nonsort_batches,0.0,0.0
159,nonsort_batches,0.5,1.0
160,nonsort_batches,0.0,0.0
161,nonsort_batches,0.0,0.0
162,nonsort_batches,0.0,0.0
163,nonsort_batches,1.0,2.0
164,nonsort_batches,3.5,6.0
165,nonsort_batches,2.0,3.0
166,nonsort_batches,1.0,2.0
167,nonsort_batches,1.5,3.0
168,nonsort_batches,0.0,0.0
169,nonsort_batches,0.0,0.0
170,nonsort_batches,0.0,0.0
171,nonsort_batches,0.0,0.0
172,nonsort_batches,1.5,3.0
173,nonsort_batches,0.5,1.0
174,nonsort_batches,2.0,4.0
175,nonsort_batches,0.0,0.0
176,nonsort_batches,0.0,0.0
177,nonsort_batches,0.0,0.0
178,nonsort_batches,0.5,1.0
179,nonsort_batches,0.0,0.0
180,nonsort_batches,4.5,6.0
181,nonsort_batches,6.0,7.0
182,nonsort_batches,1.0,2.0
183,nonsort_batches,0.5,1.0
184,nonsort_batches,1.5,2.0
185,nonsort_batches,0.5,1.0
186,nonsort_batches,1.0,2.0
187,nonsort_batches,0.0,0.0
188,nonsort_batches,5.0,8.0
189,nonsort_batches,4.5,5.0
190,nonsort_batches,1.0,2.0
191,nonsort_batches,0.0,0.0
192,nonsort_batches,0.0,0.0
193,nonsort_batches,0.0,0.0
194,nonsort_batches,0.0,0.0
195,nonsort_batches,1.5,3.0
196,nonsort_batches,0.5,1.0
197,nonsort_batches,1.0,2.0
198,nonsort_batches,0.0,0.0
199,nonsort_batches,0.0,0.0
200,nonsort_batches,2.0,4.0
201,nonsort_batches,2.0,4.0
202,nonsort_batches,0.0,0.0
203,nonsort_batches,1.0,2.0
204,nonsort_batches,5.0,7.0
205,nonsort_batches,4.0,6.0
206,nonsort_batches,0.0,0.0
207,nonsort_batches,2.0,4.0
208,nonsort_batches,3.0,6.0
209,nonsort_batches,9.0,11.0
210,nonsort_batches,0.5,1.0
211,nonsort_batches,0.0,0.0
212,nonsort_batches,0.0,0.0
213,nonsort_batches,0.0,0.0
214,nonsort_batches,1.0,1.0
215,nonsort_batches,2.0,3.0
216,nonsort_batches,1.5,3.0
217,nonsort_batches,3.0,5.0
218,nonsort_batches,1.5,3.0
219,nonsort_batches,0.0,0.0
220,nonsort_batches,0.5,1.0
221,nonsort_batches,1.5,2.0
222,nonsort_batches,0.0,0.0
223,nonsort_batches,0.0,0.0
224,nonsort_batches,4.0,5.0
225,nonsort_batches,0.0,0.0
226,nonsort_batches,0.5,1.0
227,nonsort_batches,0.0,0.0
228,nonsort_batches,0.0,0.0
229,nonsort_batches,0.0,0.0
230,nonsort_batches,2.5,5.0
231,nonsort_batches,0.0,0.0
232,nonsort_batches,0.0,0.0
233,nonsort_batches,1.0,2.0
234,nonsort_batches,0.0,0.0
235,nonsort_batches,0.0,0.0
236,nonsort_batches,0.0,0.0
237,nonsort_batches,0.0,0.0
238,nonsort_batches,10.0,16.0
239,nonsort_batches,12.5,13.0
240,nonsort_batches,9.5,11.0
241,nonsort_batches,7.0,8.0
242,nonsort_batches,4.0,5.0
243,nonsort_batches,0.0,0.0
244,nonsort_batches,0.0,0.0
245,nonsort_batches,0.0,0.0
246,nonsort_batches,0.0,0.0
247,nonsort_batches,0.0,0.0
248,nonsort_batches,2.0,2.0
249,nonsort_batches,2.0,4.0
250,nonsort_batches,5.0,6.0
251,nonsort_batches,5.0,6.0
252,nonsort_batches,1.5,3.0
253,nonsort_batches,3.0,5.0
254,nonsort_batches,6.0,8.0
255,nonsort_batches,4.0,4.0
256,nonsort_batches,0.0,0.0
257,nonsort_batches,0.0,0.0
258,nonsort_batches,2.5,4.0
259,nonsort_batches,4.0,8.0
260,nonsort_batches,0.0,0.0
261,nonsort_batches,0.0,0.0
262,nonsort_batches,0.0,0.0
263,nonsort_batches,0.0,0.0
264,nonsort_batches,0.0,0.0
265,nonsort_batches,0.0,0.0
266,nonsort_batches,0.0,0.0
267,nonsort_batches,0.0,0.0
268,nonsort_batches,0.0,0.0
269,nonsort_batches,0.0,0.0
270,nonsort_batches,0.0,0.0
271,nonsort_batches,0.0,0.0
272,nonsort_batches,1.0,1.0
273,nonsort_batches,1.0,2.0
274,nonsort_batches,0.0,0.0
275,nonsort_batches,1.0,2.0
276,nonsort_batches,3.0,4.0
277,nonsort_batches,7.0,9.0
278,nonsort_batches,6.0,8.0
279,nonsort_batches,8.5,9.0
280,nonsort_batches,0.0,0.0
281,nonsort_batches,0.5,1.0
282,nonsort_batches,0.5,1.0
283,nonsort_batches,0.0,0.0
284,nonsort_batches,0.0,0.0
285,nonsort_batches,1.0,2.0
286,nonsort_batches,0.5,1.0
287,nonsort_batches,0.5,1.0
288,nonsort_batches,0.0,0.0
289,nonsort_batches,0.0,0.0
290,nonsort_batches,0.0,0.0
291,nonsort_batches,0.5,1.0
292,nonsort_batches,1.0,2.0
293,nonsort_batches,6.5,7.0
294,nonsort_batches,2.5,5.0
295,nonsort_batches,0.0,0.0
296,nonsort_batches,1.5,3.0
297,nonsort_batches,0.0,0.0
298,nonsort_batches,2.0,4.0
299,nonsort_batches,0.0,0.0
300,nonsort_batches,1.0,2.0
301,nonsort_batches,0.5,1.0
302,nonsort_batches,0.0,0.0
303,nonsort_batches,0.0,0.0
304,nonsort_batches,8.0,10.0
305,nonsort_batches,8.5,9.0
306,nonsort_batches,1.5,2.0
307,nonsort_batches,0.0,0.0
308,nonsort_batches,0.5,1.0
309,nonsort_batches,1.0,2.0
310,nonsort_batches,0.0,0.0
311,nonsort_batches,0.0,0.0
312,nonsort_batches,0.5,1.0
313,nonsort_batches,0.0,0.0
314,nonsort_batches,0.0,0.0
315,nonsort_batches,0.0,0.0
316,nonsort_batches,0.0,0.0
317,nonsort_batches,0.0,0.0
318,nonsort_batches,0.0,0.0
319,nonsort_batches,0.0,0.0
320,nonsort_batches,0.0,0.0
321,nonsort_batches,0.5,1.0
322,nonsort_batches,0.0,0.0
323,nonsort_batches,0.0,0.0
324,nonsort_batches,0.5,1.0
325,nonsort_batches,5.5,8.0
326,nonsort_batches,0.5,1.0
327,nonsort_batches,0.0,0.0
328,nonsort_batches,0.0,0.0
329,nonsort_batches,0.0,0.0
330,nonsort_batches,0.5,1.0
331,nonsort_batches,0.0,0.0
332,nonsort_batches,3.0,6.0
333,nonsort_batches,7.0,10.0
334,nonsort_batches,1.5,3.0
335,nonsort_batches,0.0,0.0
336,nonsort_batches,0.5,1.0
337,nonsort_batches,0.0,0.0
338,nonsort_batches,0.0,0.0
339,nonsort_batches,0.0,0.0
340,nonsort_batches,0.0,0.0
341,nonsort_batches,1.5,3.0
342,nonsort_batches,0.5,1.0
343,nonsort_batches,1.0,2.0
344,nonsort_batches,0.5,1.0
345,nonsort_batches,0.0,0.0
346,nonsort_batches,0.0,0.0
347,nonsort_batches,2.0,4.0
348,nonsort_batches,0.0,0.0
349,nonsort_batches,1.0,2.0
350,nonsort_batches,0.0,0.0
351,nonsort_batches,2.0,3.0
352,nonsort_batches,1.5,3.0
353,nonsort_batches,1.0,2.0
354,nonsort_batches,0.0,0.0
355,nonsort_batches,3.5,5.0
356,nonsort_batches,1.5,3.0
357,nonsort_batches,1.0,2.0
358,nonsort_batches,0.0,0.0
359,nonsort_batches,1.5,3.0
360,nonsort_batches,0.5,1.0
361,nonsort_batches,2.0,4.0
362,nonsort_batches,0.0,0.0
363,nonsort_batches,1.5,2.0
364,nonsort_batches,0.0,0.0
365,nonsort_batches,0.0,0.0
366,nonsort_batches,0.0,0.0
367,nonsort_batches,0.0,0.0
368,nonsort_batches,0.0,0.0
369,nonsort_batches,0.0,0.0
370,nonsort_batches,3.5,6.0
371,nonsort_batches,0.0,0.0
372,nonsort_batches,0.0,0.0
373,nonsort_batches,0.5,1.0
374,nonsort_batches,0.0,0.0
375,nonsort_batches,0.0,0.0
376,nonsort_batches,0.0,0.0
377,nonsort_batches,2.0,4.0
378,nonsort_batches,0.5,1.0
379,nonsort_batches,0.0,0.0
380,nonsort_batches,0.0,0.0
381,nonsort_batches,0.0,0.0
382,nonsort_batches,2.5,5.0
383,nonsort_batches,3.0,5.0
384,nonsort_batches,7.0,8.0
385,nonsort_batches,6.5,8.0
386,nonsort_batches,0.0,0.0
387,nonsort_batches,0.0,0.0
388,nonsort_batches,0.0,0.0
389,nonsort_batches,0.0,0.0
390,nonsort_batches,0.0,0.0
391,nonsort_batches,0.0,0.0
392,nonsort_batches,0.0,0.0
393,nonsort_batches,0.0,0.0
394,nonsort_batches,1.0,2.0
395,nonsort_batches,2.0,3.0
396,nonsort_batches,0.0,0.0
397,nonsort_batches,0.5,1.0
398,nonsort_batches,0.0,0.0
399,nonsort_batches,0.0,0.0
400,nonsort_batches,0.0,0.0
401,nonsort_batches,0.5,1.0
402,nonsort_batches,0.0,0.0
403,nonsort_batches,0.0,0.0
404,nonsort_batches,0.0,0.0
405,nonsort_batches,1.5,3.0
406,nonsort_batches,0.0,0.0
407,nonsort_batches,0.0,0.0
408,nonsort_batches,1.0,2.0
409,nonsort_batches,0.5,1.0
410,nonsort_batches,0.0,0.0
411,nonsort_batches,0.0,0.0
412,nonsort_batches,1.0,2.0
413,nonsort_batches,4.0,8.0
414,nonsort_batches,0.0,0.0
415,nonsort_batches,0.0,0.0
416,nonsort_batches,0.0,0.0
417,nonsort_batches,2.5,4.0
418,nonsort_batches,0.0,0.0
419,nonsort_batches,0.0,0.0
420,nonsort_batches,0.0,0.0
421,nonsort_batches,1.0,2.0
422,nonsort_batches,0.0,0.0
423,nonsort_batches,0.0,0.0
424,nonsort_batches,0.0,0.0
425,nonsort_batches,1.5,3.0
426,nonsort_batches,0.5,1.0
427,nonsort_batches,0.0,0.0
428,nonsort_batches,0.0,0.0
429,nonsort_batches,0.0,0.0
430,nonsort_batches,1.0,2.0
431,nonsort_batches,0.0,0.0
432,nonsort_batches,0.0,0.0
433,nonsort_batches,1.0,2.0
434,nonsort_batches,0.0,0.0
435,nonsort_batches,0.0,0.0
436,nonsort_batches,0.0,0.0
437,nonsort_batches,0.0,0.0
438,nonsort_batches,0.0,0.0
439,nonsort_batches,0.0,0.0
440,nonsort_batches,0.0,0.0
441,nonsort_batches,0.0,0.0
442,nonsort_batches,0.0,0.0
443,nonsort_batches,0.0,0.0
444,nonsort_batches,0.0,0.0
445,nonsort_batches,0.0,0.0
446,nonsort_batches,0.0,0.0
447,nonsort_batches,4.5,5.0
448,nonsort_batches,0.0,0.0
449,nonsort_batches,0.0,0.0
450,nonsort_batches,0.0,0.0
451,nonsort_batches,0.0,0.0
452,nonsort_batches,4.0,4.0
453,nonsort_batches,2.5,5.0
454,nonsort_batches,7.0,8.0
455,nonsort_batches,0.0,0.0
456,nonsort_batches,1.0,2.0
457,nonsort_batches,0.0,0.0
458,nonsort_batches,0.0,0.0
459,nonsort_batches,0.0,0.0
460,nonsort_batches,0.0,0.0
461,nonsort_batches,0.0,0.0
462,nonsort_batches,0.0,0.0
463,nonsort_batches,1.5,3.0
464,nonsort_batches,2.5,3.0
465,nonsort_batches,0.0,0.0
466,nonsort_batches,0.0,0.0
467,nonsort_batches,0.0,0.0
468,nonsort_batches,1.5,2.0
469,nonsort_batches,0.0,0.0
470,nonsort_batches,0.0,0.0
471,nonsort_batches,0.0,0.0
472,nonsort_batches,4.5,7.0
473,nonsort_batches,5.5,6.0
474,nonsort_batches,2.5,4.0
475,nonsort_batches,0.0,0.0
476,nonsort_batches,0.0,0.0
477,nonsort_batches,0.0,0.0
478,nonsort_batches,0.5,1.0
479,nonsort_batches,1.0,2.0
480,nonsort_batches,4.5,5.0
481,nonsort_batches,5.0,6.0
482,nonsort_batches,0.0,0.0
483,nonsort_batches,0.0,0.0
484,nonsort_batches,0.0,0.0
485,nonsort_batches,0.0,0.0
486,nonsort_batches,1.0,2.0
487,nonsort_batches,2.0,3.0
488,nonsort_batches,1.0,2.0
489,nonsort_batches,4.0,8.0
490,nonsort_batches,5.0,6.0
491,nonsort_batches,1.0,2.0
492,nonsort_batches,1.0,2.0
493,nonsort_batches,0.5,1.0
494,nonsort_batches,1.0,2.0
495,nonsort_batches,0.0,0.0
496,nonsort_batches,0.5,1.0
497,nonsort_batches,2.5,5.0
498,nonsort_batches,8.5,11.0
499,nonsort_batches,0.0,0.0
500,nonsort_batches,3.0,5.0
501,nonsort_batches,1.0,2.0
502,nonsort_batches,1.0,2.0
503,nonsort_batches,0.5,1.0
504,nonsort_batches,2.0,3.0
505,nonsort_batches,0.5,1.0
506,nonsort_batches,0.0,0.0
507,nonsort_batches,0.0,0.0
508,nonsort_batches,0.5,1.0
509,nonsort_batches,0.0,0.0
510,nonsort_batches,0.0,0.0
511,nonsort_batches,0.0,0.0
512,nonsort_batches,0.0,0.0
513,nonsort_batches,0.0,0.0
514,nonsort_batches,0.0,0.0
515,nonsort_batches,0.0,0.0
516,nonsort_batches,3.0,4.0
517,nonsort_batches,6.5,8.0
518,nonsort_batches,1.0,2.0
519,nonsort_batches,2.5,5.0
520,nonsort_batches,1.0,2.0
521,nonsort_batches,4.0,7.0
522,nonsort_batches,0.0,0.0
523,nonsort_batches,2.5,3.0
524,nonsort_batches,0.0,0.0
525,nonsort_batches,0.0,0.0
526,nonsort_batches,0.0,0.0
527,nonsort_batches,0.5,1.0
528,nonsort_batches,0.0,0.0
529,nonsort_batches,0.0,0.0
530,nonsort_batches,0.0,0.0
531,nonsort_batches,0.0,0.0
532,nonsort_batches,0.5,1.0
533,nonsort_batches,0.5,1.0
534,nonsort_batches,1.5,3.0
535,nonsort_batches,0.0,0.0
536,nonsort_batches,1.5,3.0
537,nonsort_batches,5.5,6.0
538,nonsort_batches,6.0,10.0
539,nonsort_batches,0.5,1.0
540,nonsort_batches,0.0,0.0
541,nonsort_batches,0.5,1.0
542,nonsort_batches,1.0,2.0
543,nonsort_batches,0.0,0.0
544,nonsort_batches,1.0,2.0
545,nonsort_batches,0.0,0.0
546,nonsort_batches,0.5,1.0
547,nonsort_batches,0.0,0.0
548,nonsort_batches,3.5,4.0
549,nonsort_batches,5.5,6.0
550,nonsort_batches,2.5,3.0
551,nonsort_batches,0.0,0.0
552,nonsort_batches,2.0,3.0
553,nonsort_batches,1.0,2.0
554,nonsort_batches,1.5,2.0
555,nonsort_batches,0.0,0.0
556,nonsort_batches,0.5,1.0
557,nonsort_batches,0.0,0.0
558,nonsort_batches,0.0,0.0
559,nonsort_batches,1.0,2.0
560,nonsort_batches,0.0,0.0
561,nonsort_batches,0.0,0.0
562,nonsort_batches,0.5,1.0
563,nonsort_batches,2.0,4.0
564,nonsort_batches,1.5,3.0
565,nonsort_batches,3.0,6.0
566,nonsort_batches,3.0,3.0
567,nonsort_batches,1.5,3.0
568,nonsort_batches,0.0,0.0
569,nonsort_batches,5.0,8.0
570,nonsort_batches,0.5,1.0
571,nonsort_batches,9.0,11.0
572,nonsort_batches,10.5,11.0
573,nonsort_batches,1.0,1.0
574,nonsort_batches,3.0,6.0
575,nonsort_batches,2.5,5.0
576,nonsort_batches,2.0,3.0
577,nonsort_batches,3.0,5.0
578,nonsort_batches,0.0,0.0
579,nonsort_batches,3.5,5.0
580,nonsort_batches,0.0,0.0
581,nonsort_batches,0.0,0.0
582,nonsort_batches,0.0,0.0
583,nonsort_batches,0.0,0.0
584,nonsort_batches,0.0,0.0
585,nonsort_batches,0.0,0.0
586,nonsort_batches,0.5,1.0
587,nonsort_batches,0.0,0.0
588,nonsort_batches,0.0,0.0
589,nonsort_batches,2.0,4.0
590,nonsort_batches,0.0,0.0
591,nonsort_batches,0.0,0.0
592,nonsort_batches,2.5,5.0
593,nonsort_batches,0.5,1.0
594,nonsort_batches,0.0,0.0
595,nonsort_batches,3.0,3.0
596,nonsort_batches,0.0,0.0
597,nonsort_batches,0.0,0.0
598,nonsort_batches,1.5,3.0
599,nonsort_batches,1.0,2.0
600,nonsort_batches,1.0,2.0
601,nonsort_batches,0.0,0.0
602,nonsort_batches,0.5,1.0
603,nonsort_batches,0.0,0.0
604,nonsort_batches,0.0,0.0
605,nonsort_batches,0.0,0.0
606,nonsort_batches,0.5,1.0
607,nonsort_batches,3.0,6.0
608,nonsort_batches,2.0,4.0
609,nonsort_batches,0.0,0.0
610,nonsort_batches,0.0,0.0
611,nonsort_batches,0.0,0.0
612,nonsort_batches,2.5,3.0
613,nonsort_batches,3.5,7.0
614,nonsort_batches,0.0,0.0
615,nonsort_batches,0.0,0.0
616,nonsort_batches,0.0,0.0
617,nonsort_batches,1.5,3.0
618,nonsort_batches,0.0,0.0
619,nonsort_batches,1.0,2.0
620,nonsort_batches,1.5,3.0
621,nonsort_batches,0.0,0.0
622,nonsort_batches,1.0,2.0
623,nonsort_batches,0.0,0.0
624,nonsort_batches,0.0,0.0
625,nonsort_batches,0.0,0.0
626,nonsort_batches,0.0,0.0
627,nonsort_batches,0.0,0.0
628,nonsort_batches,0.0,0.0
629,nonsort_batches,0.0,0.0
630,nonsort_batches,0.5,1.0
631,nonsort_batches,0.0,0.0
632,nonsort_batches,1.5,3.0
633,nonsort_batches,0.0,0.0
634,nonsort_batches,2.0,4.0
635,nonsort_batches,0.0,0.0
636,nonsort_batches,0.0,0.0
637,nonsort_batches,0.0,0.0
638,nonsort_batches,1.0,2.0
639,nonsort_batches,4.0,4.0
640,nonsort_batches,5.0,6.0
641,nonsort_batches,2.0,4.0
642,nonsort_batches,5.0,7.0
643,nonsort_batches,7.0,8.0
644,nonsort_batches,8.0,8.0
645,nonsort_batches,1.0,2.0
646,nonsort_batches,0.0,0.0
647,nonsort_batches,1.5,3.0
648,nonsort_batches,0.0,0.0
649,nonsort_batches,0.0,0.0
650,nonsort_batches,2.0,4.0
651,nonsort_batches,0.0,0.0
652,nonsort_batches,5.5,6.0
653,nonsort_batches,0.0,0.0
654,nonsort_batches,0.0,0.0
655,nonsort_batches,0.0,0.0
656,nonsort_batches,1.0,2.0
657,nonsort_batches,0.0,0.0
658,nonsort_batches,0.0,0.0
659,nonsort_batches,0.0,0.0
660,nonsort_batches,0.0,0.0
661,nonsort_batches,0.5,1.0
662,nonsort_batches,0.0,0.0
663,nonsort_batches,0.5,1.0
664,nonsort_batches,0.0,0.0
665,nonsort_batches,0.0,0.0
666,nonsort_batches,0.0,0.0
667,nonsort_batches,0.0,0.0
668,nonsort_batches,1.5,3.0
669,nonsort_batches,1.0,2.0
670,nonsort_batches,2.0,4.0
671,nonsort_batches,1.0,2.0
672,nonsort_batches,0.0,0.0
673,nonsort_batches,0.5,1.0
674,nonsort_batches,0.0,0.0
675,nonsort_batches,0.0,0.0
676,nonsort_batches,0.0,0.0
677,nonsort_batches,2.5,5.0
678,nonsort_batches,0.0,0.0
679,nonsort_batches,0.0,0.0
680,nonsort_batches,0.5,1.0
681,nonsort_batches,3.5,4.0
682,nonsort_batches,0.5,1.0
683,nonsort_batches,0.0,0.0
684,nonsort_batches,0.5,1.0
685,nonsort_batches,0.0,0.0
686,nonsort_batches,0.0,0.0
687,nonsort_batches,0.0,0.0
688,nonsort_batches,0.0,0.0
689,nonsort_batches,0.0,0.0
690,nonsort_batches,0.0,0.0
691,nonsort_batches,0.0,0.0
692,nonsort_batches,0.0,0.0
693,nonsort_batches,0.5,1.0
694,nonsort_batches,2.5,3.0
695,nonsort_batches,0.0,0.0
696,nonsort_batches,1.0,2.0
697,nonsort_batches,0.0,0.0
698,nonsort_batches,0.0,0.0
699,nonsort_batches,1.0,2.0
700,nonsort_batches,0.0,0.0
701,nonsort_batches,1.5,3.0
702,nonsort_batches,0.0,0.0
703,nonsort_batches,0.5,1.0
704,nonsort_batches,1.0,2.0
705,nonsort_batches,2.0,4.0
706,nonsort_batches,2.0,3.0
707,nonsort_batches,0.0,0.0
708,nonsort_batches,0.5,1.0
709,nonsort_batches,0.0,0.0
710,nonsort_batches,0.0,0.0
711,nonsort_batches,0.0,0.0
712,nonsort_batches,1.5,3.0
713,nonsort_batches,5.0,5.0
714,nonsort_batches,4.0,5.0
715,nonsort_batches,0.5,1.0
716,nonsort_batches,0.0,0.0
717,nonsort_batches,0.0,0.0
718,nonsort_batches,0.0,0.0
719,nonsort_batches,0.5,1.0
720,nonsort_batches,0.0,0.0
721,nonsort_batches,0.0,0.0
722,nonsort_batches,2.5,5.0
723,nonsort_batches,0.0,0.0
724,nonsort_batches,0.5,1.0
725,nonsort_batches,3.0,6.0
726,nonsort_batches,5.5,11.0
727,nonsort_batches,1.5,2.0
728,nonsort_batches,0.0,0.0
729,nonsort_batches,1.5,3.0
730,nonsort_batches,0.0,0.0
731,nonsort_batches,0.0,0.0
732,nonsort_batches,2.0,3.0
733,nonsort_batches,0.5,1.0
734,nonsort_batches,0.0,0.0
735,nonsort_batches,0.0,0.0
736,nonsort_batches,1.5,3.0
737,nonsort_batches,0.0,0.0
738,nonsort_batches,1.5,3.0
739,nonsort_batches,0.0,0.0
740,nonsort_batches,0.5,1.0
741,nonsort_batches,2.0,4.0
742,nonsort_batches,1.5,3.0
743,nonsort_batches,0.0,0.0
744,nonsort_batches,0.5,1.0
745,nonsort_batches,2.0,3.0
746,nonsort_batches,0.0,0.0
747,nonsort_batches,0.0,0.0
748,nonsort_batches,0.5,1.0
749,nonsort_batches,0.0,0.0
750,nonsort_batches,0.5,1.0
751,nonsort_batches,1.0,2.0
752,nonsort_batches,3.5,6.0
753,nonsort_batches,0.0,0.0
754,nonsort_batches,0.5,1.0
755,nonsort_batches,0.0,0.0
756,nonsort_batches,0.0,0.0
757,nonsort_batches,3.0,6.0
758,nonsort_batches,5.0,5.0
759,nonsort_batches,5.0,6.0
760,nonsort_batches,4.0,5.0
761,nonsort_batches,3.5,5.0
762,nonsort_batches,0.5,1.0
763,nonsort_batches,0.0,0.0
764,nonsort_batches,1.0,1.0
765,nonsort_batches,1.5,3.0
766,nonsort_batches,0.5,1.0
767,nonsort_batches,0.0,0.0
768,nonsort_batches,0.5,1.0
769,nonsort_batches,3.0,6.0
770,nonsort_batches,2.5,5.0
771,nonsort_batches,0.0,0.0
772,nonsort_batches,0.0,0.0
773,nonsort_batches,0.0,0.0
774,nonsort_batches,1.0,2.0
775,nonsort_batches,0.5,1.0
776,nonsort_batches,0.0,0.0
777,nonsort_batches,0.0,0.0
778,nonsort_batches,0.0,0.0
779,nonsort_batches,1.0,2.0
780,nonsort_batches,0.0,0.0
781,nonsort_batches,0.5,1.0
782,nonsort_batches,0.0,0.0
783,nonsort_batches,0.0,0.0
784,nonsort_batches,0.0,0.0
785,nonsort_batches,2.5,5.0
786,nonsort_batches,1.0,2.0
787,nonsort_batches,0.0,0.0
788,nonsort_batches,1.5,2.0
789,nonsort_batches,2.0,3.0
790,nonsort_batches,1.0,1.0
791,nonsort_batches,0.0,0.0
792,nonsort_batches,4.5,9.0
793,nonsort_batches,6.0,7.0
794,nonsort_batches,0.0,0.0
795,nonsort_batches,0.0,0.0
796,nonsort_batches,4.5,5.0
797,nonsort_batches,5.0,5.0
798,nonsort_batches,0.0,0.0
799,nonsort_batches,0.0,0.0
800,nonsort_batches,2.0,4.0
801,nonsort_batches,0.0,0.0
802,nonsort_batches,2.0,4.0
803,nonsort_batches,0.0,0.0
804,nonsort_batches,0.5,1.0
805,nonsort_batches,0.0,0.0
806,nonsort_batches,0.0,0.0
807,nonsort_batches,0.5,1.0
808,nonsort_batches,0.0,0.0
809,nonsort_batches,3.0,5.0
810,nonsort_batches,1.0,2.0
811,nonsort_batches,1.0,2.0
812,nonsort_batches,2.5,3.0
813,nonsort_batches,0.0,0.0
814,nonsort_batches,2.5,5.0
815,nonsort_batches,0.0,0.0
816,nonsort_batches,3.0,4.0
817,nonsort_batches,1.5,2.0
818,nonsort_batches,0.0,0.0
819,nonsort_batches,0.0,0.0
820,nonsort_batches,0.0,0.0
821,nonsort_batches,0.0,0.0
822,nonsort_batches,0.0,0.0
823,nonsort_batches,0.5,1.0
824,nonsort_batches,1.0,1.0
825,nonsort_batches,0.0,0.0
826,nonsort_batches,0.0,0.0
827,nonsort_batches,0.5,1.0
828,nonsort_batches,0.5,1.0
829,nonsort_batches,0.0,0.0
830,nonsort_batches,0.0,0.0
831,nonsort_batches,0.0,0.0
832,nonsort_batches,0.0,0.0
833,nonsort_batches,1.5,3.0
834,nonsort_batches,0.0,0.0
835,nonsort_batches,1.0,2.0
836,nonsort_batches,0.0,0.0
837,nonsort_batches,0.0,0.0
838,nonsort_batches,0.0,0.0
839,nonsort_batches,4.0,8.0
840,nonsort_batches,1.5,3.0
841,nonsort_batches,0.0,0.0
842,nonsort_batches,0.0,0.0
843,nonsort_batches,0.0,0.0
844,nonsort_batches,0.5,1.0
845,nonsort_batches,0.0,0.0
846,nonsort_batches,0.0,0.0
847,nonsort_batches,1.5,3.0
848,nonsort_batches,0.0,0.0
849,nonsort_batches,0.0,0.0
850,nonsort_batches,0.0,0.0
851,nonsort_batches,0.0,0.0
852,nonsort_batches,0.5,1.0
853,nonsort_batches,0.0,0.0
854,nonsort_batches,0.0,0.0
855,nonsort_batches,0.0,0.0
856,nonsort_batches,1.5,3.0
857,nonsort_batches,1.0,2.0
858,nonsort_batches,0.5,1.0
859,nonsort_batches,0.5,1.0
860,nonsort_batches,0.5,1.0
861,nonsort_batches,0.0,0.0
862,nonsort_batches,0.0,0.0
863,nonsort_batches,0.0,0.0
864,nonsort_batches,0.0,0.0
865,nonsort_batches,0.0,0.0
866,nonsort_batches,0.5,1.0
867,nonsort_batches,1.0,2.0
868,nonsort_batches,0.0,0.0
869,nonsort_batches,0.0,0.0
870,nonsort_batches,0.5,1.0
871,nonsort_batches,0.0,0.0
872,nonsort_batches,0.0,0.0
873,nonsort_batches,0.0,0.0
874,nonsort_batches,5.0,6.0
875,nonsort_batches,0.5,1.0
876,nonsort_batches,0.0,0.0
877,nonsort_batches,2.0,4.0
878,nonsort_batches,1.0,2.0
879,nonsort_batches,0.0,0.0
880,nonsort_batches,0.0,0.0
881,nonsort_batches,0.0,0.0
882,nonsort_batches,3.5,4.0
883,nonsort_batches,0.5,1.0
884,nonsort_batches,0.5,1.0
885,nonsort_batches,0.0,0.0
886,nonsort_batches,1.0,2.0
887,nonsort_batches,0.5,1.0
888,nonsort_batches,0.0,0.0
889,nonsort_batches,0.0,0.0
890,nonsort_batches,0.0,0.0
891,nonsort_batches,0.0,0.0
892,nonsort_batches,2.5,3.0
893,nonsort_batches,1.0,2.0
894,nonsort_batches,1.0,2.0
895,nonsort_batches,0.0,0.0
896,nonsort_batches,1.5,3.0
897,nonsort_batches,1.0,2.0
898,nonsort_batches,0.0,0.0
899,nonsort_batches,0.0,0.0
900,nonsort_batches,0.0,0.0
901,nonsort_batches,0.5,1.0
902,nonsort_batches,0.0,0.0
903,nonsort_batches,2.0,4.0
904,nonsort_batches,0.5,1.0
905,nonsort_batches,2.0,3.0
906,nonsort_batches,0.0,0.0
907,nonsort_batches,2.5,5.0
908,nonsort_batches,7.0,8.0
909,nonsort_batches,1.5,3.0
910,nonsort_batches,0.0,0.0
911,nonsort_batches,0.0,0.0
912,nonsort_batches,0.0,0.0
913,nonsort_batches,0.0,0.0
914,nonsort_batches,0.0,0.0
915,nonsort_batches,0.0,0.0
916,nonsort_batches,0.0,0.0
917,nonsort_batches,3.0,4.0
918,nonsort_batches,1.0,2.0
919,nonsort_batches,0.0,0.0
920,nonsort_batches,1.5,3.0
921,nonsort_batches,0.0,0.0
922,nonsort_batches,5.5,9.0
923,nonsort_batches,7.0,8.0
924,nonsort_batches,8.0,9.0
925,nonsort_batches,0.0,0.0
926,nonsort_batches,0.0,0.0
927,nonsort_batches,1.5,3.0
928,nonsort_batches,1.5,3.0
929,nonsort_batches,0.0,0.0
930,nonsort_batches,1.5,2.0
931,nonsort_batches,4.0,7.0
932,nonsort_batches,0.0,0.0
933,nonsort_batches,0.0,0.0
934,nonsort_batches,1.0,2.0
935,nonsort_batches,2.5,5.0
936,nonsort_batches,0.0,0.0
937,nonsort_batches,0.5,1.0
938,nonsort_batches,0.0,0.0
939,nonsort_batches,0.5,1.0
940,nonsort_batches,0.5,1.0
941,nonsort_batches,5.0,9.0
942,nonsort_batches,2.5,4.0
943,nonsort_batches,2.5,5.0
944,nonsort_batches,0.0,0.0
945,nonsort_batches,0.5,1.0
946,nonsort_batches,2.5,5.0
947,nonsort_batches,4.0,8.0
948,nonsort_batches,7.5,11.0
949,nonsort_batches,0.5,1.0
950,nonsort_batches,0.0,0.0
951,nonsort_batches,0.0,0.0
952,nonsort_batches,0.0,0.0
953,nonsort_batches,2.5,5.0
954,nonsort_batches,0.0,0.0
955,nonsort_batches,0.0,0.0
956,nonsort_batches,0.0,0.0
957,nonsort_batches,0.0,0.0
958,nonsort_batches,2.5,3.0
959,nonsort_batches,5.0,5.0
960,nonsort_batches,0.0,0.0
961,nonsort_batches,2.0,3.0
962,nonsort_batches,2.0,4.0
963,nonsort_batches,1.0,2.0
964,nonsort_batches,0.0,0.0
965,nonsort_batches,3.5,7.0
966,nonsort_batches,0.0,0.0
967,nonsort_batches,0.0,0.0
968,nonsort_batches,0.5,1.0
969,nonsort_batches,2.0,4.0
970,nonsort_batches,0.5,1.0
971,nonsort_batches,0.5,1.0
972,nonsort_batches,0.0,0.0
973,nonsort_batches,0.0,0.0
974,nonsort_batches,0.0,0.0
975,nonsort_batches,0.0,0.0
976,nonsort_batches,0.0,0.0
977,nonsort_batches,0.5,1.0
978,nonsort_batches,0.0,0.0
979,nonsort_batches,0.0,0.0
980,nonsort_batches,0.0,0.0
981,nonsort_batches,0.5,1.0
982,nonsort_batches,1.0,2.0
983,nonsort_batches,0.0,0.0
984,nonsort_batches,1.0,1.0
985,nonsort_batches,7.0,7.0
986,nonsort_batches,5.0,6.0
987,nonsort_batches,11.5,13.0
988,nonsort_batches,8.0,9.0
989,nonsort_batches,5.5,9.0
990,nonsort_batches,0.0,0.0
991,nonsort_batches,0.0,0.0
992,nonsort_batches,1.0,2.0
993,nonsort_batches,0.0,0.0
994,nonsort_batches,0.5,1.0
995,nonsort_batches,0.0,0.0
996,nonsort_batches,0.5,1.0
997,nonsort_batches,0.0,0.0
998,nonsort_batches,0.0,0.0
999,nonsort_batches,0.0,0.0
1000,nonsort_batches,0.0,0.0
1001,nonsort_batches,0.5,1.0
1002,nonsort_batches,1.0,2.0
1003,nonsort_batches,0.0,0.0
1004,nonsort_batches,1.5,2.0
1005,nonsort_batches,0.0,0.0
1006,nonsort_batches,3.5,7.0
1007,nonsort_batches,1.5,3.0
1008,nonsort_batches,0.0,0.0
1009,nonsort_batches,0.0,0.0
1010,nonsort_batches,0.0,0.0
1011,nonsort_batches,0.0,0.0
1012,nonsort_batches,0.0,0.0
1013,nonsort_batches,0.5,1.0
1014,nonsort_batches,8.5,9.0
1015,nonsort_batches,10.5,12.0
1016,nonsort_batches,13.5,14.0
1017,nonsort_batches,15.5,16.0
1018,nonsort_batches,11.5,13.0
1019,nonsort_batches,0.0,0.0
1020,nonsort_batches,3.5,4.0
1021,nonsort_batches,1.0,2.0
1022,nonsort_batches,0.0,0.0
1023,nonsort_batches,0.0,0.0
1024,nonsort_batches,1.0,2.0
1025,nonsort_batches,1.5,3.0
1026,nonsort_batches,0.0,0.0
1027,nonsort_batches,0.0,0.0
1028,nonsort_batches,0.0,0.0
1029,nonsort_batches,2.0,4.0
1030,nonsort_batches,1.5,3.0
1031,nonsort_batches,0.0,0.0
1032,nonsort_batches,0.5,1.0
1033,nonsort_batches,0.0,0.0
1034,nonsort_batches,0.0,0.0
1035,nonsort_batches,0.5,1.0
1036,nonsort_batches,4.5,6.0
1037,nonsort_batches,4.0,5.0
1038,nonsort_batches,5.5,7.0
1039,nonsort_batches,4.5,8.0
1040,nonsort_batches,5.5,7.0
1041,nonsort_batches,3.0,5.0
1042,nonsort_batches,7.5,8.0
1043,nonsort_batches,2.5,5.0
1044,nonsort_batches,1.0,2.0
1045,nonsort_batches,0.0,0.0
1046,nonsort_batches,0.0,0.0
1047,nonsort_batches,1.5,3.0
1048,nonsort_batches,1.5,3.0
1049,nonsort_batches,1.5,3.0
1050,nonsort_batches,3.5,4.0
1051,nonsort_batches,0.5,1.0
1052,nonsort_batches,1.0,2.0
1053,nonsort_batches,0.0,0.0
1054,nonsort_batches,0.0,0.0
1055,nonsort_batches,0.5,1.0
1056,nonsort_batches,0.0,0.0
1057,nonsort_batches,0.0,0.0
1058,nonsort_batches,0.0,0.0
1059,nonsort_batches,0.0,0.0
1060,nonsort_batches,0.0,0.0
1061,nonsort_batches,0.0,0.0
1062,nonsort_batches,2.0,4.0
1063,nonsort_batches,0.0,0.0
1064,nonsort_batches,0.5,1.0
1065,nonsort_batches,0.0,0.0
1066,nonsort_batches,0.0,0.0
1067,nonsort_batches,0.0,0.0
1068,nonsort_batches,0.0,0.0
1069,nonsort_batches,2.0,4.0
1070,nonsort_batches,0.5,1.0
1071,nonsort_batches,0.0,0.0
1072,nonsort_batches,0.0,0.0
1073,nonsort_batches,0.0,0.0
1074,nonsort_batches,0.0,0.0
1075,nonsort_batches,0.0,0.0
1076,nonsort_batches,1.0,2.0
1077,nonsort_batches,1.0,1.0
1078,nonsort_batches,1.0,2.0
1079,nonsort_batches,0.0,0.0
1080,nonsort_batches,0.0,0.0
1081,nonsort_batches,0.0,0.0
1082,nonsort_batches,0.0,0.0
1083,nonsort_batches,0.0,0.0
1084,nonsort_batches,2.0,2.0
1085,nonsort_batches,0.0,0.0
1086,nonsort_batches,1.0,2.0
1087,nonsort_batches,0.0,0.0
1088,nonsort_batches,3.0,6.0
1089,nonsort_batches,2.5,4.0
1090,nonsort_batches,0.0,0.0
1091,nonsort_batches,0.0,0.0
1092,nonsort_batches,0.0,0.0
1093,nonsort_batches,0.0,0.0
1094,nonsort_batches,0.0,0.0
1095,nonsort_batches,1.5,3.0
1096,nonsort_batches,2.0,4.0
1097,nonsort_batches,2.5,5.0
1098,nonsort_batches,1.5,2.0
1099,nonsort_batches,0.0,0.0
1100,nonsort_batches,0.0,0.0
1101,nonsort_batches,0.0,0.0
1102,nonsort_batches,1.5,3.0
1103,nonsort_batches,1.0,2.0
1104,nonsort_batches,0.5,1.0
1105,nonsort_batches,0.0,0.0
1106,nonsort_batches,0.0,0.0
1107,nonsort_batches,0.0,0.0
1108,nonsort_batches,0.0,0.0
1109,nonsort_batches,0.0,0.0
1110,nonsort_batches,0.0,0.0
1111,nonsort_batches,0.0,0.0
1112,nonsort_batches,0.0,0.0
1113,nonsort_batches,0.0,0.0
1114,nonsort_batches,0.0,0.0
1115,nonsort_batches,0.0,0.0
1116,nonsort_batches,0.5,1.0
1117,nonsort_batches,1.0,2.0
1118,nonsort_batches,0.0,0.0
1119,nonsort_batches,0.0,0.0
1120,nonsort_batches,0.0,0.0
1121,nonsort_batches,1.0,1.0
1122,nonsort_batches,0.0,0.0
1123,nonsort_batches,0.5,1.0
1124,nonsort_batches,0.5,1.0
1125,nonsort_batches,1.5,3.0
1126,nonsort_batches,0.5,1.0
1127,nonsort_batches,0.0,0.0
1128,nonsort_batches,2.5,5.0
1129,nonsort_batches,0.0,0.0
1130,nonsort_batches,0.5,1.0
1131,nonsort_batches,0.0,0.0
1132,nonsort_batches,0.0,0.0
1133,nonsort_batches,0.0,0.0
1134,nonsort_batches,0.0,0.0
1135,nonsort_batches,0.5,1.0
1136,nonsort_batches,0.5,1.0
1137,nonsort_batches,0.5,1.0
1138,nonsort_batches,3.5,7.0
1139,nonsort_batches,0.5,1.0
1140,nonsort_batches,0.0,0.0
1141,nonsort_batches,1.5,3.0
1142,nonsort_batches,0.0,0.0
1143,nonsort_batches,1.0,2.0
1144,nonsort_batches,0.0,0.0
1145,nonsort_batches,1.0,2.0
1146,nonsort_batches,0.0,0.0
1147,nonsort_batches,2.0,4.0
1148,nonsort_batches,0.0,0.0
1149,nonsort_batches,0.0,0.0
1150,nonsort_batches,1.5,3.0
1151,nonsort_batches,4.0,5.0
1152,nonsort_batches,1.5,3.0
1153,nonsort_batches,0.0,0.0
1154,nonsort_batches,0.0,0.0
1155,nonsort_batches,2.0,4.0
1156,nonsort_batches,0.0,0.0
1157,nonsort_batches,0.0,0.0
1158,nonsort_batches,0.5,1.0
1159,nonsort_batches,0.0,0.0
1160,nonsort_batches,1.5,3.0
1161,nonsort_batches,0.0,0.0
1162,nonsort_batches,0.0,0.0
1163,nonsort_batches,0.0,0.0
1164,nonsort_batches,1.0,2.0
1165,nonsort_batches,0.0,0.0
1166,nonsort_batches,0.0,0.0
1167,nonsort_batches,0.0,0.0
1168,nonsort_batches,2.5,4.0
1169,nonsort_batches,1.5,3.0
1170,nonsort_batches,0.0,0.0
1171,nonsort_batches,0.5,1.0
1172,nonsort_batches,0.0,0.0
1173,nonsort_batches,0.0,0.0
1174,nonsort_batches,0.0,0.0
1175,nonsort_batches,0.0,0.0
1176,nonsort_batches,0.0,0.0
1177,nonsort_batches,0.0,0.0
1178,nonsort_batches,0.0,0.0
1179,nonsort_batches,0.0,0.0
1180,nonsort_batches,2.0,3.0
1181,nonsort_batches,4.0,4.0
1182,nonsort_batches,4.0,7.0
1183,nonsort_batches,13.0,16.0
1184,nonsort_batches,13.5,14.0
1185,nonsort_batches,10.5,12.0
1186,nonsort_batches,9.0,12.0
1187,nonsort_batches,4.5,7.0
1188,nonsort_batches,0.0,0.0
1189,nonsort_batches,0.0,0.0
1190,nonsort_batches,1.5,3.0
1191,nonsort_batches,1.0,2.0
1192,nonsort_batches,0.0,0.0
1193,nonsort_batches,0.0,0.0
1194,nonsort_batches,2.0,3.0
1195,nonsort_batches,0.0,0.0
1196,nonsort_batches,0.0,0.0
1197,nonsort_batches,0.0,0.0
1198,nonsort_batches,0.0,0.0
1199,nonsort_batches,1.0,2.0
1200,nonsort_batches,2.0,4.0
1201,nonsort_batches,0.0,0.0
1202,nonsort_batches,0.0,0.0
1203,nonsort_batches,0.5,1.0
1204,nonsort_batches,0.0,0.0
1205,nonsort_batches,7.5,11.0
1206,nonsort_batches,5.5,6.0
1207,nonsort_batches,2.5,5.0
1208,nonsort_batches,1.5,2.0
1209,nonsort_batches,0.0,0.0
1210,nonsort_batches,1.0,1.0
1211,nonsort_batches,0.0,0.0
1212,nonsort_batches,1.0,2.0
1213,nonsort_batches,0.0,0.0
1214,nonsort_batches,0.0,0.0
1215,nonsort_batches,4.0,7.0
1216,nonsort_batches,2.0,2.0
1217,nonsort_batches,1.5,2.0
1218,nonsort_batches,1.5,3.0
1219,nonsort_batches,0.0,0.0
1220,nonsort_batches,0.0,0.0
1221,nonsort_batches,1.5,3.0
1222,nonsort_batches,1.0,2.0
1223,nonsort_batches,0.0,0.0
1224,nonsort_batches,3.5,7.0
1225,nonsort_batches,0.0,0.0
1226,nonsort_batches,0.0,0.0
1227,nonsort_batches,4.0,5.0
1228,nonsort_batches,7.0,9.0
1229,nonsort_batches,5.0,6.0
1230,nonsort_batches,1.0,2.0
1231,nonsort_batches,0.0,0.0
1232,nonsort_batches,1.5,2.0
1233,nonsort_batches,0.5,1.0
1234,nonsort_batches,0.0,0.0
1235,nonsort_batches,0.0,0.0
1236,nonsort_batches,0.0,0.0
1237,nonsort_batches,0.0,0.0
1238,nonsort_batches,0.5,1.0
1239,nonsort_batches,2.0,4.0
1240,nonsort_batches,0.0,0.0
1241,nonsort_batches,0.0,0.0
1242,nonsort_batches,0.0,0.0
1243,nonsort_batches,1.0,2.0
1244,nonsort_batches,0.0,0.0
1245,nonsort_batches,0.5,1.0
1246,nonsort_batches,6.0,6.0
1247,nonsort_batches,0.0,0.0
1248,nonsort_batches,1.0,2.0
1249,nonsort_batches,0.0,0.0
1250,nonsort_batches,0.0,0.0
1251,nonsort_batches,0.5,1.0
1252,nonsort_batches,0.0,0.0
1253,nonsort_batches,3.0,3.0
1254,nonsort_batches,1.0,2.0
1255,nonsort_batches,0.0,0.0
1256,nonsort_batches,0.0,0.0
1257,nonsort_batches,2.0,4.0
1258,nonsort_batches,0.0,0.0
1259,nonsort_batches,0.0,0.0
1260,nonsort_batches,0.0,0.0
1261,nonsort_batches,2.5,5.0
1262,nonsort_batches,1.0,2.0
1263,nonsort_batches,0.0,0.0
1264,nonsort_batches,4.0,5.0
1265,nonsort_batches,0.0,0.0
1266,nonsort_batches,0.0,0.0
1267,nonsort_batches,1.5,3.0
1268,nonsort_batches,0.0,0.0
1269,nonsort_batches,2.0,3.0
1270,nonsort_batches,0.5,1.0
1271,nonsort_batches,0.0,0.0
1272,nonsort_batches,0.0,0.0
1273,nonsort_batches,1.5,3.0
1274,nonsort_batches,0.5,1.0
1275,nonsort_batches,0.0,0.0
1276,nonsort_batches,1.5,3.0
1277,nonsort_batches,1.5,2.0
1278,nonsort_batches,0.0,0.0
1279,nonsort_batches,0.0,0.0
1280,nonsort_batches,0.0,0.0
1281,nonsort_batches,0.0,0.0
1282,nonsort_batches,0.0,0.0
1283,nonsort_batches,0.0,0.0
1284,nonsort_batches,1.5,3.0
1285,nonsort_batches,3.5,7.0
1286,nonsort_batches,0.0,0.0
1287,nonsort_batches,0.0,0.0
1288,nonsort_batches,2.0,4.0
1289,nonsort_batches,0.0,0.0
1290,nonsort_batches,0.5,1.0
1291,nonsort_batches,0.5,1.0
1292,nonsort_batches,1.0,2.0
1293,nonsort_batches,5.5,6.0
1294,nonsort_batches,1.5,3.0
1295,nonsort_batches,0.0,0.0
1296,nonsort_batches,1.0,2.0
1297,nonsort_batches,0.0,0.0
1298,nonsort_batches,0.0,0.0
1299,nonsort_batches,0.0,0.0
1300,nonsort_batches,4.5,6.0
1301,nonsort_batches,7.0,8.0
1302,nonsort_batches,1.0,2.0
1303,nonsort_batches,0.5,1.0
1304,nonsort_batches,0.5,1.0
1305,nonsort_batches,0.0,0.0
1306,nonsort_batches,0.5,1.0
1307,nonsort_batches,1.0,2.0
1308,nonsort_batches,0.5,1.0
1309,nonsort_batches,2.0,4.0
1310,nonsort_batches,1.0,2.0
1311,nonsort_batches,1.0,2.0
1312,nonsort_batches,0.5,1.0
1313,nonsort_batches,4.0,4.0
1314,nonsort_batches,0.0,0.0
1315,nonsort_batches,0.0,0.0
1316,nonsort_batches,0.0,0.0
1317,nonsort_batches,0.0,0.0
1318,nonsort_batches,0.0,0.0
1319,nonsort_batches,0.0,0.0
1320,nonsort_batches,0.0,0.0
1321,nonsort_batches,0.5,1.0
1322,nonsort_batches,0.5,1.0
1323,nonsort_batches,0.0,0.0
1324,nonsort_batches,0.0,0.0
1325,nonsort_batches,1.0,2.0
1326,nonsort_batches,0.5,1.0
1327,nonsort_batches,1.0,2.0
1328,nonsort_batches,1.0,2.0
1329,nonsort_batches,0.5,1.0
1330,nonsort_batches,1.0,2.0
1331,nonsort_batches,0.0,0.0
1332,nonsort_batches,0.0,0.0
1333,nonsort_batches,0.0,0.0
1334,nonsort_batches,0.0,0.0
1335,nonsort_batches,0.0,0.0
1336,nonsort_batches,3.0,4.0
1337,nonsort_batches,3.0,6.0
1338,nonsort_batches,2.5,3.0
1339,nonsort_batches,0.5,1.0
1340,nonsort_batches,2.0,4.0
1341,nonsort_batches,2.0,4.0
1342,nonsort_batches,6.0,8.0
1343,nonsort_batches,0.5,1.0
1344,nonsort_batches,6.0,6.0
1345,nonsort_batches,12.5,13.0
1346,nonsort_batches,8.5,10.0
1347,nonsort_batches,12.5,14.0
1348,nonsort_batches,6.5,12.0
1349,nonsort_batches,5.5,6.0
1350,nonsort_batches,0.0,0.0
1351,nonsort_batches,0.0,0.0
1352,nonsort_batches,0.0,0.0
1353,nonsort_batches,0.0,0.0
1354,nonsort_batches,1.0,2.0
1355,nonsort_batches,0.0,0.0
1356,nonsort_batches,0.0,0.0
1357,nonsort_batches,0.0,0.0
1358,nonsort_batches,0.5,1.0
1359,nonsort_batches,1.5,2.0
1360,nonsort_batches,1.5,2.0
1361,nonsort_batches,2.0,4.0
1362,nonsort_batches,0.0,0.0
1363,nonsort_batches,1.0,1.0
1364,nonsort_batches,0.5,1.0
1365,nonsort_batches,0.5,1.0
1366,nonsort_batches,2.5,5.0
1367,nonsort_batches,0.5,1.0
1368,nonsort_batches,0.5,1.0
1369,nonsort_batches,0.0,0.0
1370,nonsort_batches,0.0,0.0
1371,nonsort_batches,1.0,2.0
1372,nonsort_batches,0.0,0.0
1373,nonsort_batches,1.0,2.0
1374,nonsort_batches,0.0,0.0
1375,nonsort_batches,5.0,6.0
1376,nonsort_batches,0.0,0.0
1377,nonsort_batches,2.5,4.0
1378,nonsort_batches,2.0,3.0
1379,nonsort_batches,1.5,2.0
1380,nonsort_batches,3.0,6.0
1381,nonsort_batches,0.5,1.0
1382,nonsort_batches,0.0,0.0
1383,nonsort_batches,0.0,0.0
1384,nonsort_batches,2.0,2.0
1385,nonsort_batches,0.0,0.0
1386,nonsort_batches,0.0,0.0
1387,nonsort_batches,0.0,0.0
1388,nonsort_batches,0.0,0.0
1389,nonsort_batches,3.5,6.0
1390,nonsort_batches,1.0,2.0
1391,nonsort_batches,0.0,0.0
1392,nonsort_batches,0.0,0.0
1393,nonsort_batches,0.5,1.0
1394,nonsort_batches,0.0,0.0
1395,nonsort_batches,0.0,0.0
1396,nonsort_batches,0.0,0.0
1397,nonsort_batches,3.5,5.0
1398,nonsort_batches,1.5,3.0
1399,nonsort_batches,0.0,0.0
1400,nonsort_batches,0.0,0.0
1401,nonsort_batches,0.0,0.0
1402,nonsort_batches,0.0,0.0
1403,nonsort_batches,0.0,0.0
1404,nonsort_batches,2.5,3.0
1405,nonsort_batches,0.0,0.0
1406,nonsort_batches,0.0,0.0
1407,nonsort_batches,0.0,0.0
1408,nonsort_batches,0.5,1.0
1409,nonsort_batches,5.0,5.0
1410,nonsort_batches,4.0,5.0
1411,nonsort_batches,2.0,4.0
1412,nonsort_batches,2.0,4.0
1413,nonsort_batches,0.0,0.0
1414,nonsort_batches,2.0,4.0
1415,nonsort_batches,0.0,0.0
1416,nonsort_batches,0.0,0.0
1417,nonsort_batches,0.0,0.0
1418,nonsort_batches,0.0,0.0
1419,nonsort_batches,2.5,5.0
1420,nonsort_batches,0.5,1.0
1421,nonsort_batches,3.0,5.0
1422,nonsort_batches,0.5,1.0
1423,nonsort_batches,1.5,3.0
1424,nonsort_batches,0.5,1.0
1425,nonsort_batches,0.0,0.0
1426,nonsort_batches,2.5,3.0
1427,nonsort_batches,0.0,0.0
1428,nonsort_batches,0.5,1.0
1429,nonsort_batches,3.0,6.0
1430,nonsort_batches,0.0,0.0
1431,nonsort_batches,0.0,0.0
1432,nonsort_batches,0.0,0.0
1433,nonsort_batches,0.0,0.0
1434,nonsort_batches,0.0,0.0
1435,nonsort_batches,0.0,0.0
1436,nonsort_batches,0.5,1.0
1437,nonsort_batches,2.5,4.0
1438,nonsort_batches,7.0,11.0
1439,nonsort_batches,1.5,3.0
0,opening_queue_boxes,0.0,0.0
1,opening_queue_boxes,0.0,0.0
2,opening_queue_boxes,0.0,0.0
3,opening_queue_boxes,0.0,0.0
4,opening_queue_boxes,8.0,12.0
5,opening_queue_boxes,8.0,12.0
6,opening_queue_boxes,8.0,12.0
7,opening_queue_boxes,4.0,8.0
8,opening_queue_boxes,4.0,8.0
9,opening_queue_boxes,4.0,8.0
10,opening_queue_boxes,10.0,16.0
11,opening_queue_boxes,8.0,12.0
12,opening_queue_boxes,8.0,12.0
13,opening_queue_boxes,6.0,12.0
14,opening_queue_boxes,4.0,8.0
15,opening_queue_boxes,4.0,8.0
16,opening_queue_boxes,12.0,16.0
17,opening_queue_boxes,8.0,12.0
18,opening_queue_boxes,8.0,12.0
19,opening_queue_boxes,4.0,8.0
20,opening_queue_boxes,4.0,8.0
21,opening_queue_boxes,4.0,8.0
22,opening_queue_boxes,10.0,16.0
23,opening_queue_boxes,8.0,12.0
24,opening_queue_boxes,8.0,12.0
25,opening_queue_boxes,6.0,12.0
26,opening_queue_boxes,4.0,8.0
27,opening_queue_boxes,12.0,16.0
28,opening_queue_boxes,8.0,12.0
29,opening_queue_boxes,8.0,12.0
30,opening_queue_boxes,8.0,12.0
31,opening_queue_boxes,4.0,8.0
32,opening_queue_boxes,4.0,8.0
33,opening_queue_boxes,4.0,8.0
34,opening_queue_boxes,10.0,16.0
35,opening_queue_boxes,8.0,12.0
36,opening_queue_boxes,8.0,12.0
37,opening_queue_boxes,6.0,12.0
38,opening_queue_boxes,4.0,8.0
39,opening_queue_boxes,12.0,16.0
40,opening_queue_boxes,8.0,12.0
41,opening_queue_boxes,8.0,12.0
42,opening_queue_boxes,8.0,12.0
43,opening_queue_boxes,4.0,8.0
44,opening_queue_boxes,4.0,8.0
45,opening_queue_boxes,4.0,8.0
46,opening_queue_boxes,10.0,16.0
47,opening_queue_boxes,8.0,12.0
48,opening_queue_boxes,8.0,12.0
49,opening_queue_boxes,6.0,12.0
50,opening_queue_boxes,4.0,8.0
51,opening_queue_boxes,4.0,8.0
52,opening_queue_boxes,12.0,16.0
53,opening_queue_boxes,8.0,12.0
54,opening_queue_boxes,8.0,12.0
55,opening_queue_boxes,4.0,8.0
56,opening_queue_boxes,4.0,8.0
57,opening_queue_boxes,4.0,8.0
58,opening_queue_boxes,10.0,16.0
59,opening_queue_boxes,8.0,12.0
60,opening_queue_boxes,8.0,12.0
61,opening_queue_boxes,6.0,12.0
62,opening_queue_boxes,4.0,8.0
63,opening_queue_boxes,4.0,8.0
64,opening_queue_boxes,12.0,16.0
65,opening_queue_boxes,8.0,12.0
66,opening_queue_boxes,8.0,12.0
67,opening_queue_boxes,4.0,8.0
68,opening_queue_boxes,4.0,8.0
69,opening_queue_boxes,4.0,8.0
70,opening_queue_boxes,10.0,16.0
71,opening_queue_boxes,8.0,12.0
72,opening_queue_boxes,8.0,12.0
73,opening_queue_boxes,6.0,12.0
74,opening_queue_boxes,4.0,8.0
75,opening_queue_boxes,4.0,8.0
76,opening_queue_boxes,12.0,16.0
77,opening_queue_boxes,8.0,12.0
78,opening_queue_boxes,8.0,12.0
79,opening_queue_boxes,4.0,8.0
80,opening_queue_boxes,4.0,8.0
81,opening_queue_boxes,4.0,8.0
82,opening_queue_boxes,10.0,16.0
83,opening_queue_boxes,8.0,12.0
84,opening_queue_boxes,8.0,12.0
85,opening_queue_boxes,6.0,12.0
86,opening_queue_boxes,4.0,8.0
87,opening_queue_boxes,12.0,16.0
88,opening_queue_boxes,8.0,12.0
89,opening_queue_boxes,8.0,12.0
90,opening_queue_boxes,8.0,12.0
91,opening_queue_boxes,4.0,8.0
92,opening_queue_boxes,4.0,8.0
93,opening_queue_boxes,4.0,8.0
94,opening_queue_boxes,10.0,16.0
95,opening_queue_boxes,8.0,12.0
96,opening_queue_boxes,8.0,12.0
97,opening_queue_boxes,6.0,12.0
98,opening_queue_boxes,4.0,8.0
99,opening_queue_boxes,12.0,16.0
100,opening_queue_boxes,8.0,12.0
101,opening_queue_boxes,8.0,12.0
102,opening_queue_boxes,8.0,12.0
103,opening_queue_boxes,4.0,8.0
104,opening_queue_boxes,4.0,8.0
105,opening_queue_boxes,4.0,8.0
106,opening_queue_boxes,10.0,16.0
107,opening_queue_boxes,8.0,12.0
108,opening_queue_boxes,8.0,12.0
109,opening_queue_boxes,6.0,12.0
110,opening_queue_boxes,4.0,8.0
111,opening_queue_boxes,12.0,16.0
112,opening_queue_boxes,8.0,12.0
113,opening_queue_boxes,8.0,12.0
114,opening_queue_boxes,8.0,12.0
115,opening_queue_boxes,4.0,8.0
116,opening_queue_boxes,4.0,8.0
117,opening_queue_boxes,4.0,8.0
118,opening_queue_boxes,10.0,16.0
119,opening_queue_boxes,8.0,12.0
120,opening_queue_boxes,8.0,12.0
121,opening_queue_boxes,6.0,12.0
122,opening_queue_boxes,4.0,8.0
123,opening_queue_boxes,12.0,16.0
124,opening_queue_boxes,8.0,12.0
125,opening_queue_boxes,8.0,12.0
126,opening_queue_boxes,8.0,12.0
127,opening_queue_boxes,4.0,8.0
128,opening_queue_boxes,4.0,8.0
129,opening_queue_boxes,4.0,8.0
130,opening_queue_boxes,10.0,16.0
131,opening_queue_boxes,8.0,12.0
132,opening_queue_boxes,8.0,12.0
133,opening_queue_boxes,6.0,12.0
134,opening_queue_boxes,4.0,8.0
135,opening_queue_boxes,12.0,16.0
136,opening_queue_boxes,8.0,12.0
137,opening_queue_boxes,8.0,12.0
138,opening_queue_boxes,8.0,12.0
139,opening_queue_boxes,4.0,8.0
140,opening_queue_boxes,4.0,8.0
141,opening_queue_boxes,4.0,8.0
142,opening_queue_boxes,10.0,16.0
143,opening_queue_boxes,8.0,12.0
144,opening_queue_boxes,8.0,12.0
145,opening_queue_boxes,6.0,12.0
146,opening_queue_boxes,4.0,8.0
147,opening_queue_boxes,12.0,16.0
148,opening_queue_boxes,8.0,12.0
149,opening_queue_boxes,8.0,12.0
150,opening_queue_boxes,8.0,12.0
151,opening_queue_boxes,4.0,8.0
152,opening_queue_boxes,4.0,8.0
153,opening_queue_boxes,4.0,8.0
154,opening_queue_boxes,10.0,16.0
155,opening_queue_boxes,8.0,12.0
156,opening_queue_boxes,8.0,12.0
157,opening_queue_boxes,6.0,12.0
158,opening_queue_boxes,4.0,8.0
159,opening_queue_boxes,12.0,16.0
160,opening_queue_boxes,8.0,12.0
161,opening_queue_boxes,8.0,12.0
162,opening_queue_boxes,8.0,12.0
163,opening_queue_boxes,4.0,8.0
164,opening_queue_boxes,4.0,8.0
165,opening_queue_boxes,4.0,8.0
166,opening_queue_boxes,10.0,16.0
167,opening_queue_boxes,8.0,12.0
168,opening_queue_boxes,8.0,12.0
169,opening_queue_boxes,6.0,12.0
170,opening_queue_boxes,4.0,8.0
171,opening_queue_boxes,14.0,20.0
172,opening_queue_boxes,12.0,16.0
173,opening_queue_boxes,8.0,12.0
174,opening_queue_boxes,8.0,12.0
175,opening_queue_boxes,4.0,8.0
176,opening_queue_boxes,4.0,8.0
177,opening_queue_boxes,4.0,8.0
178,opening_queue_boxes,10.0,16.0
179,opening_queue_boxes,8.0,12.0
180,opening_queue_boxes,8.0,12.0
181,opening_queue_boxes,6.0,12.0
182,opening_queue_boxes,4.0,8.0
183,opening_queue_boxes,4.0,8.0
184,opening_queue_boxes,12.0,16.0
185,opening_queue_boxes,8.0,12.0
186,opening_queue_boxes,8.0,12.0
187,opening_queue_boxes,4.0,8.0
188,opening_queue_boxes,4.0,8.0
189,opening_queue_boxes,4.0,8.0
190,opening_queue_boxes,10.0,16.0
191,opening_queue_boxes,8.0,12.0
192,opening_queue_boxes,8.0,12.0
193,opening_queue_boxes,6.0,12.0
194,opening_queue_boxes,4.0,8.0
195,opening_queue_boxes,4.0,8.0
196,opening_queue_boxes,12.0,16.0
197,opening_queue_boxes,8.0,12.0
198,opening_queue_boxes,8.0,12.0
199,opening_queue_boxes,4.0,8.0
200,opening_queue_boxes,4.0,8.0
201,opening_queue_boxes,4.0,8.0
202,opening_queue_boxes,10.0,16.0
203,opening_queue_boxes,8.0,12.0
204,opening_queue_boxes,8.0,12.0
205,opening_queue_boxes,6.0,12.0
206,opening_queue_boxes,4.0,8.0
207,opening_queue_boxes,4.0,8.0
208,opening_queue_boxes,12.0,16.0
209,opening_queue_boxes,8.0,12.0
210,opening_queue_boxes,8.0,12.0
211,opening_queue_boxes,4.0,8.0
212,opening_queue_boxes,4.0,8.0
213,opening_queue_boxes,4.0,8.0
214,opening_queue_boxes,10.0,16.0
215,opening_queue_boxes,8.0,12.0
216,opening_queue_boxes,8.0,12.0
217,opening_queue_boxes,6.0,12.0
218,opening_queue_boxes,4.0,8.0
219,opening_queue_boxes,4.0,8.0
220,opening_queue_boxes,12.0,16.0
221,opening_queue_boxes,8.0,12.0
222,opening_queue_boxes,8.0,12.0
223,opening_queue_boxes,4.0,8.0
224,opening_queue_boxes,4.0,8.0
225,opening_queue_boxes,4.0,8.0
226,opening_queue_boxes,10.0,16.0
227,opening_queue_boxes,8.0,12.0
228,opening_queue_boxes,8.0,12.0
229,opening_queue_boxes,6.0,12.0
230,opening_queue_boxes,4.0,8.0
231,opening_queue_boxes,4.0,8.0
232,opening_queue_boxes,12.0,16.0
233,opening_queue_boxes,8.0,12.0
234,opening_queue_boxes,8.0,12.0
235,opening_queue_boxes,4.0,8.0
236,opening_queue_boxes,4.0,8.0
237,opening_queue_boxes,4.0,8.0
238,opening_queue_boxes,10.0,16.0
239,opening_queue_boxes,8.0,12.0
240,opening_queue_boxes,8.0,12.0
241,opening_queue_boxes,6.0,12.0
242,opening_queue_boxes,4.0,8.0
243,opening_queue_boxes,4.0,8.0
244,opening_queue_boxes,12.0,16.0
245,opening_queue_boxes,8.0,12.0
246,opening_queue_boxes,8.0,12.0
247,opening_queue_boxes,4.0,8.0
248,opening_queue_boxes,4.0,8.0
249,opening_queue_boxes,4.0,8.0
250,opening_queue_boxes,10.0,16.0
251,opening_queue_boxes,8.0,12.0
252,opening_queue_boxes,8.0,12.0
253,opening_queue_boxes,6.0,12.0
254,opening_queue_boxes,4.0,8.0
255,opening_queue_boxes,4.0,8.0
256,opening_queue_boxes,12.0,16.0
257,opening_queue_boxes,8.0,12.0
258,opening_queue_boxes,8.0,12.0
259,opening_queue_boxes,4.0,8.0
260,opening_queue_boxes,4.0,8.0
261,opening_queue_boxes,4.0,8.0
262,opening_queue_boxes,10.0,16.0
263,opening_queue_boxes,8.0,12.0
264,opening_queue_boxes,8.0,12.0
265,opening_queue_boxes,6.0,12.0
266,opening_queue_boxes,4.0,8.0
267,opening_queue_boxes,4.0,8.0
268,opening_queue_boxes,12.0,16.0
269,opening_queue_boxes,8.0,12.0
270,opening_queue_boxes,8.0,12.0
271,opening_queue_boxes,4.0,8.0
272,opening_queue_boxes,4.0,8.0
273,opening_queue_boxes,4.0,8.0
274,opening_queue_boxes,10.0,16.0
275,opening_queue_boxes,8.0,12.0
276,opening_queue_boxes,8.0,12.0
277,opening_queue_boxes,6.0,12.0
278,opening_queue_boxes,4.0,8.0
279,opening_queue_boxes,4.0,8.0
280,opening_queue_boxes,12.0,16.0
281,opening_queue_boxes,8.0,12.0
282,opening_queue_boxes,8.0,12.0
283,opening_queue_boxes,4.0,8.0
284,opening_queue_boxes,4.0,8.0
285,opening_queue_boxes,4.0,8.0
286,opening_queue_boxes,10.0,16.0
287,opening_queue_boxes,8.0,12.0
288,opening_queue_boxes,8.0,12.0
289,opening_queue_boxes,6.0,12.0
290,opening_queue_boxes,4.0,8.0
291,opening_queue_boxes,4.0,8.0
292,opening_queue_boxes,12.0,16.0
293,opening_queue_boxes,8.0,12.0
294,opening_queue_boxes,8.0,12.0
295,opening_queue_boxes,4.0,8.0
296,opening_queue_boxes,4.0,8.0
297,opening_queue_boxes,4.0,8.0
298,opening_queue_boxes,10.0,16.0
299,opening_queue_boxes,8.0,12.0
300,opening_queue_boxes,8.0,12.0
301,opening_queue_boxes,6.0,12.0
302,opening_queue_boxes,4.0,8.0
303,opening_queue_boxes,4.0,8.0
304,opening_queue_boxes,12.0,16.0
305,opening_queue_boxes,8.0,12.0
306,opening_queue_boxes,8.0,12.0
307,opening_queue_boxes,4.0,8.0
308,opening_queue_boxes,4.0,8.0
309,opening_queue_boxes,4.0,8.0
310,opening_queue_boxes,10.0,16.0
311,opening_queue_boxes,8.0,12.0
312,opening_queue_boxes,8.0,12.0
313,opening_queue_boxes,6.0,12.0
314,opening_queue_boxes,4.0,8.0
315,opening_queue_boxes,4.0,8.0
316,opening_queue_boxes,12.0,16.0
317,opening_queue_boxes,8.0,12.0
318,opening_queue_boxes,8.0,12.0
319,opening_queue_boxes,4.0,8.0
320,opening_queue_boxes,4.0,8.0
321,opening_queue_boxes,4.0,8.0
322,opening_queue_boxes,10.0,16.0
323,opening_queue_boxes,8.0,12.0
324,opening_queue_boxes,8.0,12.0
325,opening_queue_boxes,6.0,12.0
326,opening_queue_boxes,4.0,8.0
327,opening_queue_boxes,4.0,8.0
328,opening_queue_boxes,12.0,16.0
329,opening_queue_boxes,8.0,12.0
330,opening_queue_boxes,8.0,12.0
331,opening_queue_boxes,4.0,8.0
332,opening_queue_boxes,4.0,8.0
333,opening_queue_boxes,4.0,8.0
334,opening_queue_boxes,10.0,16.0
335,opening_queue_boxes,8.0,12.0
336,opening_queue_boxes,8.0,12.0
337,opening_queue_boxes,6.0,12.0
338,opening_queue_boxes,4.0,8.0
339,opening_queue_boxes,4.0,8.0
340,opening_queue_boxes,12.0,16.0
341,opening_queue_boxes,8.0,12.0
342,opening_queue_boxes,8.0,12.0
343,opening_queue_boxes,4.0,8.0
344,opening_queue_boxes,4.0,8.0
345,opening_queue_boxes,4.0,8.0
346,opening_queue_boxes,10.0,16.0
347,opening_queue_boxes,8.0,12.0
348,opening_queue_boxes,8.0,12.0
349,opening_queue_boxes,6.0,12.0
350,opening_queue_boxes,4.0,8.0
351,opening_queue_boxes,4.0,8.0
352,opening_queue_boxes,12.0,16.0
353,opening_queue_boxes,8.0,12.0
354,opening_queue_boxes,8.0,12.0
355,opening_queue_boxes,4.0,8.0
356,opening_queue_boxes,4.0,8.0
357,opening_queue_boxes,4.0,8.0
358,opening_queue_boxes,10.0,16.0
359,opening_queue_boxes,8.0,12.0
360,opening_queue_boxes,8.0,12.0
361,opening_queue_boxes,6.0,12.0
362,opening_queue_boxes,4.0,8.0
363,opening_queue_boxes,4.0,8.0
364,opening_queue_boxes,12.0,16.0
365,opening_queue_boxes,8.0,12.0
366,opening_queue_boxes,8.0,12.0
367,opening_queue_boxes,4.0,8.0
368,opening_queue_boxes,4.0,8.0
369,opening_queue_boxes,4.0,8.0
370,opening_queue_boxes,10.0,16.0
371,opening_queue_boxes,8.0,12.0
372,opening_queue_boxes,8.0,12.0
373,opening_queue_boxes,6.0,12.0
374,opening_queue_boxes,4.0,8.0
375,opening_queue_boxes,4.0,8.0
376,opening_queue_boxes,12.0,16.0
377,opening_queue_boxes,8.0,12.0
378,opening_queue_boxes,8.0,12.0
379,opening_queue_boxes,4.0,8.0
380,opening_queue_boxes,4.0,8.0
381,opening_queue_boxes,4.0,8.0
382,opening_queue_boxes,10.0,16.0
383,opening_queue_boxes,8.0,12.0
384,opening_queue_boxes,8.0,12.0
385,opening_queue_boxes,6.0,12.0
386,opening_queue_boxes,4.0,8.0
387,opening_queue_boxes,4.0,8.0
388,opening_queue_boxes,12.0,16.0
389,opening_queue_boxes,8.0,12.0
390,opening_queue_boxes,8.0,12.0
391,opening_queue_boxes,4.0,8.0
392,opening_queue_boxes,4.0,8.0
393,opening_queue_boxes,4.0,8.0
394,opening_queue_boxes,10.0,16.0
395,opening_queue_boxes,8.0,12.0
396,opening_queue_boxes,8.0,12.0
397,opening_queue_boxes,6.0,12.0
398,opening_queue_boxes,4.0,8.0
399,opening_queue_boxes,4.0,8.0
400,opening_queue_boxes,12.0,16.0
401,opening_queue_boxes,8.0,12.0
402,opening_queue_boxes,8.0,12.0
403,opening_queue_boxes,4.0,8.0
404,opening_queue_boxes,4.0,8.0
405,opening_queue_boxes,4.0,8.0
406,opening_queue_boxes,10.0,16.0
407,opening_queue_boxes,8.0,12.0
408,opening_queue_boxes,8.0,12.0
409,opening_queue_boxes,6.0,12.0
410,opening_queue_boxes,4.0,8.0
411,opening_queue_boxes,4.0,8.0
412,opening_queue_boxes,12.0,16.0
413,opening_queue_boxes,8.0,12.0
414,opening_queue_boxes,8.0,12.0
415,opening_queue_boxes,4.0,8.0
416,opening_queue_boxes,4.0,8.0
417,opening_queue_boxes,4.0,8.0
418,opening_queue_boxes,10.0,16.0
419,opening_queue_boxes,8.0,12.0
420,opening_queue_boxes,8.0,12.0
421,opening_queue_boxes,6.0,12.0
422,opening_queue_boxes,4.0,8.0
423,opening_queue_boxes,4.0,8.0
424,opening_queue_boxes,12.0,16.0
425,opening_queue_boxes,8.0,12.0
426,opening_queue_boxes,8.0,12.0
427,opening_queue_boxes,4.0,8.0
428,opening_queue_boxes,4.0,8.0
429,opening_queue_boxes,4.0,8.0
430,opening_queue_boxes,10.0,16.0
431,opening_queue_boxes,8.0,12.0
432,opening_queue_boxes,8.0,12.0
433,opening_queue_boxes,6.0,12.0
434,opening_queue_boxes,4.0,8.0
435,opening_queue_boxes,4.0,8.0
436,opening_queue_boxes,12.0,16.0
437,opening_queue_boxes,8.0,12.0
438,opening_queue_boxes,8.0,12.0
439,opening_queue_boxes,4.0,8.0
440,opening_queue_boxes,4.0,8.0
441,opening_queue_boxes,4.0,8.0
442,opening_queue_boxes,10.0,16.0
443,opening_queue_boxes,8.0,12.0
444,opening_queue_boxes,8.0,12.0
445,opening_queue_boxes,6.0,12.0
446,opening_queue_boxes,4.0,8.0
447,opening_queue_boxes,4.0,8.0
448,opening_queue_boxes,12.0,16.0
449,opening_queue_boxes,8.0,12.0
450,opening_queue_boxes,8.0,12.0
451,opening_queue_boxes,4.0,8.0
452,opening_queue_boxes,4.0,8.0
453,opening_queue_boxes,4.0,8.0
454,opening_queue_boxes,10.0,16.0
455,opening_queue_boxes,8.0,12.0
456,opening_queue_boxes,8.0,12.0
457,opening_queue_boxes,6.0,12.0
458,opening_queue_boxes,4.0,8.0
459,opening_queue_boxes,4.0,8.0
460,opening_queue_boxes,12.0,16.0
461,opening_queue_boxes,8.0,12.0
462,opening_queue_boxes,8.0,12.0
463,opening_queue_boxes,4.0,8.0
464,opening_queue_boxes,4.0,8.0
465,opening_queue_boxes,4.0,8.0
466,opening_queue_boxes,10.0,16.0
467,opening_queue_boxes,8.0,12.0
468,opening_queue_boxes,8.0,12.0
469,opening_queue_boxes,6.0,12.0
470,opening_queue_boxes,4.0,8.0
471,opening_queue_boxes,4.0,8.0
472,opening_queue_boxes,12.0,16.0
473,opening_queue_boxes,8.0,12.0
474,opening_queue_boxes,8.0,12.0
475,opening_queue_boxes,4.0,8.0
476,opening_queue_boxes,4.0,8.0
477,opening_queue_boxes,4.0,8.0
478,opening_queue_boxes,10.0,16.0
479,opening_queue_boxes,8.0,12.0
480,opening_queue_boxes,8.0,12.0
481,opening_queue_boxes,6.0,12.0
482,opening_queue_boxes,4.0,8.0
483,opening_queue_boxes,4.0,8.0
484,opening_queue_boxes,12.0,16.0
485,opening_queue_boxes,8.0,12.0
486,opening_queue_boxes,8.0,12.0
487,opening_queue_boxes,4.0,8.0
488,opening_queue_boxes,4.0,8.0
489,opening_queue_boxes,4.0,8.0
490,opening_queue_boxes,10.0,16.0
491,opening_queue_boxes,8.0,12.0
492,opening_queue_boxes,8.0,12.0
493,opening_queue_boxes,6.0,12.0
494,opening_queue_boxes,4.0,8.0
495,opening_queue_boxes,4.0,8.0
496,opening_queue_boxes,12.0,16.0
497,opening_queue_boxes,8.0,12.0
498,opening_queue_boxes,8.0,12.0
499,opening_queue_boxes,4.0,8.0
500,opening_queue_boxes,4.0,8.0
501,opening_queue_boxes,4.0,8.0
502,opening_queue_boxes,10.0,16.0
503,opening_queue_boxes,8.0,12.0
504,opening_queue_boxes,8.0,12.0
505,opening_queue_boxes,6.0,12.0
506,opening_queue_boxes,4.0,8.0
507,opening_queue_boxes,4.0,8.0
508,opening_queue_boxes,12.0,16.0
509,opening_queue_boxes,8.0,12.0
510,opening_queue_boxes,8.0,12.0
511,opening_queue_boxes,4.0,8.0
512,opening_queue_boxes,4.0,8.0
513,opening_queue_boxes,4.0,8.0
514,opening_queue_boxes,10.0,16.0
515,opening_queue_boxes,8.0,12.0
516,opening_queue_boxes,8.0,12.0
517,opening_queue_boxes,6.0,12.0
518,opening_queue_boxes,4.0,8.0
519,opening_queue_boxes,4.0,8.0
520,opening_queue_boxes,12.0,16.0
521,opening_queue_boxes,8.0,12.0
522,opening_queue_boxes,8.0,12.0
523,opening_queue_boxes,4.0,8.0
524,opening_queue_boxes,4.0,8.0
525,opening_queue_boxes,4.0,8.0
526,opening_queue_boxes,10.0,16.0
527,opening_queue_boxes,8.0,12.0
528,opening_queue_boxes,8.0,12.0
529,opening_queue_boxes,6.0,12.0
530,opening_queue_boxes,4.0,8.0
531,opening_queue_boxes,4.0,8.0
532,opening_queue_boxes,12.0,16.0
533,opening_queue_boxes,8.0,12.0
534,opening_queue_boxes,8.0,12.0
535,opening_queue_boxes,4.0,8.0
536,opening_queue_boxes,4.0,8.0
537,opening_queue_boxes,4.0,8.0
538,opening_queue_boxes,10.0,16.0
539,opening_queue_boxes,8.0,12.0
540,opening_queue_boxes,8.0,12.0
541,opening_queue_boxes,6.0,12.0
542,opening_queue_boxes,4.0,8.0
543,opening_queue_boxes,4.0,8.0
544,opening_queue_boxes,12.0,16.0
545,opening_queue_boxes,8.0,12.0
546,opening_queue_boxes,8.0,12.0
547,opening_queue_boxes,4.0,8.0
548,opening_queue_boxes,4.0,8.0
549,opening_queue_boxes,4.0,8.0
550,opening_queue_boxes,10.0,16.0
551,opening_queue_boxes,8.0,12.0
552,opening_queue_boxes,8.0,12.0
553,opening_queue_boxes,6.0,12.0
554,opening_queue_boxes,4.0,8.0
555,opening_queue_boxes,4.0,8.0
556,opening_queue_boxes,12.0,16.0
557,opening_queue_boxes,8.0,12.0
558,opening_queue_boxes,8.0,12.0
559,opening_queue_boxes,4.0,8.0
560,opening_queue_boxes,4.0,8.0
561,opening_queue_boxes,4.0,8.0
562,opening_queue_boxes,10.0,16.0
563,opening_queue_boxes,8.0,12.0
564,opening_queue_boxes,8.0,12.0
565,opening_queue_boxes,6.0,12.0
566,opening_queue_boxes,4.0,8.0
567,opening_queue_boxes,4.0,8.0
568,opening_queue_boxes,12.0,16.0
569,opening_queue_boxes,8.0,12.0
570,opening_queue_boxes,8.0,12.0
571,opening_queue_boxes,4.0,8.0
572,opening_queue_boxes,4.0,8.0
573,opening_queue_boxes,4.0,8.0
574,opening_queue_boxes,10.0,16.0
575,opening_queue_boxes,8.0,12.0
576,opening_queue_boxes,8.0,12.0
577,opening_queue_boxes,6.0,12.0
578,opening_queue_boxes,4.0,8.0
579,opening_queue_boxes,4.0,8.0
580,opening_queue_boxes,12.0,16.0
581,opening_queue_boxes,8.0,12.0
582,opening_queue_boxes,8.0,12.0
583,opening_queue_boxes,4.0,8.0
584,opening_queue_boxes,4.0,8.0
585,opening_queue_boxes,4.0,8.0
586,opening_queue_boxes,10.0,16.0
587,opening_queue_boxes,8.0,12.0
588,opening_queue_boxes,8.0,12.0
589,opening_queue_boxes,6.0,12.0
590,opening_queue_boxes,4.0,8.0
591,opening_queue_boxes,4.0,8.0
592,opening_queue_boxes,12.0,16.0
593,opening_queue_boxes,8.0,12.0
594,opening_queue_boxes,8.0,12.0
595,opening_queue_boxes,4.0,8.0
596,opening_queue_boxes,4.0,8.0
597,opening_queue_boxes,4.0,8.0
598,opening_queue_boxes,10.0,16.0
599,opening_queue_boxes,8.0,12.0
600,opening_queue_boxes,8.0,12.0
601,opening_queue_boxes,6.0,12.0
602,opening_queue_boxes,4.0,8.0
603,opening_queue_boxes,4.0,8.0
604,opening_queue_boxes,12.0,16.0
605,opening_queue_boxes,8.0,12.0
606,opening_queue_boxes,8.0,12.0
607,opening_queue_boxes,4.0,8.0
608,opening_queue_boxes,4.0,8.0
609,opening_queue_boxes,4.0,8.0
610,opening_queue_boxes,10.0,16.0
611,opening_queue_boxes,8.0,12.0
612,opening_queue_boxes,8.0,12.0
613,opening_queue_boxes,6.0,12.0
614,opening_queue_boxes,4.0,8.0
615,opening_queue_boxes,4.0,8.0
616,opening_queue_boxes,12.0,16.0
617,opening_queue_boxes,8.0,12.0
618,opening_queue_boxes,8.0,12.0
619,opening_queue_boxes,4.0,8.0
620,opening_queue_boxes,4.0,8.0
621,opening_queue_boxes,4.0,8.0
622,opening_queue_boxes,10.0,16.0
623,opening_queue_boxes,8.0,12.0
624,opening_queue_boxes,8.0,12.0
625,opening_queue_boxes,6.0,12.0
626,opening_queue_boxes,4.0,8.0
627,opening_queue_boxes,4.0,8.0
628,opening_queue_boxes,12.0,16.0
629,opening_queue_boxes,8.0,12.0
630,opening_queue_boxes,8.0,12.0
631,opening_queue_boxes,4.0,8.0
632,opening_queue_boxes,4.0,8.0
633,opening_queue_boxes,4.0,8.0
634,opening_queue_boxes,10.0,16.0
635,opening_queue_boxes,8.0,12.0
636,opening_queue_boxes,8.0,12.0
637,opening_queue_boxes,6.0,12.0
638,opening_queue_boxes,4.0,8.0
639,opening_queue_boxes,4.0,8.0
640,opening_queue_boxes,12.0,16.0
641,opening_queue_boxes,8.0,12.0
642,opening_queue_boxes,8.0,12.0
643,opening_queue_boxes,4.0,8.0
644,opening_queue_boxes,4.0,8.0
645,opening_queue_boxes,4.0,8.0
646,opening_queue_boxes,10.0,16.0
647,opening_queue_boxes,8.0,12.0
648,opening_queue_boxes,8.0,12.0
649,opening_queue_boxes,6.0,12.0
650,opening_queue_boxes,4.0,8.0
651,opening_queue_boxes,4.0,8.0
652,opening_queue_boxes,12.0,16.0
653,opening_queue_boxes,8.0,12.0
654,opening_queue_boxes,8.0,12.0
655,opening_queue_boxes,4.0,8.0
656,opening_queue_boxes,4.0,8.0
657,opening_queue_boxes,4.0,8.0
658,opening_queue_boxes,10.0,16.0
659,opening_queue_boxes,8.0,12.0
660,opening_queue_boxes,8.0,12.0
661,opening_queue_boxes,6.0,12.0
662,opening_queue_boxes,4.0,8.0
663,opening_queue_boxes,4.0,8.0
664,opening_queue_boxes,12.0,16.0
665,opening_queue_boxes,8.0,12.0
666,opening_queue_boxes,8.0,12.0
667,opening_queue_boxes,4.0,8.0
668,opening_queue_boxes,4.0,8.0
669,opening_queue_boxes,4.0,8.0
670,opening_queue_boxes,10.0,16.0
671,opening_queue_boxes,8.0,12.0
672,opening_queue_boxes,8.0,12.0
673,opening_queue_boxes,6.0,12.0
674,opening_queue_boxes,4.0,8.0
675,opening_queue_boxes,4.0,8.0
676,opening_queue_boxes,12.0,16.0
677,opening_queue_boxes,8.0,12.0
678,opening_queue_boxes,8.0,12.0
679,opening_queue_boxes,4.0,8.0
680,opening_queue_boxes,4.0,8.0
681,opening_queue_boxes,4.0,8.0
682,opening_queue_boxes,10.0,16.0
683,opening_queue_boxes,8.0,12.0
684,opening_queue_boxes,8.0,12.0
685,opening_queue_boxes,6.0,12.0
686,opening_queue_boxes,4.0,8.0
687,opening_queue_boxes,4.0,8.0
688,opening_queue_boxes,12.0,16.0
689,opening_queue_boxes,8.0,12.0
690,opening_queue_boxes,8.0,12.0
691,opening_queue_boxes,4.0,8.0
692,opening_queue_boxes,4.0,8.0
693,opening_queue_boxes,4.0,8.0
694,opening_queue_boxes,10.0,16.0
695,opening_queue_boxes,8.0,12.0
696,opening_queue_boxes,8.0,12.0
697,opening_queue_boxes,6.0,12.0
698,opening_queue_boxes,4.0,8.0
699,opening_queue_boxes,4.0,8.0
700,opening_queue_boxes,12.0,16.0
701,opening_queue_boxes,8.0,12.0
702,opening_queue_boxes,8.0,12.0
703,opening_queue_boxes,4.0,8.0
704,opening_queue_boxes,4.0,8.0
705,opening_queue_boxes,4.0,8.0
706,opening_queue_boxes,10.0,16.0
707,opening_queue_boxes,8.0,12.0
708,opening_queue_boxes,8.0,12.0
709,opening_queue_boxes,6.0,12.0
710,opening_queue_boxes,4.0,8.0
711,opening_queue_boxes,4.0,8.0
712,opening_queue_boxes,12.0,16.0
713,opening_queue_boxes,8.0,12.0
714,opening_queue_boxes,8.0,12.0
715,opening_queue_boxes,4.0,8.0
716,opening_queue_boxes,4.0,8.0
717,opening_queue_boxes,4.0,8.0
718,opening_queue_boxes,10.0,16.0
719,opening_queue_boxes,8.0,12.0
720,opening_queue_boxes,8.0,12.0
721,opening_queue_boxes,6.0,12.0
722,opening_queue_boxes,4.0,8.0
723,opening_queue_boxes,4.0,8.0
724,opening_queue_boxes,12.0,16.0
725,opening_queue_boxes,8.0,12.0
726,opening_queue_boxes,8.0,12.0
727,opening_queue_boxes,4.0,8.0
728,opening_queue_boxes,4.0,8.0
729,opening_queue_boxes,4.0,8.0
730,opening_queue_boxes,10.0,16.0
731,opening_queue_boxes,8.0,12.0
732,opening_queue_boxes,8.0,12.0
733,opening_queue_boxes,6.0,12.0
734,opening_queue_boxes,4.0,8.0
735,opening_queue_boxes,4.0,8.0
736,opening_queue_boxes,12.0,16.0
737,opening_queue_boxes,8.0,12.0
738,opening_queue_boxes,8.0,12.0
739,opening_queue_boxes,4.0,8.0
740,opening_queue_boxes,4.0,8.0
741,opening_queue_boxes,4.0,8.0
742,opening_queue_boxes,10.0,16.0
743,opening_queue_boxes,8.0,12.0
744,opening_queue_boxes,8.0,12.0
745,opening_queue_boxes,6.0,12.0
746,opening_queue_boxes,4.0,8.0
747,opening_queue_boxes,4.0,8.0
748,opening_queue_boxes,12.0,16.0
749,opening_queue_boxes,8.0,12.0
750,opening_queue_boxes,8.0,12.0
751,opening_queue_boxes,4.0,8.0
752,opening_queue_boxes,4.0,8.0
753,opening_queue_boxes,4.0,8.0
754,opening_queue_boxes,10.0,16.0
755,opening_queue_boxes,8.0,12.0
756,opening_queue_boxes,8.0,12.0
757,opening_queue_boxes,6.0,12.0
758,opening_queue_boxes,4.0,8.0
759,opening_queue_boxes,4.0,8.0
760,opening_queue_boxes,12.0,16.0
761,opening_queue_boxes,8.0,12.0
762,opening_queue_boxes,8.0,12.0
763,opening_queue_boxes,4.0,8.0
764,opening_queue_boxes,4.0,8.0
765,opening_queue_boxes,4.0,8.0
766,opening_queue_boxes,10.0,16.0
767,opening_queue_boxes,8.0,12.0
768,opening_queue_boxes,8.0,12.0
769,opening_queue_boxes,6.0,12.0
770,opening_queue_boxes,4.0,8.0
771,opening_queue_boxes,4.0,8.0
772,opening_queue_boxes,12.0,16.0
773,opening_queue_boxes,8.0,12.0
774,opening_queue_boxes,8.0,12.0
775,opening_queue_boxes,4.0,8.0
776,opening_queue_boxes,4.0,8.0
777,opening_queue_boxes,4.0,8.0
778,opening_queue_boxes,10.0,16.0
779,opening_queue_boxes,8.0,12.0
780,opening_queue_boxes,8.0,12.0
781,opening_queue_boxes,6.0,12.0
782,opening_queue_boxes,4.0,8.0
783,opening_queue_boxes,4.0,8.0
784,opening_queue_boxes,12.0,16.0
785,opening_queue_boxes,8.0,12.0
786,opening_queue_boxes,8.0,12.0
787,opening_queue_boxes,4.0,8.0
788,opening_queue_boxes,4.0,8.0
789,opening_queue_boxes,4.0,8.0
790,opening_queue_boxes,10.0,16.0
791,opening_queue_boxes,8.0,12.0
792,opening_queue_boxes,8.0,12.0
793,opening_queue_boxes,6.0,12.0
794,opening_queue_boxes,4.0,8.0
795,opening_queue_boxes,4.0,8.0
796,opening_queue_boxes,12.0,16.0
797,opening_queue_boxes,8.0,12.0
798,opening_queue_boxes,8.0,12.0
799,opening_queue_boxes,4.0,8.0
800,opening_queue_boxes,4.0,8.0
801,opening_queue_boxes,4.0,8.0
802,opening_queue_boxes,10.0,16.0
803,opening_queue_boxes,8.0,12.0
804,opening_queue_boxes,8.0,12.0
805,opening_queue_boxes,6.0,12.0
806,opening_queue_boxes,4.0,8.0
807,opening_queue_boxes,4.0,8.0
808,opening_queue_boxes,12.0,16.0
809,opening_queue_boxes,8.0,12.0
810,opening_queue_boxes,8.0,12.0
811,opening_queue_boxes,4.0,8.0
812,opening_queue_boxes,4.0,8.0
813,opening_queue_boxes,4.0,8.0
814,opening_queue_boxes,10.0,16.0
815,opening_queue_boxes,8.0,12.0
816,opening_queue_boxes,8.0,12.0
817,opening_queue_boxes,6.0,12.0
818,opening_queue_boxes,4.0,8.0
819,opening_queue_boxes,4.0,8.0
820,opening_queue_boxes,12.0,16.0
821,opening_queue_boxes,8.0,12.0
822,opening_queue_boxes,8.0,12.0
823,opening_queue_boxes,4.0,8.0
824,opening_queue_boxes,4.0,8.0
825,opening_queue_boxes,4.0,8.0
826,opening_queue_boxes,10.0,16.0
827,opening_queue_boxes,8.0,12.0
828,opening_queue_boxes,8.0,12.0
829,opening_queue_boxes,6.0,12.0
830,opening_queue_boxes,4.0,8.0
831,opening_queue_boxes,4.0,8.0
832,opening_queue_boxes,12.0,16.0
833,opening_queue_boxes,8.0,12.0
834,opening_queue_boxes,8.0,12.0
835,opening_queue_boxes,4.0,8.0
836,opening_queue_boxes,4.0,8.0
837,opening_queue_boxes,4.0,8.0
838,opening_queue_boxes,10.0,16.0
839,opening_queue_boxes,8.0,12.0
840,opening_queue_boxes,8.0,12.0
841,opening_queue_boxes,6.0,12.0
842,opening_queue_boxes,4.0,8.0
843,opening_queue_boxes,4.0,8.0
844,opening_queue_boxes,12.0,16.0
845,opening_queue_boxes,8.0,12.0
846,opening_queue_boxes,8.0,12.0
847,opening_queue_boxes,4.0,8.0
848,opening_queue_boxes,4.0,8.0
849,opening_queue_boxes,4.0,8.0
850,opening_queue_boxes,10.0,16.0
851,opening_queue_boxes,8.0,12.0
852,opening_queue_boxes,8.0,12.0
853,opening_queue_boxes,6.0,12.0
854,opening_queue_boxes,4.0,8.0
855,opening_queue_boxes,4.0,8.0
856,opening_queue_boxes,12.0,16.0
857,opening_queue_boxes,8.0,12.0
858,opening_queue_boxes,8.0,12.0
859,opening_queue_boxes,4.0,8.0
860,opening_queue_boxes,4.0,8.0
861,opening_queue_boxes,4.0,8.0
862,opening_queue_boxes,10.0,16.0
863,opening_queue_boxes,8.0,12.0
864,opening_queue_boxes,8.0,12.0
865,opening_queue_boxes,6.0,12.0
866,opening_queue_boxes,4.0,8.0
867,opening_queue_boxes,4.0,8.0
868,opening_queue_boxes,12.0,16.0
869,opening_queue_boxes,8.0,12.0
870,opening_queue_boxes,8.0,12.0
871,opening_queue_boxes,4.0,8.0
872,opening_queue_boxes,4.0,8.0
873,opening_queue_boxes,4.0,8.0
874,opening_queue_boxes,10.0,16.0
875,opening_queue_boxes,8.0,12.0
876,opening_queue_boxes,8.0,12.0
877,opening_queue_boxes,6.0,12.0
878,opening_queue_boxes,4.0,8.0
879,opening_queue_boxes,4.0,8.0
880,opening_queue_boxes,12.0,16.0
881,opening_queue_boxes,8.0,12.0
882,opening_queue_boxes,8.0,12.0
883,opening_queue_boxes,4.0,8.0
884,opening_queue_boxes,4.0,8.0
885,opening_queue_boxes,4.0,8.0
886,opening_queue_boxes,10.0,16.0
887,opening_queue_boxes,8.0,12.0
888,opening_queue_boxes,8.0,12.0
889,opening_queue_boxes,6.0,12.0
890,opening_queue_boxes,4.0,8.0
891,opening_queue_boxes,4.0,8.0
892,opening_queue_boxes,12.0,16.0
893,opening_queue_boxes,8.0,12.0
894,opening_queue_boxes,8.0,12.0
895,opening_queue_boxes,4.0,8.0
896,opening_queue_boxes,4.0,8.0
897,opening_queue_boxes,4.0,8.0
898,opening_queue_boxes,10.0,16.0
899,opening_queue_boxes,8.0,12.0
900,opening_queue_boxes,8.0,12.0
901,opening_queue_boxes,6.0,12.0
902,opening_queue_boxes,4.0,8.0
903,opening_queue_boxes,4.0,8.0
904,opening_queue_boxes,12.0,16.0
905,opening_queue_boxes,8.0,12.0
906,opening_queue_boxes,8.0,12.0
907,opening_queue_boxes,4.0,8.0
908,opening_queue_boxes,4.0,8.0
909,opening_queue_boxes,4.0,8.0
910,opening_queue_boxes,10.0,16.0
911,opening_queue_boxes,8.0,12.0
912,opening_queue_boxes,8.0,12.0
913,opening_queue_boxes,6.0,12.0
914,opening_queue_boxes,4.0,8.0
915,opening_queue_boxes,4.0,8.0
916,opening_queue_boxes,12.0,16.0
917,opening_queue_boxes,8.0,12.0
918,opening_queue_boxes,8.0,12.0
919,opening_queue_boxes,4.0,8.0
920,opening_queue_boxes,4.0,8.0
921,opening_queue_boxes,4.0,8.0
922,opening_queue_boxes,10.0,16.0
923,opening_queue_boxes,8.0,12.0
924,opening_queue_boxes,8.0,12.0
925,opening_queue_boxes,6.0,12.0
926,opening_queue_boxes,4.0,8.0
927,opening_queue_boxes,4.0,8.0
928,opening_queue_boxes,12.0,16.0
929,opening_queue_boxes,8.0,12.0
930,opening_queue_boxes,8.0,12.0
931,opening_queue_boxes,4.0,8.0
932,opening_queue_boxes,4.0,8.0
933,opening_queue_boxes,4.0,8.0
934,opening_queue_boxes,10.0,16.0
935,opening_queue_boxes,8.0,12.0
936,opening_queue_boxes,8.0,12.0
937,opening_queue_boxes,6.0,12.0
938,opening_queue_boxes,4.0,8.0
939,opening_queue_boxes,4.0,8.0
940,opening_queue_boxes,12.0,16.0
941,opening_queue_boxes,8.0,12.0
942,opening_queue_boxes,8.0,12.0
943,opening_queue_boxes,4.0,8.0
944,opening_queue_boxes,4.0,8.0
945,opening_queue_boxes,4.0,8.0
946,opening_queue_boxes,10.0,16.0
947,opening_queue_boxes,8.0,12.0
948,opening_queue_boxes,8.0,12.0
949,opening_queue_boxes,6.0,12.0
950,opening_queue_boxes,4.0,8.0
951,opening_queue_boxes,4.0,8.0
952,opening_queue_boxes,12.0,16.0
953,opening_queue_boxes,8.0,12.0
954,opening_queue_boxes,8.0,12.0
955,opening_queue_boxes,4.0,8.0
956,opening_queue_boxes,4.0,8.0
957,opening_queue_boxes,4.0,8.0
958,opening_queue_boxes,10.0,16.0
959,opening_queue_boxes,8.0,12.0
960,opening_queue_boxes,8.0,12.0
961,opening_queue_boxes,6.0,12.0
962,opening_queue_boxes,4.0,8.0
963,opening_queue_boxes,4.0,8.0
964,opening_queue_boxes,12.0,16.0
965,opening_queue_boxes,8.0,12.0
966,opening_queue_boxes,8.0,12.0
967,opening_queue_boxes,4.0,8.0
968,opening_queue_boxes,4.0,8.0
969,opening_queue_boxes,4.0,8.0
970,opening_queue_boxes,10.0,16.0
971,opening_queue_boxes,8.0,12.0
972,opening_queue_boxes,8.0,12.0
973,opening_queue_boxes,6.0,12.0
974,opening_queue_boxes,4.0,8.0
975,opening_queue_boxes,4.0,8.0
976,opening_queue_boxes,12.0,16.0
977,opening_queue_boxes,8.0,12.0
978,opening_queue_boxes,8.0,12.0
979,opening_queue_boxes,4.0,8.0
980,opening_queue_boxes,4.0,8.0
981,opening_queue_boxes,4.0,8.0
982,opening_queue_boxes,10.0,16.0
983,opening_queue_boxes,8.0,12.0
984,opening_queue_boxes,8.0,12.0
985,opening_queue_boxes,6.0,12.0
986,opening_queue_boxes,4.0,8.0
987,opening_queue_boxes,4.0,8.0
988,opening_queue_boxes,12.0,16.0
989,opening_queue_boxes,8.0,12.0
990,opening_queue_boxes,8.0,12.0
991,opening_queue_boxes,4.0,8.0
992,opening_queue_boxes,4.0,8.0
993,opening_queue_boxes,4.0,8.0
994,opening_queue_boxes,10.0,16.0
995,opening_queue_boxes,8.0,12.0
996,opening_queue_boxes,8.0,12.0
997,opening_queue_boxes,6.0,12.0
998,opening_queue_boxes,4.0,8.0
999,opening_queue_boxes,4.0,8.0
1000,opening_queue_boxes,12.0,16.0
1001,opening_queue_boxes,8.0,12.0
1002,opening_queue_boxes,8.0,12.0
1003,opening_queue_boxes,4.0,8.0
1004,opening_queue_boxes,4.0,8.0
1005,opening_queue_boxes,4.0,8.0
1006,opening_queue_boxes,10.0,16.0
1007,opening_queue_boxes,8.0,12.0
1008,opening_queue_boxes,8.0,12.0
1009,opening_queue_boxes,6.0,12.0
1010,opening_queue_boxes,4.0,8.0
1011,opening_queue_boxes,4.0,8.0
1012,opening_queue_boxes,12.0,16.0
1013,opening_queue_boxes,8.0,12.0
1014,opening_queue_boxes,8.0,12.0
1015,opening_queue_boxes,4.0,8.0
1016,opening_queue_boxes,4.0,8.0
1017,opening_queue_boxes,4.0,8.0
1018,opening_queue_boxes,10.0,16.0
1019,opening_queue_boxes,8.0,12.0
1020,opening_queue_boxes,8.0,12.0
1021,opening_queue_boxes,6.0,12.0
1022,opening_queue_boxes,4.0,8.0
1023,opening_queue_boxes,4.0,8.0
1024,opening_queue_boxes,12.0,16.0
1025,opening_queue_boxes,8.0,12.0
1026,opening_queue_boxes,8.0,12.0
1027,opening_queue_boxes,4.0,8.0
1028,opening_queue_boxes,4.0,8.0
1029,opening_queue_boxes,4.0,8.0
1030,opening_queue_boxes,10.0,16.0
1031,opening_queue_boxes,8.0,12.0
1032,opening_queue_boxes,8.0,12.0
1033,opening_queue_boxes,6.0,12.0
1034,opening_queue_boxes,4.0,8.0
1035,opening_queue_boxes,4.0,8.0
1036,opening_queue_boxes,12.0,16.0
1037,opening_queue_boxes,8.0,12.0
1038,opening_queue_boxes,8.0,12.0
1039,opening_queue_boxes,4.0,8.0
1040,opening_queue_boxes,4.0,8.0
1041,opening_queue_boxes,4.0,8.0
1042,opening_queue_boxes,10.0,16.0
1043,opening_queue_boxes,8.0,12.0
1044,opening_queue_boxes,8.0,12.0
1045,opening_queue_boxes,6.0,12.0
1046,opening_queue_boxes,4.0,8.0
1047,opening_queue_boxes,4.0,8.0
1048,opening_queue_boxes,12.0,16.0
1049,opening_queue_boxes,8.0,12.0
1050,opening_queue_boxes,8.0,12.0
1051,opening_queue_boxes,4.0,8.0
1052,opening_queue_boxes,4.0,8.0
1053,opening_queue_boxes,4.0,8.0
1054,opening_queue_boxes,10.0,16.0
1055,opening_queue_boxes,8.0,12.0
1056,opening_queue_boxes,8.0,12.0
1057,opening_queue_boxes,6.0,12.0
1058,opening_queue_boxes,4.0,8.0
1059,opening_queue_boxes,4.0,8.0
1060,opening_queue_boxes,12.0,16.0
1061,opening_queue_boxes,8.0,12.0
1062,opening_queue_boxes,8.0,12.0
1063,opening_queue_boxes,4.0,8.0
1064,opening_queue_boxes,4.0,8.0
1065,opening_queue_boxes,4.0,8.0
1066,opening_queue_boxes,10.0,16.0
1067,opening_queue_boxes,8.0,12.0
1068,opening_queue_boxes,8.0,12.0
1069,opening_queue_boxes,6.0,12.0
1070,opening_queue_boxes,4.0,8.0
1071,opening_queue_boxes,4.0,8.0
1072,opening_queue_boxes,12.0,16.0
1073,opening_queue_boxes,8.0,12.0
1074,opening_queue_boxes,8.0,12.0
1075,opening_queue_boxes,4.0,8.0
1076,opening_queue_boxes,4.0,8.0
1077,opening_queue_boxes,4.0,8.0
1078,opening_queue_boxes,10.0,16.0
1079,opening_queue_boxes,8.0,12.0
1080,opening_queue_boxes,8.0,12.0
1081,opening_queue_boxes,6.0,12.0
1082,opening_queue_boxes,4.0,8.0
1083,opening_queue_boxes,4.0,8.0
1084,opening_queue_boxes,12.0,16.0
1085,opening_queue_boxes,8.0,12.0
1086,opening_queue_boxes,8.0,12.0
1087,opening_queue_boxes,4.0,8.0
1088,opening_queue_boxes,4.0,8.0
1089,opening_queue_boxes,4.0,8.0
1090,opening_queue_boxes,10.0,16.0
1091,opening_queue_boxes,8.0,12.0
1092,opening_queue_boxes,8.0,12.0
1093,opening_queue_boxes,6.0,12.0
1094,opening_queue_boxes,4.0,8.0
1095,opening_queue_boxes,4.0,8.0
1096,opening_queue_boxes,12.0,16.0
1097,opening_queue_boxes,8.0,12.0
1098,opening_queue_boxes,8.0,12.0
1099,opening_queue_boxes,4.0,8.0
1100,opening_queue_boxes,4.0,8.0
1101,opening_queue_boxes,4.0,8.0
1102,opening_queue_boxes,10.0,16.0
1103,opening_queue_boxes,8.0,12.0
1104,opening_queue_boxes,8.0,12.0
1105,opening_queue_boxes,6.0,12.0
1106,opening_queue_boxes,4.0,8.0
1107,opening_queue_boxes,4.0,8.0
1108,opening_queue_boxes,12.0,16.0
1109,opening_queue_boxes,8.0,12.0
1110,opening_queue_boxes,8.0,12.0
1111,opening_queue_boxes,4.0,8.0
1112,opening_queue_boxes,4.0,8.0
1113,opening_queue_boxes,4.0,8.0
1114,opening_queue_boxes,10.0,16.0
1115,opening_queue_boxes,8.0,12.0
1116,opening_queue_boxes,8.0,12.0
1117,opening_queue_boxes,6.0,12.0
1118,opening_queue_boxes,4.0,8.0
1119,opening_queue_boxes,4.0,8.0
1120,opening_queue_boxes,12.0,16.0
1121,opening_queue_boxes,8.0,12.0
1122,opening_queue_boxes,8.0,12.0
1123,opening_queue_boxes,4.0,8.0
1124,opening_queue_boxes,4.0,8.0
1125,opening_queue_boxes,4.0,8.0
1126,opening_queue_boxes,10.0,16.0
1127,opening_queue_boxes,8.0,12.0
1128,opening_queue_boxes,8.0,12.0
1129,opening_queue_boxes,6.0,12.0
1130,opening_queue_boxes,4.0,8.0
1131,opening_queue_boxes,4.0,8.0
1132,opening_queue_boxes,12.0,16.0
1133,opening_queue_boxes,8.0,12.0
1134,opening_queue_boxes,8.0,12.0
1135,opening_queue_boxes,4.0,8.0
1136,opening_queue_boxes,4.0,8.0
1137,opening_queue_boxes,4.0,8.0
1138,opening_queue_boxes,10.0,16.0
1139,opening_queue_boxes,8.0,12.0
1140,opening_queue_boxes,8.0,12.0
1141,opening_queue_boxes,6.0,12.0
1142,opening_queue_boxes,4.0,8.0
1143,opening_queue_boxes,4.0,8.0
1144,opening_queue_boxes,12.0,16.0
1145,opening_queue_boxes,8.0,12.0
1146,opening_queue_boxes,8.0,12.0
1147,opening_queue_boxes,4.0,8.0
1148,opening_queue_boxes,4.0,8.0
1149,opening_queue_boxes,4.0,8.0
1150,opening_queue_boxes,10.0,16.0
1151,opening_queue_boxes,8.0,12.0
1152,opening_queue_boxes,8.0,12.0
1153,opening_queue_boxes,6.0,12.0
1154,opening_queue_boxes,4.0,8.0
1155,opening_queue_boxes,4.0,8.0
1156,opening_queue_boxes,12.0,16.0
1157,opening_queue_boxes,8.0,12.0
1158,opening_queue_boxes,8.0,12.0
1159,opening_queue_boxes,4.0,8.0
1160,opening_queue_boxes,4.0,8.0
1161,opening_queue_boxes,4.0,8.0
1162,opening_queue_boxes,10.0,16.0
1163,opening_queue_boxes,8.0,12.0
1164,opening_queue_boxes,8.0,12.0
1165,opening_queue_boxes,6.0,12.0
1166,opening_queue_boxes,4.0,8.0
1167,opening_queue_boxes,4.0,8.0
1168,opening_queue_boxes,12.0,16.0
1169,opening_queue_boxes,8.0,12.0
1170,opening_queue_boxes,8.0,12.0
1171,opening_queue_boxes,4.0,8.0
1172,opening_queue_boxes,4.0,8.0
1173,opening_queue_boxes,4.0,8.0
1174,opening_queue_boxes,10.0,16.0
1175,opening_queue_boxes,8.0,12.0
1176,opening_queue_boxes,8.0,12.0
1177,opening_queue_boxes,6.0,12.0
1178,opening_queue_boxes,4.0,8.0
1179,opening_queue_boxes,12.0,16.0
1180,opening_queue_boxes,8.0,12.0
1181,opening_queue_boxes,8.0,12.0
1182,opening_queue_boxes,8.0,12.0
1183,opening_queue_boxes,4.0,8.0
1184,opening_queue_boxes,4.0,8.0
1185,opening_queue_boxes,4.0,8.0
1186,opening_queue_boxes,10.0,16.0
1187,opening_queue_boxes,8.0,12.0
1188,opening_queue_boxes,8.0,12.0
1189,opening_queue_boxes,6.0,12.0
1190,opening_queue_boxes,4.0,8.0
1191,opening_queue_boxes,12.0,16.0
1192,opening_queue_boxes,8.0,12.0
1193,opening_queue_boxes,8.0,12.0
1194,opening_queue_boxes,8.0,12.0
1195,opening_queue_boxes,4.0,8.0
1196,opening_queue_boxes,4.0,8.0
1197,opening_queue_boxes,4.0,8.0
1198,opening_queue_boxes,10.0,16.0
1199,opening_queue_boxes,8.0,12.0
1200,opening_queue_boxes,8.0,12.0
1201,opening_queue_boxes,6.0,12.0
1202,opening_queue_boxes,4.0,8.0
1203,opening_queue_boxes,12.0,16.0
1204,opening_queue_boxes,8.0,12.0
1205,opening_queue_boxes,8.0,12.0
1206,opening_queue_boxes,8.0,12.0
1207,opening_queue_boxes,4.0,8.0
1208,opening_queue_boxes,4.0,8.0
1209,opening_queue_boxes,4.0,8.0
1210,opening_queue_boxes,10.0,16.0
1211,opening_queue_boxes,8.0,12.0
1212,opening_queue_boxes,8.0,12.0
1213,opening_queue_boxes,6.0,12.0
1214,opening_queue_boxes,4.0,8.0
1215,opening_queue_boxes,12.0,16.0
1216,opening_queue_boxes,8.0,12.0
1217,opening_queue_boxes,8.0,12.0
1218,opening_queue_boxes,8.0,12.0
1219,opening_queue_boxes,4.0,8.0
1220,opening_queue_boxes,4.0,8.0
1221,opening_queue_boxes,4.0,8.0
1222,opening_queue_boxes,10.0,16.0
1223,opening_queue_boxes,8.0,12.0
1224,opening_queue_boxes,8.0,12.0
1225,opening_queue_boxes,6.0,12.0
1226,opening_queue_boxes,4.0,8.0
1227,opening_queue_boxes,12.0,16.0
1228,opening_queue_boxes,8.0,12.0
1229,opening_queue_boxes,8.0,12.0
1230,opening_queue_boxes,8.0,12.0
1231,opening_queue_boxes,4.0,8.0
1232,opening_queue_boxes,4.0,8.0
1233,opening_queue_boxes,4.0,8.0
1234,opening_queue_boxes,10.0,16.0
1235,opening_queue_boxes,8.0,12.0
1236,opening_queue_boxes,8.0,12.0
1237,opening_queue_boxes,6.0,12.0
1238,opening_queue_boxes,4.0,8.0
1239,opening_queue_boxes,12.0,16.0
1240,opening_queue_boxes,8.0,12.0
1241,opening_queue_boxes,8.0,12.0
1242,opening_queue_boxes,8.0,12.0
1243,opening_queue_boxes,4.0,8.0
1244,opening_queue_boxes,4.0,8.0
1245,opening_queue_boxes,4.0,8.0
1246,opening_queue_boxes,10.0,16.0
1247,opening_queue_boxes,8.0,12.0
1248,opening_queue_boxes,8.0,12.0
1249,opening_queue_boxes,6.0,12.0
1250,opening_queue_boxes,4.0,8.0
1251,opening_queue_boxes,12.0,16.0
1252,opening_queue_boxes,8.0,12.0
1253,opening_queue_boxes,8.0,12.0
1254,opening_queue_boxes,8.0,12.0
1255,opening_queue_boxes,4.0,8.0
1256,opening_queue_boxes,4.0,8.0
1257,opening_queue_boxes,4.0,8.0
1258,opening_queue_boxes,10.0,16.0
1259,opening_queue_boxes,8.0,12.0
1260,opening_queue_boxes,8.0,12.0
1261,opening_queue_boxes,6.0,12.0
1262,opening_queue_boxes,4.0,8.0
1263,opening_queue_boxes,12.0,16.0
1264,opening_queue_boxes,8.0,12.0
1265,opening_queue_boxes,8.0,12.0
1266,opening_queue_boxes,8.0,12.0
1267,opening_queue_boxes,4.0,8.0
1268,opening_queue_boxes,4.0,8.0
1269,opening_queue_boxes,4.0,8.0
1270,opening_queue_boxes,10.0,16.0
1271,opening_queue_boxes,8.0,12.0
1272,opening_queue_boxes,8.0,12.0
1273,opening_queue_boxes,6.0,12.0
1274,opening_queue_boxes,4.0,8.0
1275,opening_queue_boxes,12.0,16.0
1276,opening_queue_boxes,8.0,12.0
1277,opening_queue_boxes,8.0,12.0
1278,opening_queue_boxes,8.0,12.0
1279,opening_queue_boxes,4.0,8.0
1280,opening_queue_boxes,4.0,8.0
1281,opening_queue_boxes,4.0,8.0
1282,opening_queue_boxes,10.0,16.0
1283,opening_queue_boxes,8.0,12.0
1284,opening_queue_boxes,8.0,12.0
1285,opening_queue_boxes,6.0,12.0
1286,opening_queue_boxes,4.0,8.0
1287,opening_queue_boxes,12.0,16.0
1288,opening_queue_boxes,8.0,12.0
1289,opening_queue_boxes,8.0,12.0
1290,opening_queue_boxes,8.0,12.0
1291,opening_queue_boxes,4.0,8.0
1292,opening_queue_boxes,4.0,8.0
1293,opening_queue_boxes,4.0,8.0
1294,opening_queue_boxes,10.0,16.0
1295,opening_queue_boxes,8.0,12.0
1296,opening_queue_boxes,8.0,12.0
1297,opening_queue_boxes,6.0,12.0
1298,opening_queue_boxes,4.0,8.0
1299,opening_queue_boxes,12.0,16.0
1300,opening_queue_boxes,8.0,12.0
1301,opening_queue_boxes,8.0,12.0
1302,opening_queue_boxes,8.0,12.0
1303,opening_queue_boxes,4.0,8.0
1304,opening_queue_boxes,4.0,8.0
1305,opening_queue_boxes,4.0,8.0
1306,opening_queue_boxes,10.0,16.0
1307,opening_queue_boxes,8.0,12.0
1308,opening_queue_boxes,8.0,12.0
1309,opening_queue_boxes,6.0,12.0
1310,opening_queue_boxes,4.0,8.0
1311,opening_queue_boxes,12.0,16.0
1312,opening_queue_boxes,8.0,12.0
1313,opening_queue_boxes,8.0,12.0
1314,opening_queue_boxes,8.0,12.0
1315,opening_queue_boxes,4.0,8.0
1316,opening_queue_boxes,4.0,8.0
1317,opening_queue_boxes,4.0,8.0
1318,opening_queue_boxes,10.0,16.0
1319,opening_queue_boxes,8.0,12.0
1320,opening_queue_boxes,8.0,12.0
1321,opening_queue_boxes,6.0,12.0
1322,opening_queue_boxes,4.0,8.0
1323,opening_queue_boxes,12.0,16.0
1324,opening_queue_boxes,8.0,12.0
1325,opening_queue_boxes,8.0,12.0
1326,opening_queue_boxes,8.0,12.0
1327,opening_queue_boxes,4.0,8.0
1328,opening_queue_boxes,4.0,8.0
1329,opening_queue_boxes,4.0,8.0
1330,opening_queue_boxes,10.0,16.0
1331,opening_queue_boxes,8.0,12.0
1332,opening_queue_boxes,8.0,12.0
1333,opening_queue_boxes,6.0,12.0
1334,opening_queue_boxes,4.0,8.0
1335,opening_queue_boxes,12.0,16.0
1336,opening_queue_boxes,8.0,12.0
1337,opening_queue_boxes,8.0,12.0
1338,opening_queue_boxes,8.0,12.0
1339,opening_queue_boxes,4.0,8.0
1340,opening_queue_boxes,4.0,8.0
1341,opening_queue_boxes,4.0,8.0
1342,opening_queue_boxes,10.0,16.0
1343,opening_queue_boxes,8.0,12.0
1344,opening_queue_boxes,8.0,12.0
1345,opening_queue_boxes,6.0,12.0
1346,opening_queue_boxes,4.0,8.0
1347,opening_queue_boxes,12.0,16.0
1348,opening_queue_boxes,8.0,12.0
1349,opening_queue_boxes,8.0,12.0
1350,opening_queue_boxes,8.0,12.0
1351,opening_queue_boxes,4.0,8.0
1352,opening_queue_boxes,4.0,8.0
1353,opening_queue_boxes,4.0,8.0
1354,opening_queue_boxes,10.0,16.0
1355,opening_queue_boxes,8.0,12.0
1356,opening_queue_boxes,8.0,12.0
1357,opening_queue_boxes,6.0,12.0
1358,opening_queue_boxes,4.0,8.0
1359,opening_queue_boxes,12.0,16.0
1360,opening_queue_boxes,8.0,12.0
1361,opening_queue_boxes,8.0,12.0
1362,opening_queue_boxes,8.0,12.0
1363,opening_queue_boxes,4.0,8.0
1364,opening_queue_boxes,4.0,8.0
1365,opening_queue_boxes,4.0,8.0
1366,opening_queue_boxes,10.0,16.0
1367,opening_queue_boxes,8.0,12.0
1368,opening_queue_boxes,8.0,12.0
1369,opening_queue_boxes,6.0,12.0
1370,opening_queue_boxes,4.0,8.0
1371,opening_queue_boxes,12.0,16.0
1372,opening_queue_boxes,8.0,12.0
1373,opening_queue_boxes,8.0,12.0
1374,opening_queue_boxes,8.0,12.0
1375,opening_queue_boxes,4.0,8.0
1376,opening_queue_boxes,4.0,8.0
1377,opening_queue_boxes,4.0,8.0
1378,opening_queue_boxes,10.0,16.0
1379,opening_queue_boxes,8.0,12.0
1380,opening_queue_boxes,8.0,12.0
1381,opening_queue_boxes,6.0,12.0
1382,opening_queue_boxes,4.0,8.0
1383,opening_queue_boxes,12.0,16.0
1384,opening_queue_boxes,8.0,12.0
1385,opening_queue_boxes,8.0,12.0
1386,opening_queue_boxes,8.0,12.0
1387,opening_queue_boxes,4.0,8.0
1388,opening_queue_boxes,4.0,8.0
1389,opening_queue_boxes,4.0,8.0
1390,opening_queue_boxes,10.0,16.0
1391,opening_queue_boxes,8.0,12.0
1392,opening_queue_boxes,8.0,12.0
1393,opening_queue_boxes,6.0,12.0
1394,opening_queue_boxes,4.0,8.0
1395,opening_queue_boxes,12.0,16.0
1396,opening_queue_boxes,8.0,12.0
1397,opening_queue_boxes,8.0,12.0
1398,opening_queue_boxes,8.0,12.0
1399,opening_queue_boxes,4.0,8.0
1400,opening_queue_boxes,4.0,8.0
1401,opening_queue_boxes,4.0,8.0
1402,opening_queue_boxes,10.0,16.0
1403,opening_queue_boxes,8.0,12.0
1404,opening_queue_boxes,8.0,12.0
1405,opening_queue_boxes,6.0,12.0
1406,opening_queue_boxes,4.0,8.0
1407,opening_queue_boxes,12.0,16.0
1408,opening_queue_boxes,8.0,12.0
1409,opening_queue_boxes,8.0,12.0
1410,opening_queue_boxes,8.0,12.0
1411,opening_queue_boxes,4.0,8.0
1412,opening_queue_boxes,4.0,8.0
1413,opening_queue_boxes,4.0,8.0
1414,opening_queue_boxes,10.0,16.0
1415,opening_queue_boxes,8.0,12.0
1416,opening_queue_boxes,8.0,12.0
1417,opening_queue_boxes,6.0,12.0
1418,opening_queue_boxes,4.0,8.0
1419,opening_queue_boxes,12.0,16.0
1420,opening_queue_boxes,8.0,12.0
1421,opening_queue_boxes,8.0,12.0
1422,opening_queue_boxes,8.0,12.0
1423,opening_queue_boxes,4.0,8.0
1424,opening_queue_boxes,4.0,8.0
1425,opening_queue_boxes,4.0,8.0
1426,opening_queue_boxes,10.0,16.0
1427,opening_queue_boxes,8.0,12.0
1428,opening_queue_boxes,8.0,12.0
1429,opening_queue_boxes,6.0,12.0
1430,opening_queue_boxes,4.0,8.0
1431,opening_queue_boxes,12.0,16.0
1432,opening_queue_boxes,8.0,12.0
1433,opening_queue_boxes,8.0,12.0
1434,opening_queue_boxes,8.0,12.0
1435,opening_queue_boxes,4.0,8.0
1436,opening_queue_boxes,4.0,8.0
1437,opening_queue_boxes,4.0,8.0
1438,opening_queue_boxes,10.0,16.0
1439,opening_queue_boxes,8.0,12.0
0,pallets_awaiting_gates,0.0,0.0
1,pallets_awaiting_gates,0.0,0.0
2,pallets_awaiting_gates,0.0,0.0
3,pallets_awaiting_gates,0.0,0.0
4,pallets_awaiting_gates,0.0,0.0
5,pallets_awaiting_gates,0.0,0.0
6,pallets_awaiting_gates,0.0,0.0
7,pallets_awaiting_gates,0.0,0.0
8,pallets_awaiting_gates,0.0,0.0
9,pallets_awaiting_gates,0.0,0.0
10,pallets_awaiting_gates,0.0,0.0
11,pallets_awaiting_gates,0.0,0.0
12,pallets_awaiting_gates,0.0,0.0
13,pallets_awaiting_gates,0.0,0.0
14,pallets_awaiting_gates,0.0,0.0
15,pallets_awaiting_gates,0.0,0.0
16,pallets_awaiting_gates,0.0,0.0
17,pallets_awaiting_gates,0.0,0.0
18,pallets_awaiting_gates,0.0,0.0
19,pallets_awaiting_gates,0.0,0.0
20,pallets_awaiting_gates,0.0,0.0
21,pallets_awaiting_gates,0.0,0.0
22,pallets_awaiting_gates,0.0,0.0
23,pallets_awaiting_gates,0.0,0.0
24,pallets_awaiting_gates,0.0,0.0
25,pallets_awaiting_gates,0.0,0.0
26,pallets_awaiting_gates,0.0,0.0
27,pallets_awaiting_gates,0.0,0.0
28,pallets_awaiting_gates,0.0,0.0
29,pallets_awaiting_gates,0.0,0.0
30,pallets_awaiting_gates,0.0,0.0
31,pallets_awaiting_gates,0.0,0.0
32,pallets_awaiting_gates,0.0,0.0
33,pallets_awaiting_gates,0.0,0.0
34,pallets_awaiting_gates,0.0,0.0
35,pallets_awaiting_gates,0.0,0.0
36,pallets_awaiting_gates,0.0,0.0
37,pallets_awaiting_gates,0.0,0.0
38,pallets_awaiting_gates,0.0,0.0
39,pallets_awaiting_gates,0.0,0.0
40,pallets_awaiting_gates,0.0,0.0
41,pallets_awaiting_gates,0.0,0.0
42,pallets_awaiting_gates,0.0,0.0
43,pallets_awaiting_gates,0.0,0.0
44,pallets_awaiting_gates,0.0,0.0
45,pallets_awaiting_gates,0.0,0.0
46,pallets_awaiting_gates,0.0,0.0
47,pallets_awaiting_gates,0.0,0.0
48,pallets_awaiting_gates,0.0,0.0
49,pallets_awaiting_gates,0.0,0.0
50,pallets_awaiting_gates,0.0,0.0
51,pallets_awaiting_gates,0.0,0.0
52,pallets_awaiting_gates,0.0,0.0
53,pallets_awaiting_gates,0.0,0.0
54,pallets_awaiting_gates,0.0,0.0
55,pallets_awaiting_gates,0.5,1.0
56,pallets_awaiting_gates,0.0,0.0
57,pallets_awaiting_gates,0.0,0.0
58,pallets_awaiting_gates,0.0,0.0
59,pallets_awaiting_gates,0.0,0.0
60,pallets_awaiting_gates,0.0,0.0
61,pallets_awaiting_gates,0.0,0.0
62,pallets_awaiting_gates,0.0,0.0
63,pallets_awaiting_gates,0.0,0.0
64,pallets_awaiting_gates,0.0,0.0
65,pallets_awaiting_gates,0.0,0.0
66,pallets_awaiting_gates,0.0,0.0
67,pallets_awaiting_gates,0.0,0.0
68,pallets_awaiting_gates,0.0,0.0
69,pallets_awaiting_gates,0.0,0.0
70,pallets_awaiting_gates,0.0,0.0
71,pallets_awaiting_gates,0.0,0.0
72,pallets_awaiting_gates,0.0,0.0
73,pallets_awaiting_gates,0.0,0.0
74,pallets_awaiting_gates,0.0,0.0
75,pallets_awaiting_gates,0.0,0.0
76,pallets_awaiting_gates,0.0,0.0
77,pallets_awaiting_gates,0.0,0.0
78,pallets_awaiting_gates,0.0,0.0
79,pallets_awaiting_gates,0.0,0.0
80,pallets_awaiting_gates,0.0,0.0
81,pallets_awaiting_gates,0.0,0.0
82,pallets_awaiting_gates,0.0,0.0
83,pallets_awaiting_gates,0.0,0.0
84,pallets_awaiting_gates,0.0,0.0
85,pallets_awaiting_gates,0.0,0.0
86,pallets_awaiting_gates,0.0,0.0
87,pallets_awaiting_gates,0.0,0.0
88,pallets_awaiting_gates,0.0,0.0
89,pallets_awaiting_gates,0.0,0.0
90,pallets_awaiting_gates,0.0,0.0
91,pallets_awaiting_gates,0.0,0.0
92,pallets_awaiting_gates,0.0,0.0
93,pallets_awaiting_gates,0.0,0.0
94,pallets_awaiting_gates,0.0,0.0
95,pallets_awaiting_gates,0.0,0.0
96,pallets_awaiting_gates,0.0,0.0
97,pallets_awaiting_gates,0.0,0.0
98,pallets_awaiting_gates,0.0,0.0
99,pallets_awaiting_gates,0.0,0.0
100,pallets_awaiting_gates,0.5,1.0
101,pallets_awaiting_gates,0.0,0.0
102,pallets_awaiting_gates,0.0,0.0
103,pallets_awaiting_gates,0.0,0.0
104,pallets_awaiting_gates,0.0,0.0
105,pallets_awaiting_gates,0.0,0.0
106,pallets_awaiting_gates,0.0,0.0
107,pallets_awaiting_gates,0.0,0.0
108,pallets_awaiting_gates,0.0,0.0
109,pallets_awaiting_gates,0.0,0.0
110,pallets_awaiting_gates,0.0,0.0
111,pallets_awaiting_gates,0.0,0.0
112,pallets_awaiting_gates,0.0,0.0
113,pallets_awaiting_gates,0.0,0.0
114,pallets_awaiting_gates,0.0,0.0
115,pallets_awaiting_gates,0.0,0.0
116,pallets_awaiting_gates,0.0,0.0
117,pallets_awaiting_gates,0.0,0.0
118,pallets_awaiting_gates,0.0,0.0
119,pallets_awaiting_gates,0.0,0.0
120,pallets_awaiting_gates,0.0,0.0
121,pallets_awaiting_gates,0.0,0.0
122,pallets_awaiting_gates,0.0,0.0
123,pallets_awaiting_gates,0.0,0.0
124,pallets_awaiting_gates,0.0,0.0
125,pallets_awaiting_gates,0.0,0.0
126,pallets_awaiting_gates,0.0,0.0
127,pallets_awaiting_gates,0.0,0.0
128,pallets_awaiting_gates,0.0,0.0
129,pallets_awaiting_gates,0.0,0.0
130,pallets_awaiting_gates,0.0,0.0
131,pallets_awaiting_gates,0.0,0.0
132,pallets_awaiting_gates,0.0,0.0
133,pallets_awaiting_gates,0.0,0.0
134,pallets_awaiting_gates,0.0,0.0
135,pallets_awaiting_gates,0.0,0.0
136,pallets_awaiting_gates,0.0,0.0
137,pallets_awaiting_gates,0.0,0.0
138,pallets_awaiting_gates,0.0,0.0
139,pallets_awaiting_gates,0.0,0.0
140,pallets_awaiting_gates,0.0,0.0
141,pallets_awaiting_gates,0.0,0.0
142,pallets_awaiting_gates,0.0,0.0
143,pallets_awaiting_gates,2.5,3.0
144,pallets_awaiting_gates,6.0,7.0
145,pallets_awaiting_gates,9.0,10.0
146,pallets_awaiting_gates,12.0,13.0
147,pallets_awaiting_gates,15.0,16.0
148,pallets_awaiting_gates,18.5,19.0
149,pallets_awaiting_gates,21.0,22.0
150,pallets_awaiting_gates,24.5,25.0
151,pallets_awaiting_gates,27.5,28.0
152,pallets_awaiting_gates,30.5,31.0
153,pallets_awaiting_gates,33.5,34.0
154,pallets_awaiting_gates,36.5,37.0
155,pallets_awaiting_gates,39.5,40.0
156,pallets_awaiting_gates,42.0,43.0
157,pallets_awaiting_gates,45.0,46.0
158,pallets_awaiting_gates,48.0,49.0
159,pallets_awaiting_gates,50.0,51.0
160,pallets_awaiting_gates,53.0,54.0
161,pallets_awaiting_gates,55.5,56.0
162,pallets_awaiting_gates,59.0,60.0
163,pallets_awaiting_gates,62.0,63.0
164,pallets_awaiting_gates,65.0,66.0
165,pallets_awaiting_gates,68.0,69.0
166,pallets_awaiting_gates,70.5,71.0
167,pallets_awaiting_gates,74.0,75.0
168,pallets_awaiting_gates,76.5,77.0
169,pallets_awaiting_gates,79.0,80.0
170,pallets_awaiting_gates,81.5,82.0
171,pallets_awaiting_gates,85.0,86.0
172,pallets_awaiting_gates,87.5,88.0
173,pallets_awaiting_gates,91.0,92.0
174,pallets_awaiting_gates,94.0,95.0
175,pallets_awaiting_gates,96.5,97.0
176,pallets_awaiting_gates,99.5,100.0
177,pallets_awaiting_gates,102.5,103.0
178,pallets_awaiting_gates,106.0,107.0
179,pallets_awaiting_gates,109.0,110.0
180,pallets_awaiting_gates,111.5,112.0
181,pallets_awaiting_gates,114.0,115.0
182,pallets_awaiting_gates,116.5,117.0
183,pallets_awaiting_gates,120.0,121.0
184,pallets_awaiting_gates,123.5,124.0
185,pallets_awaiting_gates,126.5,127.0
186,pallets_awaiting_gates,129.0,130.0
187,pallets_awaiting_gates,132.0,133.0
188,pallets_awaiting_gates,135.5,136.0
189,pallets_awaiting_gates,138.0,139.0
190,pallets_awaiting_gates,141.0,142.0
191,pallets_awaiting_gates,144.5,145.0
192,pallets_awaiting_gates,147.5,148.0
193,pallets_awaiting_gates,149.5,150.0
194,pallets_awaiting_gates,152.5,153.0
195,pallets_awaiting_gates,156.5,157.0
196,pallets_awaiting_gates,159.5,160.0
197,pallets_awaiting_gates,162.5,163.0
198,pallets_awaiting_gates,165.5,166.0
199,pallets_awaiting_gates,168.0,169.0
200,pallets_awaiting_gates,171.0,172.0
201,pallets_awaiting_gates,174.0,175.0
202,pallets_awaiting_gates,177.5,178.0
203,pallets_awaiting_gates,180.5,181.0
204,pallets_awaiting_gates,183.0,184.0
205,pallets_awaiting_gates,186.0,187.0
206,pallets_awaiting_gates,189.0,190.0
207,pallets_awaiting_gates,192.0,193.0
208,pallets_awaiting_gates,195.0,196.0
209,pallets_awaiting_gates,197.5,198.0
210,pallets_awaiting_gates,201.0,202.0
211,pallets_awaiting_gates,203.5,204.0
212,pallets_awaiting_gates,206.0,207.0
213,pallets_awaiting_gates,209.5,210.0
214,pallets_awaiting_gates,212.5,213.0
215,pallets_awaiting_gates,215.5,216.0
216,pallets_awaiting_gates,217.5,218.0
217,pallets_awaiting_gates,220.0,221.0
218,pallets_awaiting_gates,223.0,224.0
219,pallets_awaiting_gates,227.0,228.0
220,pallets_awaiting_gates,229.5,230.0
221,pallets_awaiting_gates,232.5,233.0
222,pallets_awaiting_gates,234.5,235.0
223,pallets_awaiting_gates,238.0,239.0
224,pallets_awaiting_gates,240.0,241.0
225,pallets_awaiting_gates,244.0,245.0
226,pallets_awaiting_gates,246.5,247.0
227,pallets_awaiting_gates,249.5,250.0
228,pallets_awaiting_gates,252.5,253.0
229,pallets_awaiting_gates,256.0,257.0
230,pallets_awaiting_gates,259.0,260.0
231,pallets_awaiting_gates,262.0,263.0
232,pallets_awaiting_gates,264.5,265.0
233,pallets_awaiting_gates,267.5,268.0
234,pallets_awaiting_gates,271.0,272.0
235,pallets_awaiting_gates,274.0,275.0
236,pallets_awaiting_gates,276.5,277.0
237,pallets_awaiting_gates,280.0,281.0
238,pallets_awaiting_gates,282.5,283.0
239,pallets_awaiting_gates,285.5,286.0
240,pallets_awaiting_gates,288.5,289.0
241,pallets_awaiting_gates,292.0,293.0
242,pallets_awaiting_gates,295.0,296.0
243,pallets_awaiting_gates,298.0,299.0
244,pallets_awaiting_gates,300.5,301.0
245,pallets_awaiting_gates,303.0,304.0
246,pallets_awaiting_gates,307.0,308.0
247,pallets_awaiting_gates,310.0,311.0
248,pallets_awaiting_gates,313.0,314.0
249,pallets_awaiting_gates,315.5,316.0
250,pallets_awaiting_gates,318.5,319.0
251,pallets_awaiting_gates,321.5,322.0
252,pallets_awaiting_gates,324.0,325.0
253,pallets_awaiting_gates,326.5,327.0
254,pallets_awaiting_gates,322.0,329.0
255,pallets_awaiting_gates,301.0,316.0
256,pallets_awaiting_gates,247.5,255.0
257,pallets_awaiting_gates,202.5,210.0
258,pallets_awaiting_gates,157.0,164.0
259,pallets_awaiting_gates,112.0,119.0
260,pallets_awaiting_gates,59.0,74.0
261,pallets_awaiting_gates,14.5,29.0
262,pallets_awaiting_gates,0.0,0.0
263,pallets_awaiting_gates,0.0,0.0
264,pallets_awaiting_gates,0.0,0.0
265,pallets_awaiting_gates,0.0,0.0
266,pallets_awaiting_gates,0.0,0.0
267,pallets_awaiting_gates,0.0,0.0
268,pallets_awaiting_gates,0.0,0.0
269,pallets_awaiting_gates,0.0,0.0
270,pallets_awaiting_gates,0.0,0.0
271,pallets_awaiting_gates,0.0,0.0
272,pallets_awaiting_gates,0.0,0.0
273,pallets_awaiting_gates,1.5,2.0
274,pallets_awaiting_gates,4.5,5.0
275,pallets_awaiting_gates,7.0,8.0
276,pallets_awaiting_gates,10.0,11.0
277,pallets_awaiting_gates,13.0,14.0
278,pallets_awaiting_gates,16.0,17.0
279,pallets_awaiting_gates,20.0,21.0
280,pallets_awaiting_gates,22.5,23.0
281,pallets_awaiting_gates,25.5,26.0
282,pallets_awaiting_gates,27.5,28.0
283,pallets_awaiting_gates,30.5,31.0
284,pallets_awaiting_gates,34.0,35.0
285,pallets_awaiting_gates,37.0,38.0
286,pallets_awaiting_gates,39.5,40.0
287,pallets_awaiting_gates,42.5,43.0
288,pallets_awaiting_gates,45.0,46.0
289,pallets_awaiting_gates,48.0,49.0
290,pallets_awaiting_gates,52.0,53.0
291,pallets_awaiting_gates,55.0,56.0
292,pallets_awaiting_gates,58.0,59.0
293,pallets_awaiting_gates,61.5,62.0
294,pallets_awaiting_gates,64.0,65.0
295,pallets_awaiting_gates,67.0,68.0
296,pallets_awaiting_gates,69.5,70.0
297,pallets_awaiting_gates,72.0,73.0
298,pallets_awaiting_gates,75.0,76.0
299,pallets_awaiting_gates,78.5,79.0
300,pallets_awaiting_gates,81.5,82.0
301,pallets_awaiting_gates,84.5,85.0
302,pallets_awaiting_gates,87.0,88.0
303,pallets_awaiting_gates,89.5,90.0
304,pallets_awaiting_gates,92.0,93.0
305,pallets_awaiting_gates,95.5,96.0
306,pallets_awaiting_gates,99.0,100.0
307,pallets_awaiting_gates,101.5,102.0
308,pallets_awaiting_gates,104.5,105.0
309,pallets_awaiting_gates,107.5,108.0
310,pallets_awaiting_gates,110.5,111.0
311,pallets_awaiting_gates,113.5,114.0
312,pallets_awaiting_gates,117.0,118.0
313,pallets_awaiting_gates,119.5,120.0
314,pallets_awaiting_gates,122.0,123.0
315,pallets_awaiting_gates,124.5,125.0
316,pallets_awaiting_gates,128.0,129.0
317,pallets_awaiting_gates,131.0,132.0
318,pallets_awaiting_gates,134.0,135.0
319,pallets_awaiting_gates,137.0,138.0
320,pallets_awaiting_gates,140.0,141.0
321,pallets_awaiting_gates,142.5,143.0
322,pallets_awaiting_gates,145.5,146.0
323,pallets_awaiting_gates,148.0,148.0
324,pallets_awaiting_gates,151.0,152.0
325,pallets_awaiting_gates,154.0,155.0
326,pallets_awaiting_gates,157.5,158.0
327,pallets_awaiting_gates,160.5,161.0
328,pallets_awaiting_gates,163.5,164.0
329,pallets_awaiting_gates,165.5,166.0
330,pallets_awaiting_gates,168.0,169.0
331,pallets_awaiting_gates,172.0,173.0
332,pallets_awaiting_gates,175.0,176.0
333,pallets_awaiting_gates,178.0,179.0
334,pallets_awaiting_gates,181.5,182.0
335,pallets_awaiting_gates,184.5,185.0
336,pallets_awaiting_gates,186.5,187.0
337,pallets_awaiting_gates,189.5,190.0
338,pallets_awaiting_gates,192.0,193.0
339,pallets_awaiting_gates,196.0,197.0
340,pallets_awaiting_gates,199.0,200.0
341,pallets_awaiting_gates,202.0,203.0
342,pallets_awaiting_gates,205.0,206.0
343,pallets_awaiting_gates,208.5,209.0
344,pallets_awaiting_gates,211.5,212.0
345,pallets_awaiting_gates,214.0,215.0
346,pallets_awaiting_gates,217.5,218.0
347,pallets_awaiting_gates,220.0,221.0
348,pallets_awaiting_gates,222.5,223.0
349,pallets_awaiting_gates,225.5,226.0
350,pallets_awaiting_gates,228.5,229.0
351,pallets_awaiting_gates,231.5,232.0
352,pallets_awaiting_gates,234.5,235.0
353,pallets_awaiting_gates,237.5,238.0
354,pallets_awaiting_gates,240.5,241.0
355,pallets_awaiting_gates,243.0,244.0
356,pallets_awaiting_gates,245.5,246.0
357,pallets_awaiting_gates,249.0,250.0
358,pallets_awaiting_gates,252.0,253.0
359,pallets_awaiting_gates,255.0,256.0
360,pallets_awaiting_gates,258.0,259.0
361,pallets_awaiting_gates,261.5,262.0
362,pallets_awaiting_gates,263.5,264.0
363,pallets_awaiting_gates,266.5,267.0
364,pallets_awaiting_gates,269.0,270.0
365,pallets_awaiting_gates,272.0,273.0
366,pallets_awaiting_gates,275.0,276.0
367,pallets_awaiting_gates,278.5,279.0
368,pallets_awaiting_gates,281.5,282.0
369,pallets_awaiting_gates,283.5,284.0
370,pallets_awaiting_gates,286.0,287.0
371,pallets_awaiting_gates,290.0,291.0
372,pallets_awaiting_gates,293.0,294.0
373,pallets_awaiting_gates,296.0,297.0
374,pallets_awaiting_gates,290.5,298.0
375,pallets_awaiting_gates,269.5,285.0
376,pallets_awaiting_gates,216.0,223.0
377,pallets_awaiting_gates,171.5,179.0
378,pallets_awaiting_gates,126.5,134.0
379,pallets_awaiting_gates,81.5,89.0
380,pallets_awaiting_gates,28.5,44.0
381,pallets_awaiting_gates,0.0,0.0
382,pallets_awaiting_gates,0.0,0.0
383,pallets_awaiting_gates,0.0,0.0
384,pallets_awaiting_gates,0.0,0.0
385,pallets_awaiting_gates,0.0,0.0
386,pallets_awaiting_gates,0.0,0.0
387,pallets_awaiting_gates,0.0,0.0
388,pallets_awaiting_gates,0.0,0.0
389,pallets_awaiting_gates,0.0,0.0
390,pallets_awaiting_gates,0.0,0.0
391,pallets_awaiting_gates,0.0,0.0
392,pallets_awaiting_gates,0.0,0.0
393,pallets_awaiting_gates,0.0,0.0
394,pallets_awaiting_gates,0.0,0.0
395,pallets_awaiting_gates,0.0,0.0
396,pallets_awaiting_gates,0.0,0.0
397,pallets_awaiting_gates,0.0,0.0
398,pallets_awaiting_gates,0.0,0.0
399,pallets_awaiting_gates,0.0,0.0
400,pallets_awaiting_gates,0.0,0.0
401,pallets_awaiting_gates,0.0,0.0
402,pallets_awaiting_gates,0.0,0.0
403,pallets_awaiting_gates,0.5,1.0
404,pallets_awaiting_gates,2.5,3.0
405,pallets_awaiting_gates,5.5,6.0
406,pallets_awaiting_gates,8.0,9.0
407,pallets_awaiting_gates,11.5,12.0
408,pallets_awaiting_gates,14.5,15.0
409,pallets_awaiting_gates,17.5,18.0
410,pallets_awaiting_gates,20.5,21.0
411,pallets_awaiting_gates,23.5,24.0
412,pallets_awaiting_gates,26.0,27.0
413,pallets_awaiting_gates,29.5,30.0
414,pallets_awaiting_gates,32.5,33.0
415,pallets_awaiting_gates,35.5,36.0
416,pallets_awaiting_gates,38.5,39.0
417,pallets_awaiting_gates,41.5,42.0
418,pallets_awaiting_gates,44.5,45.0
419,pallets_awaiting_gates,48.0,49.0
420,pallets_awaiting_gates,51.0,52.0
421,pallets_awaiting_gates,54.0,55.0
422,pallets_awaiting_gates,57.0,58.0
423,pallets_awaiting_gates,59.5,60.0
424,pallets_awaiting_gates,62.0,63.0
425,pallets_awaiting_gates,64.5,65.0
426,pallets_awaiting_gates,68.0,69.0
427,pallets_awaiting_gates,71.0,72.0
428,pallets_awaiting_gates,74.5,75.0
429,pallets_awaiting_gates,76.5,77.0
430,pallets_awaiting_gates,79.5,80.0
431,pallets_awaiting_gates,83.0,84.0
432,pallets_awaiting_gates,86.0,87.0
433,pallets_awaiting_gates,89.0,90.0
434,pallets_awaiting_gates,91.0,92.0
435,pallets_awaiting_gates,94.5,95.0
436,pallets_awaiting_gates,97.0,98.0
437,pallets_awaiting_gates,100.5,101.0
438,pallets_awaiting_gates,103.5,104.0
439,pallets_awaiting_gates,106.0,107.0
440,pallets_awaiting_gates,109.0,110.0
441,pallets_awaiting_gates,112.0,113.0
442,pallets_awaiting_gates,114.5,115.0
443,pallets_awaiting_gates,118.0,119.0
444,pallets_awaiting_gates,121.5,122.0
445,pallets_awaiting_gates,124.5,125.0
446,pallets_awaiting_gates,127.0,128.0
447,pallets_awaiting_gates,130.0,131.0
448,pallets_awaiting_gates,133.0,134.0
449,pallets_awaiting_gates,136.5,137.0
450,pallets_awaiting_gates,139.0,140.0
451,pallets_awaiting_gates,142.0,143.0
452,pallets_awaiting_gates,144.5,145.0
453,pallets_awaiting_gates,147.5,148.0
454,pallets_awaiting_gates,150.5,151.0
455,pallets_awaiting_gates,154.0,155.0
456,pallets_awaiting_gates,157.0,158.0
457,pallets_awaiting_gates,159.5,160.0
458,pallets_awaiting_gates,162.0,163.0
459,pallets_awaiting_gates,164.5,165.0
460,pallets_awaiting_gates,168.0,169.0
461,pallets_awaiting_gates,171.5,172.0
462,pallets_awaiting_gates,174.5,175.0
463,pallets_awaiting_gates,177.5,178.0
464,pallets_awaiting_gates,180.0,181.0
465,pallets_awaiting_gates,183.5,184.0
466,pallets_awaiting_gates,185.0,186.0
467,pallets_awaiting_gates,189.0,190.0
468,pallets_awaiting_gates,191.5,192.0
469,pallets_awaiting_gates,195.0,196.0
470,pallets_awaiting_gates,198.0,199.0
471,pallets_awaiting_gates,200.5,201.0
472,pallets_awaiting_gates,203.5,204.0
473,pallets_awaiting_gates,206.0,207.0
474,pallets_awaiting_gates,209.0,210.0
475,pallets_awaiting_gates,212.5,213.0
476,pallets_awaiting_gates,215.5,216.0
477,pallets_awaiting_gates,218.0,219.0
478,pallets_awaiting_gates,221.0,222.0
479,pallets_awaiting_gates,224.0,225.0
480,pallets_awaiting_gates,227.5,228.0
481,pallets_awaiting_gates,230.5,231.0
482,pallets_awaiting_gates,233.5,234.0
483,pallets_awaiting_gates,237.0,238.0
484,pallets_awaiting_gates,239.5,240.0
485,pallets_awaiting_gates,242.5,243.0
486,pallets_awaiting_gates,244.5,245.0
487,pallets_awaiting_gates,247.5,248.0
488,pallets_awaiting_gates,250.5,252.0
489,pallets_awaiting_gates,254.0,255.0
490,pallets_awaiting_gates,256.5,257.0
491,pallets_awaiting_gates,259.5,260.0
492,pallets_awaiting_gates,262.0,263.0
493,pallets_awaiting_gates,265.5,266.0
494,pallets_awaiting_gates,260.5,268.0
495,pallets_awaiting_gates,239.0,254.0
496,pallets_awaiting_gates,185.5,193.0
497,pallets_awaiting_gates,140.5,148.0
498,pallets_awaiting_gates,96.5,104.0
499,pallets_awaiting_gates,51.0,58.0
500,pallets_awaiting_gates,6.5,13.0
501,pallets_awaiting_gates,0.0,0.0
502,pallets_awaiting_gates,0.0,0.0
503,pallets_awaiting_gates,0.0,0.0
504,pallets_awaiting_gates,0.0,0.0
505,pallets_awaiting_gates,0.0,0.0
506,pallets_awaiting_gates,0.0,0.0
507,pallets_awaiting_gates,0.0,0.0
508,pallets_awaiting_gates,0.0,0.0
509,pallets_awaiting_gates,0.0,0.0
510,pallets_awaiting_gates,0.0,0.0
511,pallets_awaiting_gates,0.0,0.0
512,pallets_awaiting_gates,0.0,0.0
513,pallets_awaiting_gates,0.0,0.0
514,pallets_awaiting_gates,0.0,0.0
515,pallets_awaiting_gates,0.0,0.0
516,pallets_awaiting_gates,0.0,0.0
517,pallets_awaiting_gates,0.0,0.0
518,pallets_awaiting_gates,0.0,0.0
519,pallets_awaiting_gates,0.0,0.0
520,pallets_awaiting_gates,0.0,0.0
521,pallets_awaiting_gates,0.0,0.0
522,pallets_awaiting_gates,0.0,0.0
523,pallets_awaiting_gates,0.0,0.0
524,pallets_awaiting_gates,0.0,0.0
525,pallets_awaiting_gates,0.0,0.0
526,pallets_awaiting_gates,0.0,0.0
527,pallets_awaiting_gates,0.0,0.0
528,pallets_awaiting_gates,0.0,0.0
529,pallets_awaiting_gates,0.0,0.0
530,pallets_awaiting_gates,0.0,0.0
531,pallets_awaiting_gates,0.0,0.0
532,pallets_awaiting_gates,0.0,0.0
533,pallets_awaiting_gates,0.0,0.0
534,pallets_awaiting_gates,1.0,2.0
535,pallets_awaiting_gates,5.0,6.0
536,pallets_awaiting_gates,8.0,9.0
537,pallets_awaiting_gates,10.5,11.0
538,pallets_awaiting_gates,14.0,15.0
539,pallets_awaiting_gates,17.0,18.0
540,pallets_awaiting_gates,19.5,20.0
541,pallets_awaiting_gates,23.0,24.0
542,pallets_awaiting_gates,25.5,26.0
543,pallets_awaiting_gates,28.5,29.0
544,pallets_awaiting_gates,31.5,32.0
545,pallets_awaiting_gates,34.5,35.0
546,pallets_awaiting_gates,37.5,38.0
547,pallets_awaiting_gates,40.0,41.0
548,pallets_awaiting_gates,43.0,44.0
549,pallets_awaiting_gates,46.0,47.0
550,pallets_awaiting_gates,49.5,50.0
551,pallets_awaiting_gates,52.0,53.0
552,pallets_awaiting_gates,55.0,56.0
553,pallets_awaiting_gates,58.0,59.0
554,pallets_awaiting_gates,60.5,61.0
555,pallets_awaiting_gates,63.0,64.0
556,pallets_awaiting_gates,66.0,67.0
557,pallets_awaiting_gates,69.0,70.0
558,pallets_awaiting_gates,72.0,73.0
559,pallets_awaiting_gates,75.0,76.0
560,pallets_awaiting_gates,78.5,79.0
561,pallets_awaiting_gates,81.5,82.0
562,pallets_awaiting_gates,84.5,85.0
563,pallets_awaiting_gates,86.5,87.0
564,pallets_awaiting_gates,89.5,90.0
565,pallets_awaiting_gates,92.5,93.0
566,pallets_awaiting_gates,96.0,97.0
567,pallets_awaiting_gates,99.0,100.0
568,pallets_awaiting_gates,102.0,103.0
569,pallets_awaiting_gates,104.5,105.0
570,pallets_awaiting_gates,107.5,108.0
571,pallets_awaiting_gates,110.5,111.0
572,pallets_awaiting_gates,113.5,114.0
573,pallets_awaiting_gates,117.0,118.0
574,pallets_awaiting_gates,120.0,121.0
575,pallets_awaiting_gates,122.5,123.0
576,pallets_awaiting_gates,125.5,126.0
577,pallets_awaiting_gates,128.5,130.0
578,pallets_awaiting_gates,131.5,132.0
579,pallets_awaiting_gates,134.5,135.0
580,pallets_awaiting_gates,137.0,137.0
581,pallets_awaiting_gates,140.5,141.0
582,pallets_awaiting_gates,144.0,145.0
583,pallets_awaiting_gates,146.5,147.0
584,pallets_awaiting_gates,149.0,150.0
585,pallets_awaiting_gates,151.5,152.0
586,pallets_awaiting_gates,154.0,155.0
587,pallets_awaiting_gates,158.0,159.0
588,pallets_awaiting_gates,161.0,162.0
589,pallets_awaiting_gates,164.0,165.0
590,pallets_awaiting_gates,166.5,167.0
591,pallets_awaiting_gates,169.5,170.0
592,pallets_awaiting_gates,172.0,173.0
593,pallets_awaiting_gates,175.0,176.0
594,pallets_awaiting_gates,178.0,179.0
595,pallets_awaiting_gates,181.0,182.0
596,pallets_awaiting_gates,183.5,184.0
597,pallets_awaiting_gates,187.0,188.0
598,pallets_awaiting_gates,190.0,191.0
599,pallets_awaiting_gates,192.5,193.0
600,pallets_awaiting_gates,195.0,196.0
601,pallets_awaiting_gates,198.5,199.0
602,pallets_awaiting_gates,202.0,203.0
603,pallets_awaiting_gates,204.5,205.0
604,pallets_awaiting_gates,208.0,209.0
605,pallets_awaiting_gates,211.0,212.0
606,pallets_awaiting_gates,213.5,214.0
607,pallets_awaiting_gates,216.5,217.0
608,pallets_awaiting_gates,219.5,220.0
609,pallets_awaiting_gates,222.5,223.0
610,pallets_awaiting_gates,225.5,226.0
611,pallets_awaiting_gates,228.5,229.0
612,pallets_awaiting_gates,231.5,232.0
613,pallets_awaiting_gates,234.5,235.0
614,pallets_awaiting_gates,229.5,237.0
615,pallets_awaiting_gates,208.5,224.0
616,pallets_awaiting_gates,155.5,163.0
617,pallets_awaiting_gates,110.5,118.0
618,pallets_awaiting_gates,65.0,72.0
619,pallets_awaiting_gates,20.5,28.0
620,pallets_awaiting_gates,0.0,0.0
621,pallets_awaiting_gates,0.0,0.0
622,pallets_awaiting_gates,0.0,0.0
623,pallets_awaiting_gates,0.0,0.0
624,pallets_awaiting_gates,0.0,0.0
625,pallets_awaiting_gates,0.0,0.0
626,pallets_awaiting_gates,0.0,0.0
627,pallets_awaiting_gates,0.0,0.0
628,pallets_awaiting_gates,0.0,0.0
629,pallets_awaiting_gates,0.0,0.0
630,pallets_awaiting_gates,0.0,0.0
631,pallets_awaiting_gates,0.0,0.0
632,pallets_awaiting_gates,0.0,0.0
633,pallets_awaiting_gates,0.0,0.0
634,pallets_awaiting_gates,0.0,0.0
635,pallets_awaiting_gates,0.0,0.0
636,pallets_awaiting_gates,0.0,0.0
637,pallets_awaiting_gates,0.0,0.0
638,pallets_awaiting_gates,0.0,0.0
639,pallets_awaiting_gates,0.0,0.0
640,pallets_awaiting_gates,0.0,0.0
641,pallets_awaiting_gates,0.0,0.0
642,pallets_awaiting_gates,0.0,0.0
643,pallets_awaiting_gates,0.0,0.0
644,pallets_awaiting_gates,0.0,0.0
645,pallets_awaiting_gates,0.0,0.0
646,pallets_awaiting_gates,0.0,0.0
647,pallets_awaiting_gates,0.0,0.0
648,pallets_awaiting_gates,0.0,0.0
649,pallets_awaiting_gates,0.0,0.0
650,pallets_awaiting_gates,0.0,0.0
651,pallets_awaiting_gates,0.0,0.0
652,pallets_awaiting_gates,0.0,0.0
653,pallets_awaiting_gates,0.0,0.0
654,pallets_awaiting_gates,0.0,0.0
655,pallets_awaiting_gates,0.0,0.0
656,pallets_awaiting_gates,0.0,0.0
657,pallets_awaiting_gates,0.0,0.0
658,pallets_awaiting_gates,0.0,0.0
659,pallets_awaiting_gates,0.0,0.0
660,pallets_awaiting_gates,0.0,0.0
661,pallets_awaiting_gates,0.0,0.0
662,pallets_awaiting_gates,0.0,0.0
663,pallets_awaiting_gates,0.0,0.0
664,pallets_awaiting_gates,1.0,2.0
665,pallets_awaiting_gates,4.0,5.0
666,pallets_awaiting_gates,7.0,8.0
667,pallets_awaiting_gates,9.5,10.0
668,pallets_awaiting_gates,12.0,13.0
669,pallets_awaiting_gates,14.5,15.0
670,pallets_awaiting_gates,18.0,19.0
671,pallets_awaiting_gates,20.5,21.0
672,pallets_awaiting_gates,24.0,25.0
673,pallets_awaiting_gates,27.0,28.0
674,pallets_awaiting_gates,30.5,31.0
675,pallets_awaiting_gates,33.0,34.0
676,pallets_awaiting_gates,36.5,37.0
677,pallets_awaiting_gates,39.0,39.0
678,pallets_awaiting_gates,42.0,43.0
679,pallets_awaiting_gates,45.0,46.0
680,pallets_awaiting_gates,48.0,49.0
681,pallets_awaiting_gates,51.0,52.0
682,pallets_awaiting_gates,54.0,55.0
683,pallets_awaiting_gates,56.5,57.0
684,pallets_awaiting_gates,59.5,60.0
685,pallets_awaiting_gates,61.5,62.0
686,pallets_awaiting_gates,65.0,66.0
687,pallets_awaiting_gates,68.5,69.0
688,pallets_awaiting_gates,71.5,72.0
689,pallets_awaiting_gates,74.0,75.0
690,pallets_awaiting_gates,76.5,77.0
691,pallets_awaiting_gates,80.0,81.0
692,pallets_awaiting_gates,83.0,84.0
693,pallets_awaiting_gates,86.0,87.0
694,pallets_awaiting_gates,89.0,90.0
695,pallets_awaiting_gates,92.0,93.0
696,pallets_awaiting_gates,94.5,95.0
697,pallets_awaiting_gates,97.0,98.0
698,pallets_awaiting_gates,100.0,101.0
699,pallets_awaiting_gates,102.5,103.0
700,pallets_awaiting_gates,106.5,107.0
701,pallets_awaiting_gates,109.5,110.0
702,pallets_awaiting_gates,112.5,113.0
703,pallets_awaiting_gates,115.5,116.0
704,pallets_awaiting_gates,118.5,119.0
705,pallets_awaiting_gates,121.5,122.0
706,pallets_awaiting_gates,124.5,125.0
707,pallets_awaiting_gates,126.5,127.0
708,pallets_awaiting_gates,130.0,131.0
709,pallets_awaiting_gates,133.0,134.0
710,pallets_awaiting_gates,136.0,137.0
711,pallets_awaiting_gates,139.5,140.0
712,pallets_awaiting_gates,142.5,143.0
713,pallets_awaiting_gates,145.0,146.0
714,pallets_awaiting_gates,147.5,148.0
715,pallets_awaiting_gates,149.5,150.0
716,pallets_awaiting_gates,152.5,153.0
717,pallets_awaiting_gates,156.0,157.0
718,pallets_awaiting_gates,159.5,160.0
719,pallets_awaiting_gates,162.5,163.0
720,pallets_awaiting_gates,165.0,166.0
721,pallets_awaiting_gates,168.0,169.0
722,pallets_awaiting_gates,171.0,172.0
723,pallets_awaiting_gates,174.0,175.0
724,pallets_awaiting_gates,177.0,178.0
725,pallets_awaiting_gates,179.5,180.0
726,pallets_awaiting_gates,183.0,184.0
727,pallets_awaiting_gates,186.0,187.0
728,pallets_awaiting_gates,189.0,190.0
729,pallets_awaiting_gates,191.5,192.0
730,pallets_awaiting_gates,193.5,194.0
731,pallets_awaiting_gates,197.0,198.0
732,pallets_awaiting_gates,200.0,201.0
733,pallets_awaiting_gates,203.0,204.0
734,pallets_awaiting_gates,198.0,205.0
735,pallets_awaiting_gates,177.5,193.0
736,pallets_awaiting_gates,124.5,132.0
737,pallets_awaiting_gates,79.5,87.0
738,pallets_awaiting_gates,34.5,42.0
739,pallets_awaiting_gates,0.0,0.0
740,pallets_awaiting_gates,0.0,0.0
741,pallets_awaiting_gates,0.0,0.0
742,pallets_awaiting_gates,0.0,0.0
743,pallets_awaiting_gates,0.0,0.0
744,pallets_awaiting_gates,0.0,0.0
745,pallets_awaiting_gates,0.0,0.0
746,pallets_awaiting_gates,0.0,0.0
747,pallets_awaiting_gates,0.0,0.0
748,pallets_awaiting_gates,0.0,0.0
749,pallets_awaiting_gates,0.0,0.0
750,pallets_awaiting_gates,0.0,0.0
751,pallets_awaiting_gates,0.0,0.0
752,pallets_awaiting_gates,0.0,0.0
753,pallets_awaiting_gates,0.0,0.0
754,pallets_awaiting_gates,0.0,0.0
755,pallets_awaiting_gates,0.0,0.0
756,pallets_awaiting_gates,0.0,0.0
757,pallets_awaiting_gates,0.0,0.0
758,pallets_awaiting_gates,0.0,0.0
759,pallets_awaiting_gates,0.0,0.0
760,pallets_awaiting_gates,0.0,0.0
761,pallets_awaiting_gates,0.0,0.0
762,pallets_awaiting_gates,0.0,0.0
763,pallets_awaiting_gates,0.0,0.0
764,pallets_awaiting_gates,0.0,0.0
765,pallets_awaiting_gates,0.0,0.0
766,pallets_awaiting_gates,0.0,0.0
767,pallets_awaiting_gates,0.0,0.0
768,pallets_awaiting_gates,0.0,0.0
769,pallets_awaiting_gates,0.0,0.0
770,pallets_awaiting_gates,0.0,0.0
771,pallets_awaiting_gates,0.0,0.0
772,pallets_awaiting_gates,0.0,0.0
773,pallets_awaiting_gates,0.0,0.0
774,pallets_awaiting_gates,0.0,0.0
775,pallets_awaiting_gates,0.0,0.0
776,pallets_awaiting_gates,0.0,0.0
777,pallets_awaiting_gates,0.0,0.0
778,pallets_awaiting_gates,0.0,0.0
779,pallets_awaiting_gates,0.0,0.0
780,pallets_awaiting_gates,0.0,0.0
781,pallets_awaiting_gates,0.0,0.0
782,pallets_awaiting_gates,0.0,0.0
783,pallets_awaiting_gates,0.0,0.0
784,pallets_awaiting_gates,0.0,0.0
785,pallets_awaiting_gates,0.0,0.0
786,pallets_awaiting_gates,0.0,0.0
787,pallets_awaiting_gates,0.0,0.0
788,pallets_awaiting_gates,0.0,0.0
789,pallets_awaiting_gates,0.0,0.0
790,pallets_awaiting_gates,0.0,0.0
791,pallets_awaiting_gates,0.0,0.0
792,pallets_awaiting_gates,0.0,0.0
793,pallets_awaiting_gates,0.0,0.0
794,pallets_awaiting_gates,0.0,0.0
795,pallets_awaiting_gates,2.0,3.0
796,pallets_awaiting_gates,5.0,6.0
797,pallets_awaiting_gates,8.0,9.0
798,pallets_awaiting_gates,11.5,12.0
799,pallets_awaiting_gates,14.5,15.0
800,pallets_awaiting_gates,17.0,18.0
801,pallets_awaiting_gates,19.5,20.0
802,pallets_awaiting_gates,22.5,23.0
803,pallets_awaiting_gates,25.5,26.0
804,pallets_awaiting_gates,28.0,29.0
805,pallets_awaiting_gates,31.5,32.0
806,pallets_awaiting_gates,34.5,35.0
807,pallets_awaiting_gates,36.5,37.0
808,pallets_awaiting_gates,40.0,41.0
809,pallets_awaiting_gates,43.0,44.0
810,pallets_awaiting_gates,46.0,47.0
811,pallets_awaiting_gates,48.5,49.0
812,pallets_awaiting_gates,52.0,53.0
813,pallets_awaiting_gates,55.0,56.0
814,pallets_awaiting_gates,58.0,59.0
815,pallets_awaiting_gates,61.0,62.0
816,pallets_awaiting_gates,64.0,65.0
817,pallets_awaiting_gates,67.5,68.0
818,pallets_awaiting_gates,70.5,71.0
819,pallets_awaiting_gates,72.5,73.0
820,pallets_awaiting_gates,75.0,76.0
821,pallets_awaiting_gates,78.0,79.0
822,pallets_awaiting_gates,81.5,82.0
823,pallets_awaiting_gates,84.0,85.0
824,pallets_awaiting_gates,87.5,88.0
825,pallets_awaiting_gates,90.5,91.0
826,pallets_awaiting_gates,93.0,94.0
827,pallets_awaiting_gates,95.5,96.0
828,pallets_awaiting_gates,98.5,99.0
829,pallets_awaiting_gates,101.5,102.0
830,pallets_awaiting_gates,105.0,106.0
831,pallets_awaiting_gates,108.0,109.0
832,pallets_awaiting_gates,111.0,112.0
833,pallets_awaiting_gates,113.5,114.0
834,pallets_awaiting_gates,115.5,116.0
835,pallets_awaiting_gates,118.5,119.0
836,pallets_awaiting_gates,122.5,123.0
837,pallets_awaiting_gates,125.5,126.0
838,pallets_awaiting_gates,128.5,129.0
839,pallets_awaiting_gates,131.5,132.0
840,pallets_awaiting_gates,135.0,136.0
841,pallets_awaiting_gates,137.5,138.0
842,pallets_awaiting_gates,140.5,141.0
843,pallets_awaiting_gates,143.5,144.0
844,pallets_awaiting_gates,146.0,147.0
845,pallets_awaiting_gates,149.0,150.0
846,pallets_awaiting_gates,152.0,153.0
847,pallets_awaiting_gates,155.0,156.0
848,pallets_awaiting_gates,158.0,159.0
849,pallets_awaiting_gates,161.0,162.0
850,pallets_awaiting_gates,164.0,165.0
851,pallets_awaiting_gates,166.5,167.0
852,pallets_awaiting_gates,169.5,170.0
853,pallets_awaiting_gates,172.0,173.0
854,pallets_awaiting_gates,167.5,175.0
855,pallets_awaiting_gates,146.0,161.0
856,pallets_awaiting_gates,93.5,101.0
857,pallets_awaiting_gates,48.5,56.0
858,pallets_awaiting_gates,5.0,10.0
859,pallets_awaiting_gates,0.0,0.0
860,pallets_awaiting_gates,0.0,0.0
861,pallets_awaiting_gates,0.0,0.0
862,pallets_awaiting_gates,0.0,0.0
863,pallets_awaiting_gates,0.0,0.0
864,pallets_awaiting_gates,0.0,0.0
865,pallets_awaiting_gates,0.0,0.0
866,pallets_awaiting_gates,0.0,0.0
867,pallets_awaiting_gates,0.0,0.0
868,pallets_awaiting_gates,0.0,0.0
869,pallets_awaiting_gates,0.0,0.0
870,pallets_awaiting_gates,0.0,0.0
871,pallets_awaiting_gates,0.0,0.0
872,pallets_awaiting_gates,0.0,0.0
873,pallets_awaiting_gates,0.5,1.0
874,pallets_awaiting_gates,0.0,0.0
875,pallets_awaiting_gates,0.0,0.0
876,pallets_awaiting_gates,0.0,0.0
877,pallets_awaiting_gates,0.0,0.0
878,pallets_awaiting_gates,0.0,0.0
879,pallets_awaiting_gates,0.0,0.0
880,pallets_awaiting_gates,0.0,0.0
881,pallets_awaiting_gates,0.0,0.0
882,pallets_awaiting_gates,0.0,0.0
883,pallets_awaiting_gates,0.0,0.0
884,pallets_awaiting_gates,0.0,0.0
885,pallets_awaiting_gates,0.0,0.0
886,pallets_awaiting_gates,0.0,0.0
887,pallets_awaiting_gates,0.0,0.0
888,pallets_awaiting_gates,0.0,0.0
889,pallets_awaiting_gates,0.0,0.0
890,pallets_awaiting_gates,0.0,0.0
891,pallets_awaiting_gates,0.0,0.0
892,pallets_awaiting_gates,0.0,0.0
893,pallets_awaiting_gates,0.0,0.0
894,pallets_awaiting_gates,0.5,1.0
895,pallets_awaiting_gates,0.0,0.0
896,pallets_awaiting_gates,0.0,0.0
897,pallets_awaiting_gates,0.0,0.0
898,pallets_awaiting_gates,0.0,0.0
899,pallets_awaiting_gates,0.0,0.0
900,pallets_awaiting_gates,0.0,0.0
901,pallets_awaiting_gates,0.0,0.0
902,pallets_awaiting_gates,0.0,0.0
903,pallets_awaiting_gates,0.0,0.0
904,pallets_awaiting_gates,0.0,0.0
905,pallets_awaiting_gates,0.0,0.0
906,pallets_awaiting_gates,0.0,0.0
907,pallets_awaiting_gates,0.0,0.0
908,pallets_awaiting_gates,0.0,0.0
909,pallets_awaiting_gates,0.0,0.0
910,pallets_awaiting_gates,0.0,0.0
911,pallets_awaiting_gates,0.0,0.0
912,pallets_awaiting_gates,0.0,0.0
913,pallets_awaiting_gates,0.0,0.0
914,pallets_awaiting_gates,0.0,0.0
915,pallets_awaiting_gates,0.0,0.0
916,pallets_awaiting_gates,0.0,0.0
917,pallets_awaiting_gates,0.0,0.0
918,pallets_awaiting_gates,0.0,0.0
919,pallets_awaiting_gates,0.0,0.0
920,pallets_awaiting_gates,0.0,0.0
921,pallets_awaiting_gates,0.0,0.0
922,pallets_awaiting_gates,0.0,0.0
923,pallets_awaiting_gates,0.0,0.0
924,pallets_awaiting_gates,0.0,0.0
925,pallets_awaiting_gates,0.5,1.0
926,pallets_awaiting_gates,3.0,4.0
927,pallets_awaiting_gates,6.0,7.0
928,pallets_awaiting_gates,9.5,10.0
929,pallets_awaiting_gates,12.5,13.0
930,pallets_awaiting_gates,15.5,16.0
931,pallets_awaiting_gates,18.5,19.0
932,pallets_awaiting_gates,21.0,22.0
933,pallets_awaiting_gates,24.0,25.0
934,pallets_awaiting_gates,27.5,28.0
935,pallets_awaiting_gates,30.5,31.0
936,pallets_awaiting_gates,33.5,34.0
937,pallets_awaiting_gates,36.5,37.0
938,pallets_awaiting_gates,38.5,39.0
939,pallets_awaiting_gates,41.5,42.0
940,pallets_awaiting_gates,44.5,45.0
941,pallets_awaiting_gates,48.0,49.0
942,pallets_awaiting_gates,51.0,52.0
943,pallets_awaiting_gates,53.5,54.0
944,pallets_awaiting_gates,56.5,58.0
945,pallets_awaiting_gates,59.5,60.0
946,pallets_awaiting_gates,62.5,63.0
947,pallets_awaiting_gates,65.5,66.0
948,pallets_awaiting_gates,68.5,69.0
949,pallets_awaiting_gates,71.0,72.0
950,pallets_awaiting_gates,73.5,74.0
951,pallets_awaiting_gates,76.5,78.0
952,pallets_awaiting_gates,80.0,81.0
953,pallets_awaiting_gates,82.5,83.0
954,pallets_awaiting_gates,85.5,86.0
955,pallets_awaiting_gates,88.5,89.0
956,pallets_awaiting_gates,92.0,93.0
957,pallets_awaiting_gates,94.5,95.0
958,pallets_awaiting_gates,97.5,98.0
959,pallets_awaiting_gates,100.5,101.0
960,pallets_awaiting_gates,104.0,105.0
961,pallets_awaiting_gates,106.5,107.0
962,pallets_awaiting_gates,110.0,111.0
963,pallets_awaiting_gates,113.0,114.0
964,pallets_awaiting_gates,116.0,117.0
965,pallets_awaiting_gates,119.0,120.0
966,pallets_awaiting_gates,122.0,123.0
967,pallets_awaiting_gates,124.5,125.0
968,pallets_awaiting_gates,127.5,128.0
969,pallets_awaiting_gates,129.5,130.0
970,pallets_awaiting_gates,132.5,133.0
971,pallets_awaiting_gates,136.0,137.0
972,pallets_awaiting_gates,139.0,140.0
973,pallets_awaiting_gates,141.5,142.0
974,pallets_awaiting_gates,136.5,144.0
975,pallets_awaiting_gates,115.5,131.0
976,pallets_awaiting_gates,62.0,69.0
977,pallets_awaiting_gates,17.0,24.0
978,pallets_awaiting_gates,0.0,0.0
979,pallets_awaiting_gates,0.0,0.0
980,pallets_awaiting_gates,0.0,0.0
981,pallets_awaiting_gates,0.0,0.0
982,pallets_awaiting_gates,0.0,0.0
983,pallets_awaiting_gates,0.0,0.0
984,pallets_awaiting_gates,0.0,0.0
985,pallets_awaiting_gates,0.0,0.0
986,pallets_awaiting_gates,0.0,0.0
987,pallets_awaiting_gates,0.0,0.0
988,pallets_awaiting_gates,0.0,0.0
989,pallets_awaiting_gates,0.0,0.0
990,pallets_awaiting_gates,0.0,0.0
991,pallets_awaiting_gates,0.0,0.0
992,pallets_awaiting_gates,0.0,0.0
993,pallets_awaiting_gates,0.0,0.0
994,pallets_awaiting_gates,0.0,0.0
995,pallets_awaiting_gates,0.0,0.0
996,pallets_awaiting_gates,0.0,0.0
997,pallets_awaiting_gates,0.0,0.0
998,pallets_awaiting_gates,0.0,0.0
999,pallets_awaiting_gates,0.0,0.0
1000,pallets_awaiting_gates,0.0,0.0
1001,pallets_awaiting_gates,0.0,0.0
1002,pallets_awaiting_gates,0.0,0.0
1003,pallets_awaiting_gates,0.0,0.0
1004,pallets_awaiting_gates,0.0,0.0
1005,pallets_awaiting_gates,0.0,0.0
1006,pallets_awaiting_gates,0.0,0.0
1007,pallets_awaiting_gates,0.0,0.0
1008,pallets_awaiting_gates,0.0,0.0
1009,pallets_awaiting_gates,0.0,0.0
1010,pallets_awaiting_gates,0.0,0.0
1011,pallets_awaiting_gates,0.0,0.0
1012,pallets_awaiting_gates,0.0,0.0
1013,pallets_awaiting_gates,0.0,0.0
1014,pallets_awaiting_gates,0.0,0.0
1015,pallets_awaiting_gates,0.0,0.0
1016,pallets_awaiting_gates,0.0,0.0
1017,pallets_awaiting_gates,0.0,0.0
1018,pallets_awaiting_gates,0.0,0.0
1019,pallets_awaiting_gates,0.0,0.0
1020,pallets_awaiting_gates,0.0,0.0
1021,pallets_awaiting_gates,0.0,0.0
1022,pallets_awaiting_gates,0.0,0.0
1023,pallets_awaiting_gates,0.0,0.0
1024,pallets_awaiting_gates,0.0,0.0
1025,pallets_awaiting_gates,0.0,0.0
1026,pallets_awaiting_gates,0.0,0.0
1027,pallets_awaiting_gates,0.0,0.0
1028,pallets_awaiting_gates,0.0,0.0
1029,pallets_awaiting_gates,0.0,0.0
1030,pallets_awaiting_gates,0.0,0.0
1031,pallets_awaiting_gates,0.0,0.0
1032,pallets_awaiting_gates,0.0,0.0
1033,pallets_awaiting_gates,0.0,0.0
1034,pallets_awaiting_gates,0.0,0.0
1035,pallets_awaiting_gates,0.0,0.0
1036,pallets_awaiting_gates,0.0,0.0
1037,pallets_awaiting_gates,0.0,0.0
1038,pallets_awaiting_gates,0.0,0.0
1039,pallets_awaiting_gates,0.0,0.0
1040,pallets_awaiting_gates,0.0,0.0
1041,pallets_awaiting_gates,0.0,0.0
1042,pallets_awaiting_gates,0.0,0.0
1043,pallets_awaiting_gates,0.0,0.0
1044,pallets_awaiting_gates,0.0,0.0
1045,pallets_awaiting_gates,0.0,0.0
1046,pallets_awaiting_gates,0.0,0.0
1047,pallets_awaiting_gates,0.0,0.0
1048,pallets_awaiting_gates,0.0,0.0
1049,pallets_awaiting_gates,0.0,0.0
1050,pallets_awaiting_gates,0.0,0.0
1051,pallets_awaiting_gates,0.0,0.0
1052,pallets_awaiting_gates,0.5,1.0
1053,pallets_awaiting_gates,0.0,0.0
1054,pallets_awaiting_gates,0.0,0.0
1055,pallets_awaiting_gates,0.0,0.0
1056,pallets_awaiting_gates,2.5,3.0
1057,pallets_awaiting_gates,5.0,6.0
1058,pallets_awaiting_gates,8.5,9.0
1059,pallets_awaiting_gates,11.5,12.0
1060,pallets_awaiting_gates,14.0,15.0
1061,pallets_awaiting_gates,16.5,17.0
1062,pallets_awaiting_gates,20.0,21.0
1063,pallets_awaiting_gates,23.0,24.0
1064,pallets_awaiting_gates,26.0,27.0
1065,pallets_awaiting_gates,28.5,29.0
1066,pallets_awaiting_gates,32.0,33.0
1067,pallets_awaiting_gates,35.0,36.0
1068,pallets_awaiting_gates,37.5,38.0
1069,pallets_awaiting_gates,40.0,41.0
1070,pallets_awaiting_gates,43.0,44.0
1071,pallets_awaiting_gates,47.0,48.0
1072,pallets_awaiting_gates,49.5,50.0
1073,pallets_awaiting_gates,52.5,53.0
1074,pallets_awaiting_gates,54.5,55.0
1075,pallets_awaiting_gates,58.0,59.0
1076,pallets_awaiting_gates,61.0,62.0
1077,pallets_awaiting_gates,64.0,65.0
1078,pallets_awaiting_gates,67.0,68.0
1079,pallets_awaiting_gates,70.0,71.0
1080,pallets_awaiting_gates,73.0,74.0
1081,pallets_awaiting_gates,76.0,77.0
1082,pallets_awaiting_gates,79.0,80.0
1083,pallets_awaiting_gates,82.0,83.0
1084,pallets_awaiting_gates,84.5,85.0
1085,pallets_awaiting_gates,87.5,88.0
1086,pallets_awaiting_gates,91.0,92.0
1087,pallets_awaiting_gates,93.5,94.0
1088,pallets_awaiting_gates,97.0,98.0
1089,pallets_awaiting_gates,99.5,100.0
1090,pallets_awaiting_gates,102.5,103.0
1091,pallets_awaiting_gates,105.5,106.0
1092,pallets_awaiting_gates,108.0,109.0
1093,pallets_awaiting_gates,111.0,112.0
1094,pallets_awaiting_gates,106.0,113.0
1095,pallets_awaiting_gates,85.0,100.0
1096,pallets_awaiting_gates,31.0,38.0
1097,pallets_awaiting_gates,0.0,0.0
1098,pallets_awaiting_gates,0.0,0.0
1099,pallets_awaiting_gates,0.0,0.0
1100,pallets_awaiting_gates,0.0,0.0
1101,pallets_awaiting_gates,0.5,1.0
1102,pallets_awaiting_gates,0.0,0.0
1103,pallets_awaiting_gates,0.0,0.0
1104,pallets_awaiting_gates,0.0,0.0
1105,pallets_awaiting_gates,0.0,0.0
1106,pallets_awaiting_gates,0.0,0.0
1107,pallets_awaiting_gates,0.0,0.0
1108,pallets_awaiting_gates,0.0,0.0
1109,pallets_awaiting_gates,0.0,0.0
1110,pallets_awaiting_gates,0.0,0.0
1111,pallets_awaiting_gates,0.0,0.0
1112,pallets_awaiting_gates,0.0,0.0
1113,pallets_awaiting_gates,0.0,0.0
1114,pallets_awaiting_gates,0.0,0.0
1115,pallets_awaiting_gates,0.0,0.0
1116,pallets_awaiting_gates,0.0,0.0
1117,pallets_awaiting_gates,0.0,0.0
1118,pallets_awaiting_gates,0.5,1.0
1119,pallets_awaiting_gates,0.0,0.0
1120,pallets_awaiting_gates,0.0,0.0
1121,pallets_awaiting_gates,0.0,0.0
1122,pallets_awaiting_gates,0.0,0.0
1123,pallets_awaiting_gates,0.0,0.0
1124,pallets_awaiting_gates,0.0,0.0
1125,pallets_awaiting_gates,0.0,0.0
1126,pallets_awaiting_gates,0.0,0.0
1127,pallets_awaiting_gates,0.0,0.0
1128,pallets_awaiting_gates,0.0,0.0
1129,pallets_awaiting_gates,0.0,0.0
1130,pallets_awaiting_gates,0.0,0.0
1131,pallets_awaiting_gates,0.0,0.0
1132,pallets_awaiting_gates,0.0,0.0
1133,pallets_awaiting_gates,0.0,0.0
1134,pallets_awaiting_gates,0.0,0.0
1135,pallets_awaiting_gates,0.0,0.0
1136,pallets_awaiting_gates,0.0,0.0
1137,pallets_awaiting_gates,0.0,0.0
1138,pallets_awaiting_gates,0.0,0.0
1139,pallets_awaiting_gates,0.0,0.0
1140,pallets_awaiting_gates,0.0,0.0
1141,pallets_awaiting_gates,0.0,0.0
1142,pallets_awaiting_gates,0.0,0.0
1143,pallets_awaiting_gates,0.0,0.0
1144,pallets_awaiting_gates,0.0,0.0
1145,pallets_awaiting_gates,0.0,0.0
1146,pallets_awaiting_gates,0.0,0.0
1147,pallets_awaiting_gates,0.0,0.0
1148,pallets_awaiting_gates,0.0,0.0
1149,pallets_awaiting_gates,0.0,0.0
1150,pallets_awaiting_gates,0.5,1.0
1151,pallets_awaiting_gates,0.0,0.0
1152,pallets_awaiting_gates,0.0,0.0
1153,pallets_awaiting_gates,0.0,0.0
1154,pallets_awaiting_gates,0.0,0.0
1155,pallets_awaiting_gates,0.0,0.0
1156,pallets_awaiting_gates,0.0,0.0
1157,pallets_awaiting_gates,0.0,0.0
1158,pallets_awaiting_gates,0.0,0.0
1159,pallets_awaiting_gates,0.0,0.0
1160,pallets_awaiting_gates,0.0,0.0
1161,pallets_awaiting_gates,0.0,0.0
1162,pallets_awaiting_gates,0.0,0.0
1163,pallets_awaiting_gates,0.0,0.0
1164,pallets_awaiting_gates,0.0,0.0
1165,pallets_awaiting_gates,0.0,0.0
1166,pallets_awaiting_gates,0.0,0.0
1167,pallets_awaiting_gates,0.0,0.0
1168,pallets_awaiting_gates,0.0,0.0
1169,pallets_awaiting_gates,0.0,0.0
1170,pallets_awaiting_gates,0.0,0.0
1171,pallets_awaiting_gates,0.0,0.0
1172,pallets_awaiting_gates,0.0,0.0
1173,pallets_awaiting_gates,0.0,0.0
1174,pallets_awaiting_gates,0.0,0.0
1175,pallets_awaiting_gates,0.0,0.0
1176,pallets_awaiting_gates,0.0,0.0
1177,pallets_awaiting_gates,0.0,0.0
1178,pallets_awaiting_gates,0.0,0.0
1179,pallets_awaiting_gates,0.0,0.0
1180,pallets_awaiting_gates,0.0,0.0
1181,pallets_awaiting_gates,0.0,0.0
1182,pallets_awaiting_gates,0.0,0.0
1183,pallets_awaiting_gates,0.0,0.0
1184,pallets_awaiting_gates,0.0,0.0
1185,pallets_awaiting_gates,0.0,0.0
1186,pallets_awaiting_gates,1.5,2.0
1187,pallets_awaiting_gates,4.0,5.0
1188,pallets_awaiting_gates,7.0,8.0
1189,pallets_awaiting_gates,10.0,11.0
1190,pallets_awaiting_gates,13.0,14.0
1191,pallets_awaiting_gates,15.5,16.0
1192,pallets_awaiting_gates,18.5,19.0
1193,pallets_awaiting_gates,21.0,22.0
1194,pallets_awaiting_gates,24.5,25.0
1195,pallets_awaiting_gates,27.0,28.0
1196,pallets_awaiting_gates,30.5,31.0
1197,pallets_awaiting_gates,33.5,34.0
1198,pallets_awaiting_gates,36.0,37.0
1199,pallets_awaiting_gates,39.5,40.0
1200,pallets_awaiting_gates,42.5,43.0
1201,pallets_awaiting_gates,45.5,46.0
1202,pallets_awaiting_gates,47.5,48.0
1203,pallets_awaiting_gates,49.5,50.0
1204,pallets_awaiting_gates,53.5,54.0
1205,pallets_awaiting_gates,57.0,58.0
1206,pallets_awaiting_gates,59.5,60.0
1207,pallets_awaiting_gates,63.0,64.0
1208,pallets_awaiting_gates,65.5,66.0
1209,pallets_awaiting_gates,68.0,69.0
1210,pallets_awaiting_gates,71.0,72.0
1211,pallets_awaiting_gates,73.5,74.0
1212,pallets_awaiting_gates,77.5,78.0
1213,pallets_awaiting_gates,80.0,81.0
1214,pallets_awaiting_gates,75.5,83.0
1215,pallets_awaiting_gates,54.5,70.0
1216,pallets_awaiting_gates,4.5,9.0
1217,pallets_awaiting_gates,0.0,0.0
1218,pallets_awaiting_gates,0.0,0.0
1219,pallets_awaiting_gates,0.0,0.0
1220,pallets_awaiting_gates,0.0,0.0
1221,pallets_awaiting_gates,0.0,0.0
1222,pallets_awaiting_gates,0.0,0.0
1223,pallets_awaiting_gates,0.0,0.0
1224,pallets_awaiting_gates,0.0,0.0
1225,pallets_awaiting_gates,0.0,0.0
1226,pallets_awaiting_gates,0.0,0.0
1227,pallets_awaiting_gates,0.0,0.0
1228,pallets_awaiting_gates,0.0,0.0
1229,pallets_awaiting_gates,0.5,1.0
1230,pallets_awaiting_gates,0.0,0.0
1231,pallets_awaiting_gates,0.0,0.0
1232,pallets_awaiting_gates,0.0,0.0
1233,pallets_awaiting_gates,0.0,0.0
1234,pallets_awaiting_gates,0.0,0.0
1235,pallets_awaiting_gates,0.0,0.0
1236,pallets_awaiting_gates,0.0,0.0
1237,pallets_awaiting_gates,0.0,0.0
1238,pallets_awaiting_gates,0.0,0.0
1239,pallets_awaiting_gates,0.0,0.0
1240,pallets_awaiting_gates,0.0,0.0
1241,pallets_awaiting_gates,0.0,0.0
1242,pallets_awaiting_gates,0.0,0.0
1243,pallets_awaiting_gates,0.0,0.0
1244,pallets_awaiting_gates,0.0,0.0
1245,pallets_awaiting_gates,0.0,0.0
1246,pallets_awaiting_gates,0.0,0.0
1247,pallets_awaiting_gates,0.0,0.0
1248,pallets_awaiting_gates,0.0,0.0
1249,pallets_awaiting_gates,0.0,0.0
1250,pallets_awaiting_gates,0.0,0.0
1251,pallets_awaiting_gates,0.0,0.0
1252,pallets_awaiting_gates,0.0,0.0
1253,pallets_awaiting_gates,0.0,0.0
1254,pallets_awaiting_gates,0.0,0.0
1255,pallets_awaiting_gates,0.0,0.0
1256,pallets_awaiting_gates,0.0,0.0
1257,pallets_awaiting_gates,0.0,0.0
1258,pallets_awaiting_gates,0.0,0.0
1259,pallets_awaiting_gates,0.0,0.0
1260,pallets_awaiting_gates,0.0,0.0
1261,pallets_awaiting_gates,0.0,0.0
1262,pallets_awaiting_gates,0.0,0.0
1263,pallets_awaiting_gates,0.0,0.0
1264,pallets_awaiting_gates,0.0,0.0
1265,pallets_awaiting_gates,0.0,0.0
1266,pallets_awaiting_gates,0.0,0.0
1267,pallets_awaiting_gates,0.0,0.0
1268,pallets_awaiting_gates,0.0,0.0
1269,pallets_awaiting_gates,0.5,1.0
1270,pallets_awaiting_gates,0.0,0.0
1271,pallets_awaiting_gates,0.0,0.0
1272,pallets_awaiting_gates,0.0,0.0
1273,pallets_awaiting_gates,0.0,0.0
1274,pallets_awaiting_gates,0.0,0.0
1275,pallets_awaiting_gates,0.0,0.0
1276,pallets_awaiting_gates,0.0,0.0
1277,pallets_awaiting_gates,0.0,0.0
1278,pallets_awaiting_gates,0.0,0.0
1279,pallets_awaiting_gates,0.0,0.0
1280,pallets_awaiting_gates,0.0,0.0
1281,pallets_awaiting_gates,0.0,0.0
1282,pallets_awaiting_gates,0.0,0.0
1283,pallets_awaiting_gates,0.0,0.0
1284,pallets_awaiting_gates,0.0,0.0
1285,pallets_awaiting_gates,0.0,0.0
1286,pallets_awaiting_gates,0.0,0.0
1287,pallets_awaiting_gates,0.0,0.0
1288,pallets_awaiting_gates,0.0,0.0
1289,pallets_awaiting_gates,0.0,0.0
1290,pallets_awaiting_gates,0.0,0.0
1291,pallets_awaiting_gates,0.0,0.0
1292,pallets_awaiting_gates,0.0,0.0
1293,pallets_awaiting_gates,0.0,0.0
1294,pallets_awaiting_gates,0.0,0.0
1295,pallets_awaiting_gates,0.0,0.0
1296,pallets_awaiting_gates,0.0,0.0
1297,pallets_awaiting_gates,0.0,0.0
1298,pallets_awaiting_gates,0.0,0.0
1299,pallets_awaiting_gates,0.0,0.0
1300,pallets_awaiting_gates,0.0,0.0
1301,pallets_awaiting_gates,0.5,1.0
1302,pallets_awaiting_gates,0.0,0.0
1303,pallets_awaiting_gates,0.0,0.0
1304,pallets_awaiting_gates,0.0,0.0
1305,pallets_awaiting_gates,0.0,0.0
1306,pallets_awaiting_gates,0.0,0.0
1307,pallets_awaiting_gates,0.0,0.0
1308,pallets_awaiting_gates,0.0,0.0
1309,pallets_awaiting_gates,0.0,0.0
1310,pallets_awaiting_gates,0.0,0.0
1311,pallets_awaiting_gates,0.0,0.0
1312,pallets_awaiting_gates,0.0,0.0
1313,pallets_awaiting_gates,0.0,0.0
1314,pallets_awaiting_gates,0.0,0.0
1315,pallets_awaiting_gates,0.5,1.0
1316,pallets_awaiting_gates,0.0,0.0
1317,pallets_awaiting_gates,2.5,3.0
1318,pallets_awaiting_gates,5.5,6.0
1319,pallets_awaiting_gates,8.0,9.0
1320,pallets_awaiting_gates,11.5,12.0
1321,pallets_awaiting_gates,14.0,15.0
1322,pallets_awaiting_gates,17.0,18.0
1323,pallets_awaiting_gates,20.5,21.0
1324,pallets_awaiting_gates,23.0,24.0
1325,pallets_awaiting_gates,25.5,26.0
1326,pallets_awaiting_gates,29.0,30.0
1327,pallets_awaiting_gates,32.0,33.0
1328,pallets_awaiting_gates,35.0,36.0
1329,pallets_awaiting_gates,37.5,38.0
1330,pallets_awaiting_gates,40.5,41.0
1331,pallets_awaiting_gates,43.5,44.0
1332,pallets_awaiting_gates,47.0,48.0
1333,pallets_awaiting_gates,50.0,51.0
1334,pallets_awaiting_gates,45.0,52.0
1335,pallets_awaiting_gates,24.0,39.0
1336,pallets_awaiting_gates,0.0,0.0
1337,pallets_awaiting_gates,0.0,0.0
1338,pallets_awaiting_gates,0.0,0.0
1339,pallets_awaiting_gates,0.0,0.0
1340,pallets_awaiting_gates,0.0,0.0
1341,pallets_awaiting_gates,0.0,0.0
1342,pallets_awaiting_gates,0.0,0.0
1343,pallets_awaiting_gates,0.0,0.0
1344,pallets_awaiting_gates,0.0,0.0
1345,pallets_awaiting_gates,0.0,0.0
1346,pallets_awaiting_gates,0.0,0.0
1347,pallets_awaiting_gates,0.0,0.0
1348,pallets_awaiting_gates,0.0,0.0
1349,pallets_awaiting_gates,0.0,0.0
1350,pallets_awaiting_gates,0.0,0.0
1351,pallets_awaiting_gates,0.0,0.0
1352,pallets_awaiting_gates,0.0,0.0
1353,pallets_awaiting_gates,0.0,0.0
1354,pallets_awaiting_gates,0.0,0.0
1355,pallets_awaiting_gates,0.0,0.0
1356,pallets_awaiting_gates,0.0,0.0
1357,pallets_awaiting_gates,0.0,0.0
1358,pallets_awaiting_gates,0.0,0.0
1359,pallets_awaiting_gates,0.5,1.0
1360,pallets_awaiting_gates,0.0,0.0
1361,pallets_awaiting_gates,0.0,0.0
1362,pallets_awaiting_gates,0.0,0.0
1363,pallets_awaiting_gates,0.0,0.0
1364,pallets_awaiting_gates,0.0,0.0
1365,pallets_awaiting_gates,0.0,0.0
1366,pallets_awaiting_gates,0.0,0.0
1367,pallets_awaiting_gates,0.0,0.0
1368,pallets_awaiting_gates,0.0,0.0
1369,pallets_awaiting_gates,0.0,0.0
1370,pallets_awaiting_gates,0.0,0.0
1371,pallets_awaiting_gates,0.0,0.0
1372,pallets_awaiting_gates,0.0,0.0
1373,pallets_awaiting_gates,0.0,0.0
1374,pallets_awaiting_gates,0.0,0.0
1375,pallets_awaiting_gates,0.0,0.0
1376,pallets_awaiting_gates,0.0,0.0
1377,pallets_awaiting_gates,0.0,0.0
1378,pallets_awaiting_gates,0.0,0.0
1379,pallets_awaiting_gates,0.0,0.0
1380,pallets_awaiting_gates,0.0,0.0
1381,pallets_awaiting_gates,0.0,0.0
1382,pallets_awaiting_gates,0.0,0.0
1383,pallets_awaiting_gates,0.0,0.0
1384,pallets_awaiting_gates,0.0,0.0
1385,pallets_awaiting_gates,0.0,0.0
1386,pallets_awaiting_gates,0.0,0.0
1387,pallets_awaiting_gates,0.0,0.0
1388,pallets_awaiting_gates,0.0,0.0
1389,pallets_awaiting_gates,0.0,0.0
1390,pallets_awaiting_gates,0.0,0.0
1391,pallets_awaiting_gates,0.0,0.0
1392,pallets_awaiting_gates,0.0,0.0
1393,pallets_awaiting_gates,0.0,0.0
1394,pallets_awaiting_gates,0.0,0.0
1395,pallets_awaiting_gates,0.0,0.0
1396,pallets_awaiting_gates,0.0,0.0
1397,pallets_awaiting_gates,0.0,0.0
1398,pallets_awaiting_gates,0.0,0.0
1399,pallets_awaiting_gates,0.0,0.0
1400,pallets_awaiting_gates,0.0,0.0
1401,pallets_awaiting_gates,0.0,0.0
1402,pallets_awaiting_gates,0.0,0.0
1403,pallets_awaiting_gates,0.0,0.0
1404,pallets_awaiting_gates,0.0,0.0
1405,pallets_awaiting_gates,0.0,0.0
1406,pallets_awaiting_gates,0.0,0.0
1407,pallets_awaiting_gates,0.0,0.0
1408,pallets_awaiting_gates,0.0,0.0
1409,pallets_awaiting_gates,0.0,0.0
1410,pallets_awaiting_gates,0.0,0.0
1411,pallets_awaiting_gates,0.0,0.0
1412,pallets_awaiting_gates,0.0,0.0
1413,pallets_awaiting_gates,0.0,0.0
1414,pallets_awaiting_gates,0.0,0.0
1415,pallets_awaiting_gates,0.0,0.0
1416,pallets_awaiting_gates,0.0,0.0
1417,pallets_awaiting_gates,0.0,0.0
1418,pallets_awaiting_gates,0.0,0.0
1419,pallets_awaiting_gates,0.0,0.0
1420,pallets_awaiting_gates,0.0,0.0
1421,pallets_awaiting_gates,0.0,0.0
1422,pallets_awaiting_gates,0.0,0.0
1423,pallets_awaiting_gates,0.0,0.0
1424,pallets_awaiting_gates,0.0,0.0
1425,pallets_awaiting_gates,0.0,0.0
1426,pallets_awaiting_gates,0.0,0.0
1427,pallets_awaiting_gates,0.0,0.0
1428,pallets_awaiting_gates,0.0,0.0
1429,pallets_awaiting_gates,0.0,0.0
1430,pallets_awaiting_gates,0.0,0.0
1431,pallets_awaiting_gates,0.0,0.0
1432,pallets_awaiting_gates,0.0,0.0
1433,pallets_awaiting_gates,0.0,0.0
1434,pallets_awaiting_gates,0.0,0.0
1435,pallets_awaiting_gates,0.0,0.0
1436,pallets_awaiting_gates,0.0,0.0
1437,pallets_awaiting_gates,0.0,0.0
1438,pallets_awaiting_gates,0.0,0.0
1439,pallets_awaiting_gates,0.0,0.0
0,receiving_buffer_pallets,0.0,0.0
1,receiving_buffer_pallets,0.0,0.0
2,receiving_buffer_pallets,0.0,0.0
3,receiving_buffer_pallets,0.0,0.0
4,receiving_buffer_pallets,0.0,0.0
5,receiving_buffer_pallets,0.0,0.0
6,receiving_buffer_pallets,0.0,0.0
7,receiving_buffer_pallets,0.0,0.0
8,receiving_buffer_pallets,0.0,0.0
9,receiving_buffer_pallets,0.0,0.0
10,receiving_buffer_pallets,0.0,0.0
11,receiving_buffer_pallets,0.0,0.0
12,receiving_buffer_pallets,0.0,0.0
13,receiving_buffer_pallets,0.0,0.0
14,receiving_buffer_pallets,0.0,0.0
15,receiving_buffer_pallets,0.0,0.0
16,receiving_buffer_pallets,0.0,0.0
17,receiving_buffer_pallets,0.0,0.0
18,receiving_buffer_pallets,0.0,0.0
19,receiving_buffer_pallets,0.0,0.0
20,receiving_buffer_pallets,0.0,0.0
21,receiving_buffer_pallets,0.0,0.0
22,receiving_buffer_pallets,0.0,0.0
23,receiving_buffer_pallets,0.0,0.0
24,receiving_buffer_pallets,0.0,0.0
25,receiving_buffer_pallets,0.0,0.0
26,receiving_buffer_pallets,0.0,0.0
27,receiving_buffer_pallets,0.0,0.0
28,receiving_buffer_pallets,0.0,0.0
29,receiving_buffer_pallets,0.0,0.0
30,receiving_buffer_pallets,0.0,0.0
31,receiving_buffer_pallets,0.0,0.0
32,receiving_buffer_pallets,0.0,0.0
33,receiving_buffer_pallets,0.0,0.0
34,receiving_buffer_pallets,0.0,0.0
35,receiving_buffer_pallets,0.0,0.0
36,receiving_buffer_pallets,0.0,0.0
37,receiving_buffer_pallets,0.0,0.0
38,receiving_buffer_pallets,0.0,0.0
39,receiving_buffer_pallets,0.0,0.0
40,receiving_buffer_pallets,0.0,0.0
41,receiving_buffer_pallets,0.0,0.0
42,receiving_buffer_pallets,0.0,0.0
43,receiving_buffer_pallets,0.0,0.0
44,receiving_buffer_pallets,0.0,0.0
45,receiving_buffer_pallets,0.0,0.0
46,receiving_buffer_pallets,0.0,0.0
47,receiving_buffer_pallets,0.0,0.0
48,receiving_buffer_pallets,0.0,0.0
49,receiving_buffer_pallets,0.0,0.0
50,receiving_buffer_pallets,0.0,0.0
51,receiving_buffer_pallets,0.0,0.0
52,receiving_buffer_pallets,0.0,0.0
53,receiving_buffer_pallets,0.0,0.0
54,receiving_buffer_pallets,0.0,0.0
55,receiving_buffer_pallets,0.0,0.0
56,receiving_buffer_pallets,0.0,0.0
57,receiving_buffer_pallets,0.0,0.0
58,receiving_buffer_pallets,0.0,0.0
59,receiving_buffer_pallets,0.0,0.0
60,receiving_buffer_pallets,0.0,0.0
61,receiving_buffer_pallets,0.0,0.0
62,receiving_buffer_pallets,0.0,0.0
63,receiving_buffer_pallets,0.0,0.0
64,receiving_buffer_pallets,0.0,0.0
65,receiving_buffer_pallets,0.0,0.0
66,receiving_buffer_pallets,0.0,0.0
67,receiving_buffer_pallets,0.0,0.0
68,receiving_buffer_pallets,0.0,0.0
69,receiving_buffer_pallets,0.0,0.0
70,receiving_buffer_pallets,0.0,0.0
71,receiving_buffer_pallets,0.0,0.0
72,receiving_buffer_pallets,0.0,0.0
73,receiving_buffer_pallets,0.0,0.0
74,receiving_buffer_pallets,0.0,0.0
75,receiving_buffer_pallets,0.0,0.0
76,receiving_buffer_pallets,0.0,0.0
77,receiving_buffer_pallets,0.0,0.0
78,receiving_buffer_pallets,0.0,0.0
79,receiving_buffer_pallets,0.0,0.0
80,receiving_buffer_pallets,0.0,0.0
81,receiving_buffer_pallets,0.0,0.0
82,receiving_buffer_pallets,0.0,0.0
83,receiving_buffer_pallets,0.0,0.0
84,receiving_buffer_pallets,0.0,0.0
85,receiving_buffer_pallets,0.0,0.0
86,receiving_buffer_pallets,0.0,0.0
87,receiving_buffer_pallets,0.0,0.0
88,receiving_buffer_pallets,0.0,0.0
89,receiving_buffer_pallets,0.0,0.0
90,receiving_buffer_pallets,0.0,0.0
91,receiving_buffer_pallets,0.0,0.0
92,receiving_buffer_pallets,0.0,0.0
93,receiving_buffer_pallets,0.0,0.0
94,receiving_buffer_pallets,0.0,0.0
95,receiving_buffer_pallets,0.0,0.0
96,receiving_buffer_pallets,0.0,0.0
97,receiving_buffer_pallets,0.0,0.0
98,receiving_buffer_pallets,0.0,0.0
99,receiving_buffer_pallets,0.0,0.0
100,receiving_buffer_pallets,0.0,0.0
101,receiving_buffer_pallets,0.0,0.0
102,receiving_buffer_pallets,0.0,0.0
103,receiving_buffer_pallets,0.0,0.0
104,receiving_buffer_pallets,0.0,0.0
105,receiving_buffer_pallets,0.0,0.0
106,receiving_buffer_pallets,0.0,0.0
107,receiving_buffer_pallets,0.0,0.0
108,receiving_buffer_pallets,0.0,0.0
109,receiving_buffer_pallets,0.0,0.0
110,receiving_buffer_pallets,0.0,0.0
111,receiving_buffer_pallets,0.0,0.0
112,receiving_buffer_pallets,0.0,0.0
113,receiving_buffer_pallets,0.0,0.0
114,receiving_buffer_pallets,0.0,0.0
115,receiving_buffer_pallets,0.0,0.0
116,receiving_buffer_pallets,0.0,0.0
117,receiving_buffer_pallets,0.0,0.0
118,receiving_buffer_pallets,0.0,0.0
119,receiving_buffer_pallets,0.0,0.0
120,receiving_buffer_pallets,0.0,0.0
121,receiving_buffer_pallets,0.0,0.0
122,receiving_buffer_pallets,0.0,0.0
123,receiving_buffer_pallets,0.0,0.0
124,receiving_buffer_pallets,0.0,0.0
125,receiving_buffer_pallets,0.0,0.0
126,receiving_buffer_pallets,0.0,0.0
127,receiving_buffer_pallets,0.0,0.0
128,receiving_buffer_pallets,0.0,0.0
129,receiving_buffer_pallets,0.0,0.0
130,receiving_buffer_pallets,0.0,0.0
131,receiving_buffer_pallets,0.0,0.0
132,receiving_buffer_pallets,0.0,0.0
133,receiving_buffer_pallets,0.0,0.0
134,receiving_buffer_pallets,0.0,0.0
135,receiving_buffer_pallets,0.0,0.0
136,receiving_buffer_pallets,0.0,0.0
137,receiving_buffer_pallets,0.0,0.0
138,receiving_buffer_pallets,0.0,0.0
139,receiving_buffer_pallets,0.0,0.0
140,receiving_buffer_pallets,0.0,0.0
141,receiving_buffer_pallets,0.0,0.0
142,receiving_buffer_pallets,0.0,0.0
143,receiving_buffer_pallets,0.0,0.0
144,receiving_buffer_pallets,0.0,0.0
145,receiving_buffer_pallets,0.0,0.0
146,receiving_buffer_pallets,0.0,0.0
147,receiving_buffer_pallets,0.0,0.0
148,receiving_buffer_pallets,0.0,0.0
149,receiving_buffer_pallets,0.0,0.0
150,receiving_buffer_pallets,0.0,0.0
151,receiving_buffer_pallets,0.0,0.0
152,receiving_buffer_pallets,0.0,0.0
153,receiving_buffer_pallets,0.0,0.0
154,receiving_buffer_pallets,0.0,0.0
155,receiving_buffer_pallets,0.0,0.0
156,receiving_buffer_pallets,0.0,0.0
157,receiving_buffer_pallets,0.0,0.0
158,receiving_buffer_pallets,0.0,0.0
159,receiving_buffer_pallets,0.0,0.0
160,receiving_buffer_pallets,0.0,0.0
161,receiving_buffer_pallets,0.0,0.0
162,receiving_buffer_pallets,0.0,0.0
163,receiving_buffer_pallets,0.0,0.0
164,receiving_buffer_pallets,0.0,0.0
165,receiving_buffer_pallets,0.0,0.0
166,receiving_buffer_pallets,0.0,0.0
167,receiving_buffer_pallets,0.0,0.0
168,receiving_buffer_pallets,0.0,0.0
169,receiving_buffer_pallets,0.0,0.0
170,receiving_buffer_pallets,0.0,0.0
171,receiving_buffer_pallets,0.0,0.0
172,receiving_buffer_pallets,0.0,0.0
173,receiving_buffer_pallets,0.0,0.0
174,receiving_buffer_pallets,0.0,0.0
175,receiving_buffer_pallets,0.0,0.0
176,receiving_buffer_pallets,0.0,0.0
177,receiving_buffer_pallets,0.0,0.0
178,receiving_buffer_pallets,0.0,0.0
179,receiving_buffer_pallets,0.0,0.0
180,receiving_buffer_pallets,0.0,0.0
181,receiving_buffer_pallets,0.0,0.0
182,receiving_buffer_pallets,0.0,0.0
183,receiving_buffer_pallets,0.0,0.0
184,receiving_buffer_pallets,0.0,0.0
185,receiving_buffer_pallets,0.0,0.0
186,receiving_buffer_pallets,0.0,0.0
187,receiving_buffer_pallets,0.0,0.0
188,receiving_buffer_pallets,0.0,0.0
189,receiving_buffer_pallets,0.0,0.0
190,receiving_buffer_pallets,0.0,0.0
191,receiving_buffer_pallets,0.0,0.0
192,receiving_buffer_pallets,0.0,0.0
193,receiving_buffer_pallets,0.0,0.0
194,receiving_buffer_pallets,0.0,0.0
195,receiving_buffer_pallets,0.0,0.0
196,receiving_buffer_pallets,0.0,0.0
197,receiving_buffer_pallets,0.0,0.0
198,receiving_buffer_pallets,0.0,0.0
199,receiving_buffer_pallets,0.0,0.0
200,receiving_buffer_pallets,0.0,0.0
201,receiving_buffer_pallets,0.0,0.0
202,receiving_buffer_pallets,0.0,0.0
203,receiving_buffer_pallets,0.0,0.0
204,receiving_buffer_pallets,0.0,0.0
205,receiving_buffer_pallets,0.0,0.0
206,receiving_buffer_pallets,0.0,0.0
207,receiving_buffer_pallets,0.0,0.0
208,receiving_buffer_pallets,0.0,0.0
209,receiving_buffer_pallets,0.0,0.0
210,receiving_buffer_pallets,0.0,0.0
211,receiving_buffer_pallets,0.0,0.0
212,receiving_buffer_pallets,0.0,0.0
213,receiving_buffer_pallets,0.0,0.0
214,receiving_buffer_pallets,0.0,0.0
215,receiving_buffer_pallets,0.0,0.0
216,receiving_buffer_pallets,0.0,0.0
217,receiving_buffer_pallets,0.0,0.0
218,receiving_buffer_pallets,0.0,0.0
219,receiving_buffer_pallets,0.0,0.0
220,receiving_buffer_pallets,0.0,0.0
221,receiving_buffer_pallets,0.0,0.0
222,receiving_buffer_pallets,0.0,0.0
223,receiving_buffer_pallets,0.0,0.0
224,receiving_buffer_pallets,0.0,0.0
225,receiving_buffer_pallets,0.0,0.0
226,receiving_buffer_pallets,0.0,0.0
227,receiving_buffer_pallets,0.0,0.0
228,receiving_buffer_pallets,0.0,0.0
229,receiving_buffer_pallets,0.0,0.0
230,receiving_buffer_pallets,0.0,0.0
231,receiving_buffer_pallets,0.0,0.0
232,receiving_buffer_pallets,0.0,0.0
233,receiving_buffer_pallets,0.0,0.0
234,receiving_buffer_pallets,0.0,0.0
235,receiving_buffer_pallets,0.0,0.0
236,receiving_buffer_pallets,0.0,0.0
237,receiving_buffer_pallets,0.0,0.0
238,receiving_buffer_pallets,0.0,0.0
239,receiving_buffer_pallets,0.0,0.0
240,receiving_buffer_pallets,0.0,0.0
241,receiving_buffer_pallets,0.0,0.0
242,receiving_buffer_pallets,0.0,0.0
243,receiving_buffer_pallets,0.0,0.0
244,receiving_buffer_pallets,0.0,0.0
245,receiving_buffer_pallets,0.0,0.0
246,receiving_buffer_pallets,0.0,0.0
247,receiving_buffer_pallets,0.0,0.0
248,receiving_buffer_pallets,0.0,0.0
249,receiving_buffer_pallets,0.0,0.0
250,receiving_buffer_pallets,0.0,0.0
251,receiving_buffer_pallets,0.0,0.0
252,receiving_buffer_pallets,0.0,0.0
253,receiving_buffer_pallets,0.0,0.0
254,receiving_buffer_pallets,0.0,0.0
255,receiving_buffer_pallets,0.0,0.0
256,receiving_buffer_pallets,0.0,0.0
257,receiving_buffer_pallets,0.0,0.0
258,receiving_buffer_pallets,0.0,0.0
259,receiving_buffer_pallets,0.0,0.0
260,receiving_buffer_pallets,0.0,0.0
261,receiving_buffer_pallets,0.0,0.0
262,receiving_buffer_pallets,0.0,0.0
263,receiving_buffer_pallets,0.0,0.0
264,receiving_buffer_pallets,0.0,0.0
265,receiving_buffer_pallets,0.0,0.0
266,receiving_buffer_pallets,0.0,0.0
267,receiving_buffer_pallets,0.0,0.0
268,receiving_buffer_pallets,0.0,0.0
269,receiving_buffer_pallets,0.0,0.0
270,receiving_buffer_pallets,0.0,0.0
271,receiving_buffer_pallets,0.0,0.0
272,receiving_buffer_pallets,0.0,0.0
273,receiving_buffer_pallets,0.0,0.0
274,receiving_buffer_pallets,0.0,0.0
275,receiving_buffer_pallets,0.0,0.0
276,receiving_buffer_pallets,0.0,0.0
277,receiving_buffer_pallets,0.0,0.0
278,receiving_buffer_pallets,0.0,0.0
279,receiving_buffer_pallets,0.0,0.0
280,receiving_buffer_pallets,0.0,0.0
281,receiving_buffer_pallets,0.0,0.0
282,receiving_buffer_pallets,0.0,0.0
283,receiving_buffer_pallets,0.0,0.0
284,receiving_buffer_pallets,0.0,0.0
285,receiving_buffer_pallets,0.0,0.0
286,receiving_buffer_pallets,0.0,0.0
287,receiving_buffer_pallets,0.0,0.0
288,receiving_buffer_pallets,0.0,0.0
289,receiving_buffer_pallets,0.0,0.0
290,receiving_buffer_pallets,0.0,0.0
291,receiving_buffer_pallets,0.0,0.0
292,receiving_buffer_pallets,0.0,0.0
293,receiving_buffer_pallets,0.0,0.0
294,receiving_buffer_pallets,0.0,0.0
295,receiving_buffer_pallets,0.0,0.0
296,receiving_buffer_pallets,0.0,0.0
297,receiving_buffer_pallets,0.0,0.0
298,receiving_buffer_pallets,0.0,0.0
299,receiving_buffer_pallets,0.0,0.0
300,receiving_buffer_pallets,0.0,0.0
301,receiving_buffer_pallets,0.0,0.0
302,receiving_buffer_pallets,0.0,0.0
303,receiving_buffer_pallets,0.0,0.0
304,receiving_buffer_pallets,0.0,0.0
305,receiving_buffer_pallets,0.0,0.0
306,receiving_buffer_pallets,0.0,0.0
307,receiving_buffer_pallets,0.0,0.0
308,receiving_buffer_pallets,0.0,0.0
309,receiving_buffer_pallets,0.0,0.0
310,receiving_buffer_pallets,0.0,0.0
311,receiving_buffer_pallets,0.0,0.0
312,receiving_buffer_pallets,0.0,0.0
313,receiving_buffer_pallets,0.0,0.0
314,receiving_buffer_pallets,0.0,0.0
315,receiving_buffer_pallets,0.0,0.0
316,receiving_buffer_pallets,0.0,0.0
317,receiving_buffer_pallets,0.0,0.0
318,receiving_buffer_pallets,0.0,0.0
319,receiving_buffer_pallets,0.0,0.0
320,receiving_buffer_pallets,0.0,0.0
321,receiving_buffer_pallets,0.0,0.0
322,receiving_buffer_pallets,0.0,0.0
323,receiving_buffer_pallets,0.0,0.0
324,receiving_buffer_pallets,0.0,0.0
325,receiving_buffer_pallets,0.0,0.0
326,receiving_buffer_pallets,0.0,0.0
327,receiving_buffer_pallets,0.0,0.0
328,receiving_buffer_pallets,0.0,0.0
329,receiving_buffer_pallets,0.0,0.0
330,receiving_buffer_pallets,0.0,0.0
331,receiving_buffer_pallets,0.0,0.0
332,receiving_buffer_pallets,0.0,0.0
333,receiving_buffer_pallets,0.0,0.0
334,receiving_buffer_pallets,0.0,0.0
335,receiving_buffer_pallets,0.0,0.0
336,receiving_buffer_pallets,0.0,0.0
337,receiving_buffer_pallets,0.0,0.0
338,receiving_buffer_pallets,0.0,0.0
339,receiving_buffer_pallets,0.0,0.0
340,receiving_buffer_pallets,0.0,0.0
341,receiving_buffer_pallets,0.0,0.0
342,receiving_buffer_pallets,0.0,0.0
343,receiving_buffer_pallets,0.0,0.0
344,receiving_buffer_pallets,0.0,0.0
345,receiving_buffer_pallets,0.0,0.0
346,receiving_buffer_pallets,0.0,0.0
347,receiving_buffer_pallets,0.0,0.0
348,receiving_buffer_pallets,0.0,0.0
349,receiving_buffer_pallets,0.0,0.0
350,receiving_buffer_pallets,0.0,0.0
351,receiving_buffer_pallets,0.0,0.0
352,receiving_buffer_pallets,0.0,0.0
353,receiving_buffer_pallets,0.0,0.0
354,receiving_buffer_pallets,0.0,0.0
355,receiving_buffer_pallets,0.0,0.0
356,receiving_buffer_pallets,0.0,0.0
357,receiving_buffer_pallets,0.0,0.0
358,receiving_buffer_pallets,0.0,0.0
359,receiving_buffer_pallets,0.0,0.0
360,receiving_buffer_pallets,0.0,0.0
361,receiving_buffer_pallets,0.0,0.0
362,receiving_buffer_pallets,0.0,0.0
363,receiving_buffer_pallets,0.0,0.0
364,receiving_buffer_pallets,0.0,0.0
365,receiving_buffer_pallets,0.0,0.0
366,receiving_buffer_pallets,0.0,0.0
367,receiving_buffer_pallets,0.0,0.0
368,receiving_buffer_pallets,0.0,0.0
369,receiving_buffer_pallets,0.0,0.0
370,receiving_buffer_pallets,0.0,0.0
371,receiving_buffer_pallets,0.0,0.0
372,receiving_buffer_pallets,0.0,0.0
373,receiving_buffer_pallets,0.0,0.0
374,receiving_buffer_pallets,0.0,0.0
375,receiving_buffer_pallets,0.0,0.0
376,receiving_buffer_pallets,0.0,0.0
377,receiving_buffer_pallets,0.0,0.0
378,receiving_buffer_pallets,0.0,0.0
379,receiving_buffer_pallets,0.0,0.0
380,receiving_buffer_pallets,0.0,0.0
381,receiving_buffer_pallets,0.0,0.0
382,receiving_buffer_pallets,0.0,0.0
383,receiving_buffer_pallets,0.0,0.0
384,receiving_buffer_pallets,0.0,0.0
385,receiving_buffer_pallets,0.0,0.0
386,receiving_buffer_pallets,0.0,0.0
387,receiving_buffer_pallets,0.0,0.0
388,receiving_buffer_pallets,0.0,0.0
389,receiving_buffer_pallets,0.0,0.0
390,receiving_buffer_pallets,0.0,0.0
391,receiving_buffer_pallets,0.0,0.0
392,receiving_buffer_pallets,0.0,0.0
393,receiving_buffer_pallets,0.0,0.0
394,receiving_buffer_pallets,0.0,0.0
395,receiving_buffer_pallets,0.0,0.0
396,receiving_buffer_pallets,0.0,0.0
397,receiving_buffer_pallets,0.0,0.0
398,receiving_buffer_pallets,0.0,0.0
399,receiving_buffer_pallets,0.0,0.0
400,receiving_buffer_pallets,0.0,0.0
401,receiving_buffer_pallets,0.0,0.0
402,receiving_buffer_pallets,0.0,0.0
403,receiving_buffer_pallets,0.0,0.0
404,receiving_buffer_pallets,0.0,0.0
405,receiving_buffer_pallets,0.0,0.0
406,receiving_buffer_pallets,0.0,0.0
407,receiving_buffer_pallets,0.0,0.0
408,receiving_buffer_pallets,0.0,0.0
409,receiving_buffer_pallets,0.0,0.0
410,receiving_buffer_pallets,0.0,0.0
411,receiving_buffer_pallets,0.0,0.0
412,receiving_buffer_pallets,0.0,0.0
413,receiving_buffer_pallets,0.0,0.0
414,receiving_buffer_pallets,0.0,0.0
415,receiving_buffer_pallets,0.0,0.0
416,receiving_buffer_pallets,0.0,0.0
417,receiving_buffer_pallets,0.0,0.0
418,receiving_buffer_pallets,0.0,0.0
419,receiving_buffer_pallets,0.0,0.0
420,receiving_buffer_pallets,0.0,0.0
421,receiving_buffer_pallets,0.0,0.0
422,receiving_buffer_pallets,0.0,0.0
423,receiving_buffer_pallets,0.0,0.0
424,receiving_buffer_pallets,0.0,0.0
425,receiving_buffer_pallets,0.0,0.0
426,receiving_buffer_pallets,0.0,0.0
427,receiving_buffer_pallets,0.0,0.0
428,receiving_buffer_pallets,0.0,0.0
429,receiving_buffer_pallets,0.0,0.0
430,receiving_buffer_pallets,0.0,0.0
431,receiving_buffer_pallets,0.0,0.0
432,receiving_buffer_pallets,0.0,0.0
433,receiving_buffer_pallets,0.0,0.0
434,receiving_buffer_pallets,0.0,0.0
435,receiving_buffer_pallets,0.0,0.0
436,receiving_buffer_pallets,0.0,0.0
437,receiving_buffer_pallets,0.0,0.0
438,receiving_buffer_pallets,0.0,0.0
439,receiving_buffer_pallets,0.0,0.0
440,receiving_buffer_pallets,0.0,0.0
441,receiving_buffer_pallets,0.0,0.0
442,receiving_buffer_pallets,0.0,0.0
443,receiving_buffer_pallets,0.0,0.0
444,receiving_buffer_pallets,0.0,0.0
445,receiving_buffer_pallets,0.0,0.0
446,receiving_buffer_pallets,0.0,0.0
447,receiving_buffer_pallets,0.0,0.0
448,receiving_buffer_pallets,0.0,0.0
449,receiving_buffer_pallets,0.0,0.0
450,receiving_buffer_pallets,0.0,0.0
451,receiving_buffer_pallets,0.0,0.0
452,receiving_buffer_pallets,0.0,0.0
453,receiving_buffer_pallets,0.0,0.0
454,receiving_buffer_pallets,0.0,0.0
455,receiving_buffer_pallets,0.0,0.0
456,receiving_buffer_pallets,0.0,0.0
457,receiving_buffer_pallets,0.0,0.0
458,receiving_buffer_pallets,0.0,0.0
459,receiving_buffer_pallets,0.0,0.0
460,receiving_buffer_pallets,0.0,0.0
461,receiving_buffer_pallets,0.0,0.0
462,receiving_buffer_pallets,0.0,0.0
463,receiving_buffer_pallets,0.0,0.0
464,receiving_buffer_pallets,0.0,0.0
465,receiving_buffer_pallets,0.0,0.0
466,receiving_buffer_pallets,0.0,0.0
467,receiving_buffer_pallets,0.0,0.0
468,receiving_buffer_pallets,0.0,0.0
469,receiving_buffer_pallets,0.0,0.0
470,receiving_buffer_pallets,0.0,0.0
471,receiving_buffer_pallets,0.0,0.0
472,receiving_buffer_pallets,0.0,0.0
473,receiving_buffer_pallets,0.0,0.0
474,receiving_buffer_pallets,0.0,0.0
475,receiving_buffer_pallets,0.0,0.0
476,receiving_buffer_pallets,0.0,0.0
477,receiving_buffer_pallets,0.0,0.0
478,receiving_buffer_pallets,0.0,0.0
479,receiving_buffer_pallets,0.0,0.0
480,receiving_buffer_pallets,0.0,0.0
481,receiving_buffer_pallets,0.0,0.0
482,receiving_buffer_pallets,0.0,0.0
483,receiving_buffer_pallets,0.0,0.0
484,receiving_buffer_pallets,0.0,0.0
485,receiving_buffer_pallets,0.0,0.0
486,receiving_buffer_pallets,0.0,0.0
487,receiving_buffer_pallets,0.0,0.0
488,receiving_buffer_pallets,0.0,0.0
489,receiving_buffer_pallets,0.0,0.0
490,receiving_buffer_pallets,0.0,0.0
491,receiving_buffer_pallets,0.0,0.0
492,receiving_buffer_pallets,0.0,0.0
493,receiving_buffer_pallets,0.0,0.0
494,receiving_buffer_pallets,0.0,0.0
495,receiving_buffer_pallets,0.0,0.0
496,receiving_buffer_pallets,0.0,0.0
497,receiving_buffer_pallets,0.0,0.0
498,receiving_buffer_pallets,0.0,0.0
499,receiving_buffer_pallets,0.0,0.0
500,receiving_buffer_pallets,0.0,0.0
501,receiving_buffer_pallets,0.0,0.0
502,receiving_buffer_pallets,0.0,0.0
503,receiving_buffer_pallets,0.0,0.0
504,receiving_buffer_pallets,0.0,0.0
505,receiving_buffer_pallets,0.0,0.0
506,receiving_buffer_pallets,0.0,0.0
507,receiving_buffer_pallets,0.0,0.0
508,receiving_buffer_pallets,0.0,0.0
509,receiving_buffer_pallets,0.0,0.0
510,receiving_buffer_pallets,0.0,0.0
511,receiving_buffer_pallets,0.0,0.0
512,receiving_buffer_pallets,0.0,0.0
513,receiving_buffer_pallets,0.0,0.0
514,receiving_buffer_pallets,0.0,0.0
515,receiving_buffer_pallets,0.0,0.0
516,receiving_buffer_pallets,0.0,0.0
517,receiving_buffer_pallets,0.0,0.0
518,receiving_buffer_pallets,0.0,0.0
519,receiving_buffer_pallets,0.0,0.0
520,receiving_buffer_pallets,0.0,0.0
521,receiving_buffer_pallets,0.0,0.0
522,receiving_buffer_pallets,0.0,0.0
523,receiving_buffer_pallets,0.0,0.0
524,receiving_buffer_pallets,0.0,0.0
525,receiving_buffer_pallets,0.0,0.0
526,receiving_buffer_pallets,0.0,0.0
527,receiving_buffer_pallets,0.0,0.0
528,receiving_buffer_pallets,0.0,0.0
529,receiving_buffer_pallets,0.0,0.0
530,receiving_buffer_pallets,0.0,0.0
531,receiving_buffer_pallets,0.0,0.0
532,receiving_buffer_pallets,0.0,0.0
533,receiving_buffer_pallets,0.0,0.0
534,receiving_buffer_pallets,0.0,0.0
535,receiving_buffer_pallets,0.0,0.0
536,receiving_buffer_pallets,0.0,0.0
537,receiving_buffer_pallets,0.0,0.0
538,receiving_buffer_pallets,0.0,0.0
539,receiving_buffer_pallets,0.0,0.0
540,receiving_buffer_pallets,0.0,0.0
541,receiving_buffer_pallets,0.0,0.0
542,receiving_buffer_pallets,0.0,0.0
543,receiving_buffer_pallets,0.0,0.0
544,receiving_buffer_pallets,0.0,0.0
545,receiving_buffer_pallets,0.0,0.0
546,receiving_buffer_pallets,0.0,0.0
547,receiving_buffer_pallets,0.0,0.0
548,receiving_buffer_pallets,0.0,0.0
549,receiving_buffer_pallets,0.0,0.0
550,receiving_buffer_pallets,0.0,0.0
551,receiving_buffer_pallets,0.0,0.0
552,receiving_buffer_pallets,0.0,0.0
553,receiving_buffer_pallets,0.0,0.0
554,receiving_buffer_pallets,0.0,0.0
555,receiving_buffer_pallets,0.0,0.0
556,receiving_buffer_pallets,0.0,0.0
557,receiving_buffer_pallets,0.0,0.0
558,receiving_buffer_pallets,0.0,0.0
559,receiving_buffer_pallets,0.0,0.0
560,receiving_buffer_pallets,0.0,0.0
561,receiving_buffer_pallets,0.0,0.0
562,receiving_buffer_pallets,0.0,0.0
563,receiving_buffer_pallets,0.0,0.0
564,receiving_buffer_pallets,0.0,0.0
565,receiving_buffer_pallets,0.0,0.0
566,receiving_buffer_pallets,0.0,0.0
567,receiving_buffer_pallets,0.0,0.0
568,receiving_buffer_pallets,0.0,0.0
569,receiving_buffer_pallets,0.0,0.0
570,receiving_buffer_pallets,0.0,0.0
571,receiving_buffer_pallets,0.0,0.0
572,receiving_buffer_pallets,0.0,0.0
573,receiving_buffer_pallets,0.0,0.0
574,receiving_buffer_pallets,0.0,0.0
575,receiving_buffer_pallets,0.0,0.0
576,receiving_buffer_pallets,0.0,0.0
577,receiving_buffer_pallets,0.0,0.0
578,receiving_buffer_pallets,0.0,0.0
579,receiving_buffer_pallets,0.0,0.0
580,receiving_buffer_pallets,0.0,0.0
581,receiving_buffer_pallets,0.0,0.0
582,receiving_buffer_pallets,0.0,0.0
583,receiving_buffer_pallets,0.0,0.0
584,receiving_buffer_pallets,0.0,0.0
585,receiving_buffer_pallets,0.0,0.0
586,receiving_buffer_pallets,0.0,0.0
587,receiving_buffer_pallets,0.0,0.0
588,receiving_buffer_pallets,0.0,0.0
589,receiving_buffer_pallets,0.0,0.0
590,receiving_buffer_pallets,0.0,0.0
591,receiving_buffer_pallets,0.0,0.0
592,receiving_buffer_pallets,0.0,0.0
593,receiving_buffer_pallets,0.0,0.0
594,receiving_buffer_pallets,0.0,0.0
595,receiving_buffer_pallets,0.0,0.0
596,receiving_buffer_pallets,0.0,0.0
597,receiving_buffer_pallets,0.0,0.0
598,receiving_buffer_pallets,0.0,0.0
599,receiving_buffer_pallets,0.0,0.0
600,receiving_buffer_pallets,0.0,0.0
601,receiving_buffer_pallets,0.0,0.0
602,receiving_buffer_pallets,0.0,0.0
603,receiving_buffer_pallets,0.0,0.0
604,receiving_buffer_pallets,0.0,0.0
605,receiving_buffer_pallets,0.0,0.0
606,receiving_buffer_pallets,0.0,0.0
607,receiving_buffer_pallets,0.0,0.0
608,receiving_buffer_pallets,0.0,0.0
609,receiving_buffer_pallets,0.0,0.0
610,receiving_buffer_pallets,0.0,0.0
611,receiving_buffer_pallets,0.0,0.0
612,receiving_buffer_pallets,0.0,0.0
613,receiving_buffer_pallets,0.0,0.0
614,receiving_buffer_pallets,0.0,0.0
615,receiving_buffer_pallets,0.0,0.0
616,receiving_buffer_pallets,0.0,0.0
617,receiving_buffer_pallets,0.0,0.0
618,receiving_buffer_pallets,0.0,0.0
619,receiving_buffer_pallets,0.0,0.0
620,receiving_buffer_pallets,0.0,0.0
621,receiving_buffer_pallets,0.0,0.0
622,receiving_buffer_pallets,0.0,0.0
623,receiving_buffer_pallets,0.0,0.0
624,receiving_buffer_pallets,0.0,0.0
625,receiving_buffer_pallets,0.0,0.0
626,receiving_buffer_pallets,0.0,0.0
627,receiving_buffer_pallets,0.0,0.0
628,receiving_buffer_pallets,0.0,0.0
629,receiving_buffer_pallets,0.0,0.0
630,receiving_buffer_pallets,0.0,0.0
631,receiving_buffer_pallets,0.0,0.0
632,receiving_buffer_pallets,0.0,0.0
633,receiving_buffer_pallets,0.0,0.0
634,receiving_buffer_pallets,0.0,0.0
635,receiving_buffer_pallets,0.0,0.0
636,receiving_buffer_pallets,0.0,0.0
637,receiving_buffer_pallets,0.0,0.0
638,receiving_buffer_pallets,0.0,0.0
639,receiving_buffer_pallets,0.0,0.0
640,receiving_buffer_pallets,0.0,0.0
641,receiving_buffer_pallets,0.0,0.0
642,receiving_buffer_pallets,0.0,0.0
643,receiving_buffer_pallets,0.0,0.0
644,receiving_buffer_pallets,0.0,0.0
645,receiving_buffer_pallets,0.0,0.0
646,receiving_buffer_pallets,0.0,0.0
647,receiving_buffer_pallets,0.0,0.0
648,receiving_buffer_pallets,0.0,0.0
649,receiving_buffer_pallets,0.0,0.0
650,receiving_buffer_pallets,0.0,0.0
651,receiving_buffer_pallets,0.0,0.0
652,receiving_buffer_pallets,0.0,0.0
653,receiving_buffer_pallets,0.0,0.0
654,receiving_buffer_pallets,0.0,0.0
655,receiving_buffer_pallets,0.0,0.0
656,receiving_buffer_pallets,0.0,0.0
657,receiving_buffer_pallets,0.0,0.0
658,receiving_buffer_pallets,0.0,0.0
659,receiving_buffer_pallets,0.0,0.0
660,receiving_buffer_pallets,0.0,0.0
661,receiving_buffer_pallets,0.0,0.0
662,receiving_buffer_pallets,0.0,0.0
663,receiving_buffer_pallets,0.0,0.0
664,receiving_buffer_pallets,0.0,0.0
665,receiving_buffer_pallets,0.0,0.0
666,receiving_buffer_pallets,0.0,0.0
667,receiving_buffer_pallets,0.0,0.0
668,receiving_buffer_pallets,0.0,0.0
669,receiving_buffer_pallets,0.0,0.0
670,receiving_buffer_pallets,0.0,0.0
671,receiving_buffer_pallets,0.0,0.0
672,receiving_buffer_pallets,0.0,0.0
673,receiving_buffer_pallets,0.0,0.0
674,receiving_buffer_pallets,0.0,0.0
675,receiving_buffer_pallets,0.0,0.0
676,receiving_buffer_pallets,0.0,0.0
677,receiving_buffer_pallets,0.0,0.0
678,receiving_buffer_pallets,0.0,0.0
679,receiving_buffer_pallets,0.0,0.0
680,receiving_buffer_pallets,0.0,0.0
681,receiving_buffer_pallets,0.0,0.0
682,receiving_buffer_pallets,0.0,0.0
683,receiving_buffer_pallets,0.0,0.0
684,receiving_buffer_pallets,0.0,0.0
685,receiving_buffer_pallets,0.0,0.0
686,receiving_buffer_pallets,0.0,0.0
687,receiving_buffer_pallets,0.0,0.0
688,receiving_buffer_pallets,0.0,0.0
689,receiving_buffer_pallets,0.0,0.0
690,receiving_buffer_pallets,0.0,0.0
691,receiving_buffer_pallets,0.0,0.0
692,receiving_buffer_pallets,0.0,0.0
693,receiving_buffer_pallets,0.0,0.0
694,receiving_buffer_pallets,0.0,0.0
695,receiving_buffer_pallets,0.0,0.0
696,receiving_buffer_pallets,0.0,0.0
697,receiving_buffer_pallets,0.0,0.0
698,receiving_buffer_pallets,0.0,0.0
699,receiving_buffer_pallets,0.0,0.0
700,receiving_buffer_pallets,0.0,0.0
701,receiving_buffer_pallets,0.0,0.0
702,receiving_buffer_pallets,0.0,0.0
703,receiving_buffer_pallets,0.0,0.0
704,receiving_buffer_pallets,0.0,0.0
705,receiving_buffer_pallets,0.0,0.0
706,receiving_buffer_pallets,0.0,0.0
707,receiving_buffer_pallets,0.0,0.0
708,receiving_buffer_pallets,0.0,0.0
709,receiving_buffer_pallets,0.0,0.0
710,receiving_buffer_pallets,0.0,0.0
711,receiving_buffer_pallets,0.0,0.0
712,receiving_buffer_pallets,0.0,0.0
713,receiving_buffer_pallets,0.0,0.0
714,receiving_buffer_pallets,0.0,0.0
715,receiving_buffer_pallets,0.0,0.0
716,receiving_buffer_pallets,0.0,0.0
717,receiving_buffer_pallets,0.0,0.0
718,receiving_buffer_pallets,0.0,0.0
719,receiving_buffer_pallets,0.0,0.0
720,receiving_buffer_pallets,0.0,0.0
721,receiving_buffer_pallets,0.0,0.0
722,receiving_buffer_pallets,0.0,0.0
723,receiving_buffer_pallets,0.0,0.0
724,receiving_buffer_pallets,0.0,0.0
725,receiving_buffer_pallets,0.0,0.0
726,receiving_buffer_pallets,0.0,0.0
727,receiving_buffer_pallets,0.0,0.0
728,receiving_buffer_pallets,0.0,0.0
729,receiving_buffer_pallets,0.0,0.0
730,receiving_buffer_pallets,0.0,0.0
731,receiving_buffer_pallets,0.0,0.0
732,receiving_buffer_pallets,0.0,0.0
733,receiving_buffer_pallets,0.0,0.0
734,receiving_buffer_pallets,0.0,0.0
735,receiving_buffer_pallets,0.0,0.0
736,receiving_buffer_pallets,0.0,0.0
737,receiving_buffer_pallets,0.0,0.0
738,receiving_buffer_pallets,0.0,0.0
739,receiving_buffer_pallets,0.0,0.0
740,receiving_buffer_pallets,0.0,0.0
741,receiving_buffer_pallets,0.0,0.0
742,receiving_buffer_pallets,0.0,0.0
743,receiving_buffer_pallets,0.0,0.0
744,receiving_buffer_pallets,0.0,0.0
745,receiving_buffer_pallets,0.0,0.0
746,receiving_buffer_pallets,0.0,0.0
747,receiving_buffer_pallets,0.0,0.0
748,receiving_buffer_pallets,0.0,0.0
749,receiving_buffer_pallets,0.0,0.0
750,receiving_buffer_pallets,0.0,0.0
751,receiving_buffer_pallets,0.0,0.0
752,receiving_buffer_pallets,0.0,0.0
753,receiving_buffer_pallets,0.0,0.0
754,receiving_buffer_pallets,0.0,0.0
755,receiving_buffer_pallets,0.0,0.0
756,receiving_buffer_pallets,0.0,0.0
757,receiving_buffer_pallets,0.0,0.0
758,receiving_buffer_pallets,0.0,0.0
759,receiving_buffer_pallets,0.0,0.0
760,receiving_buffer_pallets,0.0,0.0
761,receiving_buffer_pallets,0.0,0.0
762,receiving_buffer_pallets,0.0,0.0
763,receiving_buffer_pallets,0.0,0.0
764,receiving_buffer_pallets,0.0,0.0
765,receiving_buffer_pallets,0.0,0.0
766,receiving_buffer_pallets,0.0,0.0
767,receiving_buffer_pallets,0.0,0.0
768,receiving_buffer_pallets,0.0,0.0
769,receiving_buffer_pallets,0.0,0.0
770,receiving_buffer_pallets,0.0,0.0
771,receiving_buffer_pallets,0.0,0.0
772,receiving_buffer_pallets,0.0,0.0
773,receiving_buffer_pallets,0.0,0.0
774,receiving_buffer_pallets,0.0,0.0
775,receiving_buffer_pallets,0.0,0.0
776,receiving_buffer_pallets,0.0,0.0
777,receiving_buffer_pallets,0.0,0.0
778,receiving_buffer_pallets,0.0,0.0
779,receiving_buffer_pallets,0.0,0.0
780,receiving_buffer_pallets,0.0,0.0
781,receiving_buffer_pallets,0.0,0.0
782,receiving_buffer_pallets,0.0,0.0
783,receiving_buffer_pallets,0.0,0.0
784,receiving_buffer_pallets,0.0,0.0
785,receiving_buffer_pallets,0.0,0.0
786,receiving_buffer_pallets,0.0,0.0
787,receiving_buffer_pallets,0.0,0.0
788,receiving_buffer_pallets,0.0,0.0
789,receiving_buffer_pallets,0.0,0.0
790,receiving_buffer_pallets,0.0,0.0
791,receiving_buffer_pallets,0.0,0.0
792,receiving_buffer_pallets,0.0,0.0
793,receiving_buffer_pallets,0.0,0.0
794,receiving_buffer_pallets,0.0,0.0
795,receiving_buffer_pallets,0.0,0.0
796,receiving_buffer_pallets,0.0,0.0
797,receiving_buffer_pallets,0.0,0.0
798,receiving_buffer_pallets,0.0,0.0
799,receiving_buffer_pallets,0.0,0.0
800,receiving_buffer_pallets,0.0,0.0
801,receiving_buffer_pallets,0.0,0.0
802,receiving_buffer_pallets,0.0,0.0
803,receiving_buffer_pallets,0.0,0.0
804,receiving_buffer_pallets,0.0,0.0
805,receiving_buffer_pallets,0.0,0.0
806,receiving_buffer_pallets,0.0,0.0
807,receiving_buffer_pallets,0.0,0.0
808,receiving_buffer_pallets,0.0,0.0
809,receiving_buffer_pallets,0.0,0.0
810,receiving_buffer_pallets,0.0,0.0
811,receiving_buffer_pallets,0.0,0.0
812,receiving_buffer_pallets,0.0,0.0
813,receiving_buffer_pallets,0.0,0.0
814,receiving_buffer_pallets,0.0,0.0
815,receiving_buffer_pallets,0.0,0.0
816,receiving_buffer_pallets,0.0,0.0
817,receiving_buffer_pallets,0.0,0.0
818,receiving_buffer_pallets,0.0,0.0
819,receiving_buffer_pallets,0.0,0.0
820,receiving_buffer_pallets,0.0,0.0
821,receiving_buffer_pallets,0.0,0.0
822,receiving_buffer_pallets,0.0,0.0
823,receiving_buffer_pallets,0.0,0.0
824,receiving_buffer_pallets,0.0,0.0
825,receiving_buffer_pallets,0.0,0.0
826,receiving_buffer_pallets,0.0,0.0
827,receiving_buffer_pallets,0.0,0.0
828,receiving_buffer_pallets,0.0,0.0
829,receiving_buffer_pallets,0.0,0.0
830,receiving_buffer_pallets,0.0,0.0
831,receiving_buffer_pallets,0.0,0.0
832,receiving_buffer_pallets,0.0,0.0
833,receiving_buffer_pallets,0.0,0.0
834,receiving_buffer_pallets,0.0,0.0
835,receiving_buffer_pallets,0.0,0.0
836,receiving_buffer_pallets,0.0,0.0
837,receiving_buffer_pallets,0.0,0.0
838,receiving_buffer_pallets,0.0,0.0
839,receiving_buffer_pallets,0.0,0.0
840,receiving_buffer_pallets,0.0,0.0
841,receiving_buffer_pallets,0.0,0.0
842,receiving_buffer_pallets,0.0,0.0
843,receiving_buffer_pallets,0.0,0.0
844,receiving_buffer_pallets,0.0,0.0
845,receiving_buffer_pallets,0.0,0.0
846,receiving_buffer_pallets,0.0,0.0
847,receiving_buffer_pallets,0.0,0.0
848,receiving_buffer_pallets,0.0,0.0
849,receiving_buffer_pallets,0.0,0.0
850,receiving_buffer_pallets,0.0,0.0
851,receiving_buffer_pallets,0.0,0.0
852,receiving_buffer_pallets,0.0,0.0
853,receiving_buffer_pallets,0.0,0.0
854,receiving_buffer_pallets,0.0,0.0
855,receiving_buffer_pallets,0.0,0.0
856,receiving_buffer_pallets,0.0,0.0
857,receiving_buffer_pallets,0.0,0.0
858,receiving_buffer_pallets,0.0,0.0
859,receiving_buffer_pallets,0.0,0.0
860,receiving_buffer_pallets,0.0,0.0
861,receiving_buffer_pallets,0.0,0.0
862,receiving_buffer_pallets,0.0,0.0
863,receiving_buffer_pallets,0.0,0.0
864,receiving_buffer_pallets,0.0,0.0
865,receiving_buffer_pallets,0.0,0.0
866,receiving_buffer_pallets,0.0,0.0
867,receiving_buffer_pallets,0.0,0.0
868,receiving_buffer_pallets,0.0,0.0
869,receiving_buffer_pallets,0.0,0.0
870,receiving_buffer_pallets,0.0,0.0
871,receiving_buffer_pallets,0.0,0.0
872,receiving_buffer_pallets,0.0,0.0
873,receiving_buffer_pallets,0.0,0.0
874,receiving_buffer_pallets,0.0,0.0
875,receiving_buffer_pallets,0.0,0.0
876,receiving_buffer_pallets,0.0,0.0
877,receiving_buffer_pallets,0.0,0.0
878,receiving_buffer_pallets,0.0,0.0
879,receiving_buffer_pallets,0.0,0.0
880,receiving_buffer_pallets,0.0,0.0
881,receiving_buffer_pallets,0.0,0.0
882,receiving_buffer_pallets,0.0,0.0
883,receiving_buffer_pallets,0.0,0.0
884,receiving_buffer_pallets,0.0,0.0
885,receiving_buffer_pallets,0.0,0.0
886,receiving_buffer_pallets,0.0,0.0
887,receiving_buffer_pallets,0.0,0.0
888,receiving_buffer_pallets,0.0,0.0
889,receiving_buffer_pallets,0.0,0.0
890,receiving_buffer_pallets,0.0,0.0
891,receiving_buffer_pallets,0.0,0.0
892,receiving_buffer_pallets,0.0,0.0
893,receiving_buffer_pallets,0.0,0.0
894,receiving_buffer_pallets,0.0,0.0
895,receiving_buffer_pallets,0.0,0.0
896,receiving_buffer_pallets,0.0,0.0
897,receiving_buffer_pallets,0.0,0.0
898,receiving_buffer_pallets,0.0,0.0
899,receiving_buffer_pallets,0.0,0.0
900,receiving_buffer_pallets,0.0,0.0
901,receiving_buffer_pallets,0.0,0.0
902,receiving_buffer_pallets,0.0,0.0
903,receiving_buffer_pallets,0.0,0.0
904,receiving_buffer_pallets,0.0,0.0
905,receiving_buffer_pallets,0.0,0.0
906,receiving_buffer_pallets,0.0,0.0
907,receiving_buffer_pallets,0.0,0.0
908,receiving_buffer_pallets,0.0,0.0
909,receiving_buffer_pallets,0.0,0.0
910,receiving_buffer_pallets,0.0,0.0
911,receiving_buffer_pallets,0.0,0.0
912,receiving_buffer_pallets,0.0,0.0
913,receiving_buffer_pallets,0.0,0.0
914,receiving_buffer_pallets,0.0,0.0
915,receiving_buffer_pallets,0.0,0.0
916,receiving_buffer_pallets,0.0,0.0
917,receiving_buffer_pallets,0.0,0.0
918,receiving_buffer_pallets,0.0,0.0
919,receiving_buffer_pallets,0.0,0.0
920,receiving_buffer_pallets,0.0,0.0
921,receiving_buffer_pallets,0.0,0.0
922,receiving_buffer_pallets,0.0,0.0
923,receiving_buffer_pallets,0.0,0.0
924,receiving_buffer_pallets,0.0,0.0
925,receiving_buffer_pallets,0.0,0.0
926,receiving_buffer_pallets,0.0,0.0
927,receiving_buffer_pallets,0.0,0.0
928,receiving_buffer_pallets,0.0,0.0
929,receiving_buffer_pallets,0.0,0.0
930,receiving_buffer_pallets,0.0,0.0
931,receiving_buffer_pallets,0.0,0.0
932,receiving_buffer_pallets,0.0,0.0
933,receiving_buffer_pallets,0.0,0.0
934,receiving_buffer_pallets,0.0,0.0
935,receiving_buffer_pallets,0.0,0.0
936,receiving_buffer_pallets,0.0,0.0
937,receiving_buffer_pallets,0.0,0.0
938,receiving_buffer_pallets,0.0,0.0
939,receiving_buffer_pallets,0.0,0.0
940,receiving_buffer_pallets,0.0,0.0
941,receiving_buffer_pallets,0.0,0.0
942,receiving_buffer_pallets,0.0,0.0
943,receiving_buffer_pallets,0.0,0.0
944,receiving_buffer_pallets,0.0,0.0
945,receiving_buffer_pallets,0.0,0.0
946,receiving_buffer_pallets,0.0,0.0
947,receiving_buffer_pallets,0.0,0.0
948,receiving_buffer_pallets,0.0,0.0
949,receiving_buffer_pallets,0.0,0.0
950,receiving_buffer_pallets,0.0,0.0
951,receiving_buffer_pallets,0.0,0.0
952,receiving_buffer_pallets,0.0,0.0
953,receiving_buffer_pallets,0.0,0.0
954,receiving_buffer_pallets,0.0,0.0
955,receiving_buffer_pallets,0.0,0.0
956,receiving_buffer_pallets,0.0,0.0
957,receiving_buffer_pallets,0.0,0.0
958,receiving_buffer_pallets,0.0,0.0
959,receiving_buffer_pallets,0.0,0.0
960,receiving_buffer_pallets,0.0,0.0
961,receiving_buffer_pallets,0.0,0.0
962,receiving_buffer_pallets,0.0,0.0
963,receiving_buffer_pallets,0.0,0.0
964,receiving_buffer_pallets,0.0,0.0
965,receiving_buffer_pallets,0.0,0.0
966,receiving_buffer_pallets,0.0,0.0
967,receiving_buffer_pallets,0.0,0.0
968,receiving_buffer_pallets,0.0,0.0
969,receiving_buffer_pallets,0.0,0.0
970,receiving_buffer_pallets,0.0,0.0
971,receiving_buffer_pallets,0.0,0.0
972,receiving_buffer_pallets,0.0,0.0
973,receiving_buffer_pallets,0.0,0.0
974,receiving_buffer_pallets,0.0,0.0
975,receiving_buffer_pallets,0.0,0.0
976,receiving_buffer_pallets,0.0,0.0
977,receiving_buffer_pallets,0.0,0.0
978,receiving_buffer_pallets,0.0,0.0
979,receiving_buffer_pallets,0.0,0.0
980,receiving_buffer_pallets,0.0,0.0
981,receiving_buffer_pallets,0.0,0.0
982,receiving_buffer_pallets,0.0,0.0
983,receiving_buffer_pallets,0.0,0.0
984,receiving_buffer_pallets,0.0,0.0
985,receiving_buffer_pallets,0.0,0.0
986,receiving_buffer_pallets,0.0,0.0
987,receiving_buffer_pallets,0.0,0.0
988,receiving_buffer_pallets,0.0,0.0
989,receiving_buffer_pallets,0.0,0.0
990,receiving_buffer_pallets,0.0,0.0
991,receiving_buffer_pallets,0.0,0.0
992,receiving_buffer_pallets,0.0,0.0
993,receiving_buffer_pallets,0.0,0.0
994,receiving_buffer_pallets,0.0,0.0
995,receiving_buffer_pallets,0.0,0.0
996,receiving_buffer_pallets,0.0,0.0
997,receiving_buffer_pallets,0.0,0.0
998,receiving_buffer_pallets,0.0,0.0
999,receiving_buffer_pallets,0.0,0.0
1000,receiving_buffer_pallets,0.0,0.0
1001,receiving_buffer_pallets,0.0,0.0
1002,receiving_buffer_pallets,0.0,0.0
1003,receiving_buffer_pallets,0.0,0.0
1004,receiving_buffer_pallets,0.0,0.0
1005,receiving_buffer_pallets,0.0,0.0
1006,receiving_buffer_pallets,0.0,0.0
1007,receiving_buffer_pallets,0.0,0.0
1008,receiving_buffer_pallets,0.0,0.0
1009,receiving_buffer_pallets,0.0,0.0
1010,receiving_buffer_pallets,0.0,0.0
1011,receiving_buffer_pallets,0.0,0.0
1012,receiving_buffer_pallets,0.0,0.0
1013,receiving_buffer_pallets,0.0,0.0
1014,receiving_buffer_pallets,0.0,0.0
1015,receiving_buffer_pallets,0.0,0.0
1016,receiving_buffer_pallets,0.0,0.0
1017,receiving_buffer_pallets,0.0,0.0
1018,receiving_buffer_pallets,0.0,0.0
1019,receiving_buffer_pallets,0.0,0.0
1020,receiving_buffer_pallets,0.0,0.0
1021,receiving_buffer_pallets,0.0,0.0
1022,receiving_buffer_pallets,0.0,0.0
1023,receiving_buffer_pallets,0.0,0.0
1024,receiving_buffer_pallets,0.0,0.0
1025,receiving_buffer_pallets,0.0,0.0
1026,receiving_buffer_pallets,0.0,0.0
1027,receiving_buffer_pallets,0.0,0.0
1028,receiving_buffer_pallets,0.0,0.0
1029,receiving_buffer_pallets,0.0,0.0
1030,receiving_buffer_pallets,0.0,0.0
1031,receiving_buffer_pallets,0.0,0.0
1032,receiving_buffer_pallets,0.0,0.0
1033,receiving_buffer_pallets,0.0,0.0
1034,receiving_buffer_pallets,0.0,0.0
1035,receiving_buffer_pallets,0.0,0.0
1036,receiving_buffer_pallets,0.0,0.0
1037,receiving_buffer_pallets,0.0,0.0
1038,receiving_buffer_pallets,0.0,0.0
1039,receiving_buffer_pallets,0.0,0.0
1040,receiving_buffer_pallets,0.0,0.0
1041,receiving_buffer_pallets,0.0,0.0
1042,receiving_buffer_pallets,0.0,0.0
1043,receiving_buffer_pallets,0.0,0.0
1044,receiving_buffer_pallets,0.0,0.0
1045,receiving_buffer_pallets,0.0,0.0
1046,receiving_buffer_pallets,0.0,0.0
1047,receiving_buffer_pallets,0.0,0.0
1048,receiving_buffer_pallets,0.0,0.0
1049,receiving_buffer_pallets,0.0,0.0
1050,receiving_buffer_pallets,0.0,0.0
1051,receiving_buffer_pallets,0.0,0.0
1052,receiving_buffer_pallets,0.0,0.0
1053,receiving_buffer_pallets,0.0,0.0
1054,receiving_buffer_pallets,0.0,0.0
1055,receiving_buffer_pallets,0.0,0.0
1056,receiving_buffer_pallets,0.0,0.0
1057,receiving_buffer_pallets,0.0,0.0
1058,receiving_buffer_pallets,0.0,0.0
1059,receiving_buffer_pallets,0.0,0.0
1060,receiving_buffer_pallets,0.0,0.0
1061,receiving_buffer_pallets,0.0,0.0
1062,receiving_buffer_pallets,0.0,0.0
1063,receiving_buffer_pallets,0.0,0.0
1064,receiving_buffer_pallets,0.0,0.0
1065,receiving_buffer_pallets,0.0,0.0
1066,receiving_buffer_pallets,0.0,0.0
1067,receiving_buffer_pallets,0.0,0.0
1068,receiving_buffer_pallets,0.0,0.0
1069,receiving_buffer_pallets,0.0,0.0
1070,receiving_buffer_pallets,0.0,0.0
1071,receiving_buffer_pallets,0.0,0.0
1072,receiving_buffer_pallets,0.0,0.0
1073,receiving_buffer_pallets,0.0,0.0
1074,receiving_buffer_pallets,0.0,0.0
1075,receiving_buffer_pallets,0.0,0.0
1076,receiving_buffer_pallets,0.0,0.0
1077,receiving_buffer_pallets,0.0,0.0
1078,receiving_buffer_pallets,0.0,0.0
1079,receiving_buffer_pallets,0.0,0.0
1080,receiving_buffer_pallets,0.0,0.0
1081,receiving_buffer_pallets,0.0,0.0
1082,receiving_buffer_pallets,0.0,0.0
1083,receiving_buffer_pallets,0.0,0.0
1084,receiving_buffer_pallets,0.0,0.0
1085,receiving_buffer_pallets,0.0,0.0
1086,receiving_buffer_pallets,0.0,0.0
1087,receiving_buffer_pallets,0.0,0.0
1088,receiving_buffer_pallets,0.0,0.0
1089,receiving_buffer_pallets,0.0,0.0
1090,receiving_buffer_pallets,0.0,0.0
1091,receiving_buffer_pallets,0.0,0.0
1092,receiving_buffer_pallets,0.0,0.0
1093,receiving_buffer_pallets,0.0,0.0
1094,receiving_buffer_pallets,0.0,0.0
1095,receiving_buffer_pallets,0.0,0.0
1096,receiving_buffer_pallets,0.0,0.0
1097,receiving_buffer_pallets,0.0,0.0
1098,receiving_buffer_pallets,0.0,0.0
1099,receiving_buffer_pallets,0.0,0.0
1100,receiving_buffer_pallets,0.0,0.0
1101,receiving_buffer_pallets,0.0,0.0
1102,receiving_buffer_pallets,0.0,0.0
1103,receiving_buffer_pallets,0.0,0.0
1104,receiving_buffer_pallets,0.0,0.0
1105,receiving_buffer_pallets,0.0,0.0
1106,receiving_buffer_pallets,0.0,0.0
1107,receiving_buffer_pallets,0.0,0.0
1108,receiving_buffer_pallets,0.0,0.0
1109,receiving_buffer_pallets,0.0,0.0
1110,receiving_buffer_pallets,0.0,0.0
1111,receiving_buffer_pallets,0.0,0.0
1112,receiving_buffer_pallets,0.0,0.0
1113,receiving_buffer_pallets,0.0,0.0
1114,receiving_buffer_pallets,0.0,0.0
1115,receiving_buffer_pallets,0.0,0.0
1116,receiving_buffer_pallets,0.0,0.0
1117,receiving_buffer_pallets,0.0,0.0
1118,receiving_buffer_pallets,0.0,0.0
1119,receiving_buffer_pallets,0.0,0.0
1120,receiving_buffer_pallets,0.0,0.0
1121,receiving_buffer_pallets,0.0,0.0
1122,receiving_buffer_pallets,0.0,0.0
1123,receiving_buffer_pallets,0.0,0.0
1124,receiving_buffer_pallets,0.0,0.0
1125,receiving_buffer_pallets,0.0,0.0
1126,receiving_buffer_pallets,0.0,0.0
1127,receiving_buffer_pallets,0.0,0.0
1128,receiving_buffer_pallets,0.0,0.0
1129,receiving_buffer_pallets,0.0,0.0
1130,receiving_buffer_pallets,0.0,0.0
1131,receiving_buffer_pallets,0.0,0.0
1132,receiving_buffer_pallets,0.0,0.0
1133,receiving_buffer_pallets,0.0,0.0
1134,receiving_buffer_pallets,0.0,0.0
1135,receiving_buffer_pallets,0.0,0.0
1136,receiving_buffer_pallets,0.0,0.0
1137,receiving_buffer_pallets,0.0,0.0
1138,receiving_buffer_pallets,0.0,0.0
1139,receiving_buffer_pallets,0.0,0.0
1140,receiving_buffer_pallets,0.0,0.0
1141,receiving_buffer_pallets,0.0,0.0
1142,receiving_buffer_pallets,0.0,0.0
1143,receiving_buffer_pallets,0.0,0.0
1144,receiving_buffer_pallets,0.0,0.0
1145,receiving_buffer_pallets,0.0,0.0
1146,receiving_buffer_pallets,0.0,0.0
1147,receiving_buffer_pallets,0.0,0.0
1148,receiving_buffer_pallets,0.0,0.0
1149,receiving_buffer_pallets,0.0,0.0
1150,receiving_buffer_pallets,0.0,0.0
1151,receiving_buffer_pallets,0.0,0.0
1152,receiving_buffer_pallets,0.0,0.0
1153,receiving_buffer_pallets,0.0,0.0
1154,receiving_buffer_pallets,0.0,0.0
1155,receiving_buffer_pallets,0.0,0.0
1156,receiving_buffer_pallets,0.0,0.0
1157,receiving_buffer_pallets,0.0,0.0
1158,receiving_buffer_pallets,0.0,0.0
1159,receiving_buffer_pallets,0.0,0.0
1160,receiving_buffer_pallets,0.0,0.0
1161,receiving_buffer_pallets,0.0,0.0
1162,receiving_buffer_pallets,0.0,0.0
1163,receiving_buffer_pallets,0.0,0.0
1164,receiving_buffer_pallets,0.0,0.0
1165,receiving_buffer_pallets,0.0,0.0
1166,receiving_buffer_pallets,0.0,0.0
1167,receiving_buffer_pallets,0.0,0.0
1168,receiving_buffer_pallets,0.0,0.0
1169,receiving_buffer_pallets,0.0,0.0
1170,receiving_buffer_pallets,0.0,0.0
1171,receiving_buffer_pallets,0.0,0.0
1172,receiving_buffer_pallets,0.0,0.0
1173,receiving_buffer_pallets,0.0,0.0
1174,receiving_buffer_pallets,0.0,0.0
1175,receiving_buffer_pallets,0.0,0.0
1176,receiving_buffer_pallets,0.0,0.0
1177,receiving_buffer_pallets,0.0,0.0
1178,receiving_buffer_pallets,0.0,0.0
1179,receiving_buffer_pallets,0.0,0.0
1180,receiving_buffer_pallets,0.0,0.0
1181,receiving_buffer_pallets,0.0,0.0
1182,receiving_buffer_pallets,0.0,0.0
1183,receiving_buffer_pallets,0.0,0.0
1184,receiving_buffer_pallets,0.0,0.0
1185,receiving_buffer_pallets,0.0,0.0
1186,receiving_buffer_pallets,0.0,0.0
1187,receiving_buffer_pallets,0.0,0.0
1188,receiving_buffer_pallets,0.0,0.0
1189,receiving_buffer_pallets,0.0,0.0
1190,receiving_buffer_pallets,0.0,0.0
1191,receiving_buffer_pallets,0.0,0.0
1192,receiving_buffer_pallets,0.0,0.0
1193,receiving_buffer_pallets,0.0,0.0
1194,receiving_buffer_pallets,0.0,0.0
1195,receiving_buffer_pallets,0.0,0.0
1196,receiving_buffer_pallets,0.0,0.0
1197,receiving_buffer_pallets,0.0,0.0
1198,receiving_buffer_pallets,0.0,0.0
1199,receiving_buffer_pallets,0.0,0.0
1200,receiving_buffer_pallets,0.0,0.0
1201,receiving_buffer_pallets,0.0,0.0
1202,receiving_buffer_pallets,0.0,0.0
1203,receiving_buffer_pallets,0.0,0.0
1204,receiving_buffer_pallets,0.0,0.0
1205,receiving_buffer_pallets,0.0,0.0
1206,receiving_buffer_pallets,0.0,0.0
1207,receiving_buffer_pallets,0.0,0.0
1208,receiving_buffer_pallets,0.0,0.0
1209,receiving_buffer_pallets,0.0,0.0
1210,receiving_buffer_pallets,0.0,0.0
1211,receiving_buffer_pallets,0.0,0.0
1212,receiving_buffer_pallets,0.0,0.0
1213,receiving_buffer_pallets,0.0,0.0
1214,receiving_buffer_pallets,0.0,0.0
1215,receiving_buffer_pallets,0.0,0.0
1216,receiving_buffer_pallets,0.0,0.0
1217,receiving_buffer_pallets,0.0,0.0
1218,receiving_buffer_pallets,0.0,0.0
1219,receiving_buffer_pallets,0.0,0.0
1220,receiving_buffer_pallets,0.0,0.0
1221,receiving_buffer_pallets,0.0,0.0
1222,receiving_buffer_pallets,0.0,0.0
1223,receiving_buffer_pallets,0.0,0.0
1224,receiving_buffer_pallets,0.0,0.0
1225,receiving_buffer_pallets,0.0,0.0
1226,receiving_buffer_pallets,0.0,0.0
1227,receiving_buffer_pallets,0.0,0.0
1228,receiving_buffer_pallets,0.0,0.0
1229,receiving_buffer_pallets,0.0,0.0
1230,receiving_buffer_pallets,0.0,0.0
1231,receiving_buffer_pallets,0.0,0.0
1232,receiving_buffer_pallets,0.0,0.0
1233,receiving_buffer_pallets,0.0,0.0
1234,receiving_buffer_pallets,0.0,0.0
1235,receiving_buffer_pallets,0.0,0.0
1236,receiving_buffer_pallets,0.0,0.0
1237,receiving_buffer_pallets,0.0,0.0
1238,receiving_buffer_pallets,0.0,0.0
1239,receiving_buffer_pallets,0.0,0.0
1240,receiving_buffer_pallets,0.0,0.0
1241,receiving_buffer_pallets,0.0,0.0
1242,receiving_buffer_pallets,0.0,0.0
1243,receiving_buffer_pallets,0.0,0.0
1244,receiving_buffer_pallets,0.0,0.0
1245,receiving_buffer_pallets,0.0,0.0
1246,receiving_buffer_pallets,0.0,0.0
1247,receiving_buffer_pallets,0.0,0.0
1248,receiving_buffer_pallets,0.0,0.0
1249,receiving_buffer_pallets,0.0,0.0
1250,receiving_buffer_pallets,0.0,0.0
1251,receiving_buffer_pallets,0.0,0.0
1252,receiving_buffer_pallets,0.0,0.0
1253,receiving_buffer_pallets,0.0,0.0
1254,receiving_buffer_pallets,0.0,0.0
1255,receiving_buffer_pallets,0.0,0.0
1256,receiving_buffer_pallets,0.0,0.0
1257,receiving_buffer_pallets,0.0,0.0
1258,receiving_buffer_pallets,0.0,0.0
1259,receiving_buffer_pallets,0.0,0.0
1260,receiving_buffer_pallets,0.0,0.0
1261,receiving_buffer_pallets,0.0,0.0
1262,receiving_buffer_pallets,0.0,0.0
1263,receiving_buffer_pallets,0.0,0.0
1264,receiving_buffer_pallets,0.0,0.0
1265,receiving_buffer_pallets,0.0,0.0
1266,receiving_buffer_pallets,0.0,0.0
1267,receiving_buffer_pallets,0.0,0.0
1268,receiving_buffer_pallets,0.0,0.0
1269,receiving_buffer_pallets,0.0,0.0
1270,receiving_buffer_pallets,0.0,0.0
1271,receiving_buffer_pallets,0.0,0.0
1272,receiving_buffer_pallets,0.0,0.0
1273,receiving_buffer_pallets,0.0,0.0
1274,receiving_buffer_pallets,0.0,0.0
1275,receiving_buffer_pallets,0.0,0.0
1276,receiving_buffer_pallets,0.0,0.0
1277,receiving_buffer_pallets,0.0,0.0
1278,receiving_buffer_pallets,0.0,0.0
1279,receiving_buffer_pallets,0.0,0.0
1280,receiving_buffer_pallets,0.0,0.0
1281,receiving_buffer_pallets,0.0,0.0
1282,receiving_buffer_pallets,0.0,0.0
1283,receiving_buffer_pallets,0.0,0.0
1284,receiving_buffer_pallets,0.0,0.0
1285,receiving_buffer_pallets,0.0,0.0
1286,receiving_buffer_pallets,0.0,0.0
1287,receiving_buffer_pallets,0.0,0.0
1288,receiving_buffer_pallets,0.0,0.0
1289,receiving_buffer_pallets,0.0,0.0
1290,receiving_buffer_pallets,0.0,0.0
1291,receiving_buffer_pallets,0.0,0.0
1292,receiving_buffer_pallets,0.0,0.0
1293,receiving_buffer_pallets,0.0,0.0
1294,receiving_buffer_pallets,0.0,0.0
1295,receiving_buffer_pallets,0.0,0.0
1296,receiving_buffer_pallets,0.0,0.0
1297,receiving_buffer_pallets,0.0,0.0
1298,receiving_buffer_pallets,0.0,0.0
1299,receiving_buffer_pallets,0.0,0.0
1300,receiving_buffer_pallets,0.0,0.0
1301,receiving_buffer_pallets,0.0,0.0
1302,receiving_buffer_pallets,0.0,0.0
1303,receiving_buffer_pallets,0.0,0.0
1304,receiving_buffer_pallets,0.0,0.0
1305,receiving_buffer_pallets,0.0,0.0
1306,receiving_buffer_pallets,0.0,0.0
1307,receiving_buffer_pallets,0.0,0.0
1308,receiving_buffer_pallets,0.0,0.0
1309,receiving_buffer_pallets,0.0,0.0
1310,receiving_buffer_pallets,0.0,0.0
1311,receiving_buffer_pallets,0.0,0.0
1312,receiving_buffer_pallets,0.0,0.0
1313,receiving_buffer_pallets,0.0,0.0
1314,receiving_buffer_pallets,0.0,0.0
1315,receiving_buffer_pallets,0.0,0.0
1316,receiving_buffer_pallets,0.0,0.0
1317,receiving_buffer_pallets,0.0,0.0
1318,receiving_buffer_pallets,0.0,0.0
1319,receiving_buffer_pallets,0.0,0.0
1320,receiving_buffer_pallets,0.0,0.0
1321,receiving_buffer_pallets,0.0,0.0
1322,receiving_buffer_pallets,0.0,0.0
1323,receiving_buffer_pallets,0.0,0.0
1324,receiving_buffer_pallets,0.0,0.0
1325,receiving_buffer_pallets,0.0,0.0
1326,receiving_buffer_pallets,0.0,0.0
1327,receiving_buffer_pallets,0.0,0.0
1328,receiving_buffer_pallets,0.0,0.0
1329,receiving_buffer_pallets,0.0,0.0
1330,receiving_buffer_pallets,0.0,0.0
1331,receiving_buffer_pallets,0.0,0.0
1332,receiving_buffer_pallets,0.0,0.0
1333,receiving_buffer_pallets,0.0,0.0
1334,receiving_buffer_pallets,0.0,0.0
1335,receiving_buffer_pallets,0.0,0.0
1336,receiving_buffer_pallets,0.0,0.0
1337,receiving_buffer_pallets,0.0,0.0
1338,receiving_buffer_pallets,0.0,0.0
1339,receiving_buffer_pallets,0.0,0.0
1340,receiving_buffer_pallets,0.0,0.0
1341,receiving_buffer_pallets,0.0,0.0
1342,receiving_buffer_pallets,0.0,0.0
1343,receiving_buffer_pallets,0.0,0.0
1344,receiving_buffer_pallets,0.0,0.0
1345,receiving_buffer_pallets,0.0,0.0
1346,receiving_buffer_pallets,0.0,0.0
1347,receiving_buffer_pallets,0.0,0.0
1348,receiving_buffer_pallets,0.0,0.0
1349,receiving_buffer_pallets,0.0,0.0
1350,receiving_buffer_pallets,0.0,0.0
1351,receiving_buffer_pallets,0.0,0.0
1352,receiving_buffer_pallets,0.0,0.0
1353,receiving_buffer_pallets,0.0,0.0
1354,receiving_buffer_pallets,0.0,0.0
1355,receiving_buffer_pallets,0.0,0.0
1356,receiving_buffer_pallets,0.0,0.0
1357,receiving_buffer_pallets,0.0,0.0
1358,receiving_buffer_pallets,0.0,0.0
1359,receiving_buffer_pallets,0.0,0.0
1360,receiving_buffer_pallets,0.0,0.0
1361,receiving_buffer_pallets,0.0,0.0
1362,receiving_buffer_pallets,0.0,0.0
1363,receiving_buffer_pallets,0.0,0.0
1364,receiving_buffer_pallets,0.0,0.0
1365,receiving_buffer_pallets,0.0,0.0
1366,receiving_buffer_pallets,0.0,0.0
1367,receiving_buffer_pallets,0.0,0.0
1368,receiving_buffer_pallets,0.0,0.0
1369,receiving_buffer_pallets,0.0,0.0
1370,receiving_buffer_pallets,0.0,0.0
1371,receiving_buffer_pallets,0.0,0.0
1372,receiving_buffer_pallets,0.0,0.0
1373,receiving_buffer_pallets,0.0,0.0
1374,receiving_buffer_pallets,0.0,0.0
1375,receiving_buffer_pallets,0.0,0.0
1376,receiving_buffer_pallets,0.0,0.0
1377,receiving_buffer_pallets,0.0,0.0
1378,receiving_buffer_pallets,0.0,0.0
1379,receiving_buffer_pallets,0.0,0.0
1380,receiving_buffer_pallets,0.0,0.0
1381,receiving_buffer_pallets,0.0,0.0
1382,receiving_buffer_pallets,0.0,0.0
1383,receiving_buffer_pallets,0.0,0.0
1384,receiving_buffer_pallets,0.0,0.0
1385,receiving_buffer_pallets,0.0,0.0
1386,receiving_buffer_pallets,0.0,0.0
1387,receiving_buffer_pallets,0.0,0.0
1388,receiving_buffer_pallets,0.0,0.0
1389,receiving_buffer_pallets,0.0,0.0
1390,receiving_buffer_pallets,0.0,0.0
1391,receiving_buffer_pallets,0.0,0.0
1392,receiving_buffer_pallets,0.0,0.0
1393,receiving_buffer_pallets,0.0,0.0
1394,receiving_buffer_pallets,0.0,0.0
1395,receiving_buffer_pallets,0.0,0.0
1396,receiving_buffer_pallets,0.0,0.0
1397,receiving_buffer_pallets,0.0,0.0
1398,receiving_buffer_pallets,0.0,0.0
1399,receiving_buffer_pallets,0.0,0.0
1400,receiving_buffer_pallets,0.0,0.0
1401,receiving_buffer_pallets,0.0,0.0
1402,receiving_buffer_pallets,0.0,0.0
1403,receiving_buffer_pallets,0.0,0.0
1404,receiving_buffer_pallets,0.0,0.0
1405,receiving_buffer_pallets,0.0,0.0
1406,receiving_buffer_pallets,0.0,0.0
1407,receiving_buffer_pallets,0.0,0.0
1408,receiving_buffer_pallets,0.0,0.0
1409,receiving_buffer_pallets,0.0,0.0
1410,receiving_buffer_pallets,0.0,0.0
1411,receiving_buffer_pallets,0.0,0.0
1412,receiving_buffer_pallets,0.0,0.0
1413,receiving_buffer_pallets,0.0,0.0
1414,receiving_buffer_pallets,0.0,0.0
1415,receiving_buffer_pallets,0.0,0.0
1416,receiving_buffer_pallets,0.0,0.0
1417,receiving_buffer_pallets,0.0,0.0
1418,receiving_buffer_pallets,0.0,0.0
1419,receiving_buffer_pallets,0.0,0.0
1420,receiving_buffer_pallets,0.0,0.0
1421,receiving_buffer_pallets,0.0,0.0
1422,receiving_buffer_pallets,0.0,0.0
1423,receiving_buffer_pallets,0.0,0.0
1424,receiving_buffer_pallets,0.0,0.0
1425,receiving_buffer_pallets,0.0,0.0
1426,receiving_buffer_pallets,0.0,0.0
1427,receiving_buffer_pallets,0.0,0.0
1428,receiving_buffer_pallets,0.0,0.0
1429,receiving_buffer_pallets,0.0,0.0
1430,receiving_buffer_pallets,0.0,0.0
1431,receiving_buffer_pallets,0.0,0.0
1432,receiving_buffer_pallets,0.0,0.0
1433,receiving_buffer_pallets,0.0,0.0
1434,receiving_buffer_pallets,0.0,0.0
1435,receiving_buffer_pallets,0.0,0.0
1436,receiving_buffer_pallets,0.0,0.0
1437,receiving_buffer_pallets,0.0,0.0
1438,receiving_buffer_pallets,0.0,0.0
1439,receiving_buffer_pallets,0.0,0.0
0,sealing_queue_boxes,0.0,0.0
1,sealing_queue_boxes,0.0,0.0
2,sealing_queue_boxes,0.0,0.0
3,sealing_queue_boxes,0.0,0.0
4,sealing_queue_boxes,0.0,0.0
5,sealing_queue_boxes,0.0,0.0
6,sealing_queue_boxes,0.0,0.0
7,sealing_queue_boxes,0.0,0.0
8,sealing_queue_boxes,0.0,0.0
9,sealing_queue_boxes,0.0,0.0
10,sealing_queue_boxes,0.0,0.0
11,sealing_queue_boxes,0.0,0.0
12,sealing_queue_boxes,0.0,0.0
13,sealing_queue_boxes,0.0,0.0
14,sealing_queue_boxes,0.0,0.0
15,sealing_queue_boxes,0.0,0.0
16,sealing_queue_boxes,0.0,0.0
17,sealing_queue_boxes,0.5,1.0
18,sealing_queue_boxes,1.0,2.0
19,sealing_queue_boxes,0.0,0.0
20,sealing_queue_boxes,0.0,0.0
21,sealing_queue_boxes,0.5,1.0
22,sealing_queue_boxes,0.0,0.0
23,sealing_queue_boxes,0.5,1.0
24,sealing_queue_boxes,0.0,0.0
25,sealing_queue_boxes,0.0,0.0
26,sealing_queue_boxes,0.0,0.0
27,sealing_queue_boxes,2.5,5.0
28,sealing_queue_boxes,0.0,0.0
29,sealing_queue_boxes,0.0,0.0
30,sealing_queue_boxes,0.0,0.0
31,sealing_queue_boxes,0.5,1.0
32,sealing_queue_boxes,1.0,2.0
33,sealing_queue_boxes,1.0,2.0
34,sealing_queue_boxes,0.5,1.0
35,sealing_queue_boxes,0.0,0.0
36,sealing_queue_boxes,0.0,0.0
37,sealing_queue_boxes,0.5,1.0
38,sealing_queue_boxes,0.0,0.0
39,sealing_queue_boxes,0.5,1.0
40,sealing_queue_boxes,0.0,0.0
41,sealing_queue_boxes,0.0,0.0
42,sealing_queue_boxes,0.0,0.0
43,sealing_queue_boxes,0.0,0.0
44,sealing_queue_boxes,0.0,0.0
45,sealing_queue_boxes,2.5,4.0
46,sealing_queue_boxes,1.5,3.0
47,sealing_queue_boxes,0.0,0.0
48,sealing_queue_boxes,1.0,2.0
49,sealing_queue_boxes,1.5,3.0
50,sealing_queue_boxes,13.0,16.0
51,sealing_queue_boxes,18.0,19.0
52,sealing_queue_boxes,19.5,23.0
53,sealing_queue_boxes,9.0,13.0
54,sealing_queue_boxes,3.0,6.0
55,sealing_queue_boxes,2.0,3.0
56,sealing_queue_boxes,0.5,1.0
57,sealing_queue_boxes,1.0,2.0
58,sealing_queue_boxes,0.5,1.0
59,sealing_queue_boxes,1.5,2.0
60,sealing_queue_boxes,0.5,1.0
61,sealing_queue_boxes,0.0,0.0
62,sealing_queue_boxes,0.0,0.0
63,sealing_queue_boxes,0.0,0.0
64,sealing_queue_boxes,0.0,0.0
65,sealing_queue_boxes,0.0,0.0
66,sealing_queue_boxes,0.0,0.0
67,sealing_queue_boxes,2.0,4.0
68,sealing_queue_boxes,0.5,1.0
69,sealing_queue_boxes,0.0,0.0
70,sealing_queue_boxes,0.5,1.0
71,sealing_queue_boxes,0.0,0.0
72,sealing_queue_boxes,0.5,1.0
73,sealing_queue_boxes,0.0,0.0
74,sealing_queue_boxes,0.5,1.0
75,sealing_queue_boxes,0.0,0.0
76,sealing_queue_boxes,0.0,0.0
77,sealing_queue_boxes,2.5,5.0
78,sealing_queue_boxes,0.0,0.0
79,sealing_queue_boxes,0.0,0.0
80,sealing_queue_boxes,0.0,0.0
81,sealing_queue_boxes,1.0,1.0
82,sealing_queue_boxes,0.5,1.0
83,sealing_queue_boxes,0.0,0.0
84,sealing_queue_boxes,1.0,1.0
85,sealing_queue_boxes,0.5,1.0
86,sealing_queue_boxes,1.5,3.0
87,sealing_queue_boxes,1.5,3.0
88,sealing_queue_boxes,0.5,1.0
89,sealing_queue_boxes,1.5,2.0
90,sealing_queue_boxes,1.0,2.0
91,sealing_queue_boxes,0.0,0.0
92,sealing_queue_boxes,2.0,4.0
93,sealing_queue_boxes,0.0,0.0
94,sealing_queue_boxes,2.0,4.0
95,sealing_queue_boxes,0.5,1.0
96,sealing_queue_boxes,6.0,9.0
97,sealing_queue_boxes,4.5,8.0
98,sealing_queue_boxes,3.5,7.0
99,sealing_queue_boxes,2.5,3.0
100,sealing_queue_boxes,2.0,4.0
101,sealing_queue_boxes,1.5,3.0
102,sealing_queue_boxes,1.0,2.0
103,sealing_queue_boxes,3.0,6.0
104,sealing_queue_boxes,5.0,10.0
105,sealing_queue_boxes,2.0,2.0
106,sealing_queue_boxes,0.5,1.0
107,sealing_queue_boxes,3.0,6.0
108,sealing_queue_boxes,0.0,0.0
109,sealing_queue_boxes,0.0,0.0
110,sealing_queue_boxes,0.5,1.0
111,sealing_queue_boxes,0.0,0.0
112,sealing_queue_boxes,0.0,0.0
113,sealing_queue_boxes,0.0,0.0
114,sealing_queue_boxes,0.0,0.0
115,sealing_queue_boxes,0.0,0.0
116,sealing_queue_boxes,0.0,0.0
117,sealing_queue_boxes,0.5,1.0
118,sealing_queue_boxes,1.0,1.0
119,sealing_queue_boxes,0.0,0.0
120,sealing_queue_boxes,0.0,0.0
121,sealing_queue_boxes,0.0,0.0
122,sealing_queue_boxes,1.0,1.0
123,sealing_queue_boxes,0.5,1.0
124,sealing_queue_boxes,1.0,2.0
125,sealing_queue_boxes,0.5,1.0
126,sealing_queue_boxes,1.0,2.0
127,sealing_queue_boxes,0.0,0.0
128,sealing_queue_boxes,0.5,1.0
129,sealing_queue_boxes,0.0,0.0
130,sealing_queue_boxes,1.0,2.0
131,sealing_queue_boxes,0.5,1.0
132,sealing_queue_boxes,0.5,1.0
133,sealing_queue_boxes,1.5,3.0
134,sealing_queue_boxes,1.0,2.0
135,sealing_queue_boxes,1.0,2.0
136,sealing_queue_boxes,2.5,4.0
137,sealing_queue_boxes,2.0,3.0
138,sealing_queue_boxes,1.0,2.0
139,sealing_queue_boxes,1.5,3.0
140,sealing_queue_boxes,2.5,5.0
141,sealing_queue_boxes,2.0,4.0
142,sealing_queue_boxes,2.0,4.0
143,sealing_queue_boxes,1.0,2.0
144,sealing_queue_boxes,3.0,6.0
145,sealing_queue_boxes,3.0,5.0
146,sealing_queue_boxes,1.0,2.0
147,sealing_queue_boxes,3.0,3.0
148,sealing_queue_boxes,1.0,2.0
149,sealing_queue_boxes,1.0,2.0
150,sealing_queue_boxes,1.5,3.0
151,sealing_queue_boxes,1.0,2.0
152,sealing_queue_boxes,1.0,2.0
153,sealing_queue_boxes,3.0,6.0
154,sealing_queue_boxes,0.0,0.0
155,sealing_queue_boxes,0.0,0.0
156,sealing_queue_boxes,0.0,0.0
157,sealing_queue_boxes,0.0,0.0
158,sealing_queue_boxes,1.0,1.0
159,sealing_queue_boxes,0.0,0.0
160,sealing_queue_boxes,0.0,0.0
161,sealing_queue_boxes,1.0,2.0
162,sealing_queue_boxes,0.0,0.0
163,sealing_queue_boxes,1.0,2.0
164,sealing_queue_boxes,1.5,3.0
165,sealing_queue_boxes,0.5,1.0
166,sealing_queue_boxes,0.0,0.0
167,sealing_queue_boxes,0.0,0.0
168,sealing_queue_boxes,0.0,0.0
169,sealing_queue_boxes,1.5,2.0
170,sealing_queue_boxes,0.0,0.0
171,sealing_queue_boxes,0.0,0.0
172,sealing_queue_boxes,1.5,3.0
173,sealing_queue_boxes,2.0,4.0
174,sealing_queue_boxes,0.0,0.0
175,sealing_queue_boxes,1.0,1.0
176,sealing_queue_boxes,0.0,0.0
177,sealing_queue_boxes,0.5,1.0
178,sealing_queue_boxes,0.5,1.0
179,sealing_queue_boxes,0.0,0.0
180,sealing_queue_boxes,2.0,4.0
181,sealing_queue_boxes,1.5,3.0
182,sealing_queue_boxes,2.0,4.0
183,sealing_queue_boxes,0.5,1.0
184,sealing_queue_boxes,0.5,1.0
185,sealing_queue_boxes,0.5,1.0
186,sealing_queue_boxes,2.5,5.0
187,sealing_queue_boxes,4.0,6.0
188,sealing_queue_boxes,0.5,1.0
189,sealing_queue_boxes,1.5,3.0
190,sealing_queue_boxes,2.5,4.0
191,sealing_queue_boxes,1.0,2.0
192,sealing_queue_boxes,3.0,6.0
193,sealing_queue_boxes,1.5,3.0
194,sealing_queue_boxes,1.5,3.0
195,sealing_queue_boxes,0.5,1.0
196,sealing_queue_boxes,2.0,2.0
197,sealing_queue_boxes,2.0,4.0
198,sealing_queue_boxes,1.5,3.0
199,sealing_queue_boxes,1.0,2.0
200,sealing_queue_boxes,1.5,2.0
201,sealing_queue_boxes,0.0,0.0
202,sealing_queue_boxes,1.0,2.0
203,sealing_queue_boxes,1.0,2.0
204,sealing_queue_boxes,0.0,0.0
205,sealing_queue_boxes,0.5,1.0
206,sealing_queue_boxes,2.0,3.0
207,sealing_queue_boxes,0.0,0.0
208,sealing_queue_boxes,0.0,0.0
209,sealing_queue_boxes,0.5,1.0
210,sealing_queue_boxes,0.0,0.0
211,sealing_queue_boxes,1.0,2.0
212,sealing_queue_boxes,0.5,1.0
213,sealing_queue_boxes,0.0,0.0
214,sealing_queue_boxes,0.0,0.0
215,sealing_queue_boxes,2.5,5.0
216,sealing_queue_boxes,0.0,0.0
217,sealing_queue_boxes,2.0,4.0
218,sealing_queue_boxes,0.5,1.0
219,sealing_queue_boxes,0.5,1.0
220,sealing_queue_boxes,3.0,6.0
221,sealing_queue_boxes,1.0,2.0
222,sealing_queue_boxes,1.0,2.0
223,sealing_queue_boxes,2.0,4.0
224,sealing_queue_boxes,0.5,1.0
225,sealing_queue_boxes,1.0,2.0
226,sealing_queue_boxes,4.0,5.0
227,sealing_queue_boxes,0.0,0.0
228,sealing_queue_boxes,2.5,5.0
229,sealing_queue_boxes,0.0,0.0
230,sealing_queue_boxes,2.5,5.0
231,sealing_queue_boxes,0.5,1.0
232,sealing_queue_boxes,0.5,1.0
233,sealing_queue_boxes,4.0,5.0
234,sealing_queue_boxes,2.0,4.0
235,sealing_queue_boxes,1.5,3.0
236,sealing_queue_boxes,1.0,2.0
237,sealing_queue_boxes,2.5,5.0
238,sealing_queue_boxes,2.0,4.0
239,sealing_queue_boxes,0.0,0.0
240,sealing_queue_boxes,1.5,3.0
241,sealing_queue_boxes,0.5,1.0
242,sealing_queue_boxes,5.0,5.0
243,sealing_queue_boxes,1.0,2.0
244,sealing_queue_boxes,1.5,3.0
245,sealing_queue_boxes,2.5,5.0
246,sealing_queue_boxes,0.0,0.0
247,sealing_queue_boxes,0.5,1.0
248,sealing_queue_boxes,0.0,0.0
249,sealing_queue_boxes,0.0,0.0
250,sealing_queue_boxes,0.0,0.0
251,sealing_queue_boxes,1.5,3.0
252,sealing_queue_boxes,0.5,1.0
253,sealing_queue_boxes,0.0,0.0
254,sealing_queue_boxes,0.0,0.0
255,sealing_queue_boxes,0.5,1.0
256,sealing_queue_boxes,1.0,1.0
257,sealing_queue_boxes,0.5,1.0
258,sealing_queue_boxes,1.0,2.0
259,sealing_queue_boxes,1.0,1.0
260,sealing_queue_boxes,0.5,1.0
261,sealing_queue_boxes,0.5,1.0
262,sealing_queue_boxes,0.0,0.0
263,sealing_queue_boxes,0.5,1.0
264,sealing_queue_boxes,1.0,2.0
265,sealing_queue_boxes,1.0,2.0
266,sealing_queue_boxes,3.5,5.0
267,sealing_queue_boxes,0.5,1.0
268,sealing_queue_boxes,1.5,3.0
269,sealing_queue_boxes,0.0,0.0
270,sealing_queue_boxes,1.0,1.0
271,sealing_queue_boxes,1.0,2.0
272,sealing_queue_boxes,0.5,1.0
273,sealing_queue_boxes,1.0,2.0
274,sealing_queue_boxes,1.0,2.0
275,sealing_queue_boxes,3.5,7.0
276,sealing_queue_boxes,0.5,1.0
277,sealing_queue_boxes,1.0,2.0
278,sealing_queue_boxes,1.0,2.0
279,sealing_queue_boxes,2.0,4.0
280,sealing_queue_boxes,1.0,2.0
281,sealing_queue_boxes,1.0,2.0
282,sealing_queue_boxes,1.0,2.0
283,sealing_queue_boxes,3.0,4.0
284,sealing_queue_boxes,1.0,2.0
285,sealing_queue_boxes,1.5,3.0
286,sealing_queue_boxes,4.0,5.0
287,sealing_queue_boxes,1.0,2.0
288,sealing_queue_boxes,0.5,1.0
289,sealing_queue_boxes,2.5,5.0
290,sealing_queue_boxes,1.0,2.0
291,sealing_queue_boxes,3.5,4.0
292,sealing_queue_boxes,0.5,1.0
293,sealing_queue_boxes,0.5,1.0
294,sealing_queue_boxes,0.5,1.0
295,sealing_queue_boxes,1.5,3.0
296,sealing_queue_boxes,0.5,1.0
297,sealing_queue_boxes,3.0,4.0
298,sealing_queue_boxes,0.0,0.0
299,sealing_queue_boxes,1.0,2.0
300,sealing_queue_boxes,1.5,3.0
301,sealing_queue_boxes,0.0,0.0
302,sealing_queue_boxes,1.0,1.0
303,sealing_queue_boxes,1.0,2.0
304,sealing_queue_boxes,1.5,3.0
305,sealing_queue_boxes,0.5,1.0
306,sealing_queue_boxes,0.0,0.0
307,sealing_queue_boxes,0.0,0.0
308,sealing_queue_boxes,0.5,1.0
309,sealing_queue_boxes,1.0,2.0
310,sealing_queue_boxes,0.5,1.0
311,sealing_queue_boxes,0.5,1.0
312,sealing_queue_boxes,1.5,3.0
313,sealing_queue_boxes,0.5,1.0
314,sealing_queue_boxes,1.5,3.0
315,sealing_queue_boxes,3.0,6.0
316,sealing_queue_boxes,0.5,1.0
317,sealing_queue_boxes,0.5,1.0
318,sealing_queue_boxes,2.0,4.0
319,sealing_queue_boxes,0.5,1.0
320,sealing_queue_boxes,2.0,4.0
321,sealing_queue_boxes,1.5,2.0
322,sealing_queue_boxes,3.0,4.0
323,sealing_queue_boxes,0.0,0.0
324,sealing_queue_boxes,0.0,0.0
325,sealing_queue_boxes,0.0,0.0
326,sealing_queue_boxes,3.0,5.0
327,sealing_queue_boxes,3.5,7.0
328,sealing_queue_boxes,1.0,2.0
329,sealing_queue_boxes,3.0,3.0
330,sealing_queue_boxes,2.0,4.0
331,sealing_queue_boxes,1.5,3.0
332,sealing_queue_boxes,1.5,3.0
333,sealing_queue_boxes,1.5,3.0
334,sealing_queue_boxes,1.5,3.0
335,sealing_queue_boxes,2.5,5.0
336,sealing_queue_boxes,1.0,2.0
337,sealing_queue_boxes,2.0,3.0
338,sealing_queue_boxes,1.0,2.0
339,sealing_queue_boxes,4.0,5.0
340,sealing_queue_boxes,1.0,2.0
341,sealing_queue_boxes,1.0,2.0
342,sealing_queue_boxes,1.0,2.0
343,sealing_queue_boxes,0.0,0.0
344,sealing_queue_boxes,0.5,1.0
345,sealing_queue_boxes,0.0,0.0
346,sealing_queue_boxes,0.5,1.0
347,sealing_queue_boxes,1.0,2.0
348,sealing_queue_boxes,0.0,0.0
349,sealing_queue_boxes,2.5,5.0
350,sealing_queue_boxes,1.5,3.0
351,sealing_queue_boxes,2.0,4.0
352,sealing_queue_boxes,0.5,1.0
353,sealing_queue_boxes,0.5,1.0
354,sealing_queue_boxes,0.0,0.0
355,sealing_queue_boxes,1.5,3.0
356,sealing_queue_boxes,0.5,1.0
357,sealing_queue_boxes,0.0,0.0
358,sealing_queue_boxes,1.0,2.0
359,sealing_queue_boxes,1.5,3.0
360,sealing_queue_boxes,2.0,3.0
361,sealing_queue_boxes,0.5,1.0
362,sealing_queue_boxes,1.0,2.0
363,sealing_queue_boxes,0.0,0.0
364,sealing_queue_boxes,1.5,3.0
365,sealing_queue_boxes,0.0,0.0
366,sealing_queue_boxes,0.5,1.0
367,sealing_queue_boxes,0.5,1.0
368,sealing_queue_boxes,3.0,6.0
369,sealing_queue_boxes,0.0,0.0
370,sealing_queue_boxes,0.5,1.0
371,sealing_queue_boxes,0.0,0.0
372,sealing_queue_boxes,0.0,0.0
373,sealing_queue_boxes,1.0,2.0
374,sealing_queue_boxes,1.5,3.0
375,sealing_queue_boxes,1.0,2.0
376,sealing_queue_boxes,1.5,3.0
377,sealing_queue_boxes,1.0,2.0
378,sealing_queue_boxes,1.5,3.0
379,sealing_queue_boxes,1.0,1.0
380,sealing_queue_boxes,3.0,6.0
381,sealing_queue_boxes,1.0,2.0
382,sealing_queue_boxes,2.5,4.0
383,sealing_queue_boxes,0.5,1.0
384,sealing_queue_boxes,1.0,2.0
385,sealing_queue_boxes,2.0,3.0
386,sealing_queue_boxes,0.0,0.0
387,sealing_queue_boxes,1.0,2.0
388,sealing_queue_boxes,2.0,4.0
389,sealing_queue_boxes,0.5,1.0
390,sealing_queue_boxes,0.5,1.0
391,sealing_queue_boxes,1.0,2.0
392,sealing_queue_boxes,1.5,3.0
393,sealing_queue_boxes,1.5,2.0
394,sealing_queue_boxes,0.0,0.0
395,sealing_queue_boxes,1.0,2.0
396,sealing_queue_boxes,1.5,3.0
397,sealing_queue_boxes,1.0,2.0
398,sealing_queue_boxes,0.5,1.0
399,sealing_queue_boxes,1.0,2.0
400,sealing_queue_boxes,1.0,2.0
401,sealing_queue_boxes,1.0,2.0
402,sealing_queue_boxes,0.5,1.0
403,sealing_queue_boxes,0.0,0.0
404,sealing_queue_boxes,0.0,0.0
405,sealing_queue_boxes,2.0,4.0
406,sealing_queue_boxes,2.0,4.0
407,sealing_queue_boxes,1.0,2.0
408,sealing_queue_boxes,1.5,3.0
409,sealing_queue_boxes,1.0,2.0
410,sealing_queue_boxes,2.5,3.0
411,sealing_queue_boxes,1.0,1.0
412,sealing_queue_boxes,1.0,2.0
413,sealing_queue_boxes,0.0,0.0
414,sealing_queue_boxes,1.5,2.0
415,sealing_queue_boxes,2.0,2.0
416,sealing_queue_boxes,1.5,2.0
417,sealing_queue_boxes,0.5,1.0
418,sealing_queue_boxes,1.0,1.0
419,sealing_queue_boxes,1.0,2.0
420,sealing_queue_boxes,3.5,7.0
421,sealing_queue_boxes,0.0,0.0
422,sealing_queue_boxes,1.0,1.0
423,sealing_queue_boxes,0.5,1.0
424,sealing_queue_boxes,1.0,2.0
425,sealing_queue_boxes,0.0,0.0
426,sealing_queue_boxes,1.0,2.0
427,sealing_queue_boxes,2.0,4.0
428,sealing_queue_boxes,1.0,2.0
429,sealing_queue_boxes,0.5,1.0
430,sealing_queue_boxes,0.5,1.0
431,sealing_queue_boxes,2.5,5.0
432,sealing_queue_boxes,0.5,1.0
433,sealing_queue_boxes,2.0,4.0
434,sealing_queue_boxes,1.5,3.0
435,sealing_queue_boxes,0.5,1.0
436,sealing_queue_boxes,0.0,0.0
437,sealing_queue_boxes,0.0,0.0
438,sealing_queue_boxes,1.5,2.0
439,sealing_queue_boxes,1.0,2.0
440,sealing_queue_boxes,0.0,0.0
441,sealing_queue_boxes,0.5,1.0
442,sealing_queue_boxes,1.0,2.0
443,sealing_queue_boxes,3.0,4.0
444,sealing_queue_boxes,0.5,1.0
445,sealing_queue_boxes,1.0,2.0
446,sealing_queue_boxes,0.5,1.0
447,sealing_queue_boxes,1.0,1.0
448,sealing_queue_boxes,1.0,2.0
449,sealing_queue_boxes,1.0,2.0
450,sealing_queue_boxes,0.0,0.0
451,sealing_queue_boxes,1.0,2.0
452,sealing_queue_boxes,2.5,3.0
453,sealing_queue_boxes,1.0,2.0
454,sealing_queue_boxes,0.5,1.0
455,sealing_queue_boxes,2.0,2.0
456,sealing_queue_boxes,1.5,2.0
457,sealing_queue_boxes,2.0,4.0
458,sealing_queue_boxes,1.0,2.0
459,sealing_queue_boxes,1.0,2.0
460,sealing_queue_boxes,0.0,0.0
461,sealing_queue_boxes,2.0,4.0
462,sealing_queue_boxes,1.5,2.0
463,sealing_queue_boxes,1.0,2.0
464,sealing_queue_boxes,0.0,0.0
465,sealing_queue_boxes,1.0,1.0
466,sealing_queue_boxes,0.0,0.0
467,sealing_queue_boxes,1.0,2.0
468,sealing_queue_boxes,0.0,0.0
469,sealing_queue_boxes,1.0,2.0
470,sealing_queue_boxes,1.0,2.0
471,sealing_queue_boxes,0.5,1.0
472,sealing_queue_boxes,0.5,1.0
473,sealing_queue_boxes,1.5,2.0
474,sealing_queue_boxes,1.5,3.0
475,sealing_queue_boxes,0.5,1.0
476,sealing_queue_boxes,2.5,5.0
477,sealing_queue_boxes,2.0,4.0
478,sealing_queue_boxes,1.5,3.0
479,sealing_queue_boxes,2.0,4.0
480,sealing_queue_boxes,1.0,2.0
481,sealing_queue_boxes,1.0,2.0
482,sealing_queue_boxes,1.0,2.0
483,sealing_queue_boxes,0.0,0.0
484,sealing_queue_boxes,1.0,2.0
485,sealing_queue_boxes,0.0,0.0
486,sealing_queue_boxes,0.0,0.0
487,sealing_queue_boxes,0.0,0.0
488,sealing_queue_boxes,1.5,2.0
489,sealing_queue_boxes,0.5,1.0
490,sealing_queue_boxes,0.5,1.0
491,sealing_queue_boxes,0.5,1.0
492,sealing_queue_boxes,0.5,1.0
493,sealing_queue_boxes,1.5,3.0
494,sealing_queue_boxes,1.5,3.0
495,sealing_queue_boxes,1.5,2.0
496,sealing_queue_boxes,0.0,0.0
497,sealing_queue_boxes,1.0,2.0
498,sealing_queue_boxes,1.0,2.0
499,sealing_queue_boxes,1.0,2.0
500,sealing_queue_boxes,0.0,0.0
501,sealing_queue_boxes,0.5,1.0
502,sealing_queue_boxes,0.5,1.0
503,sealing_queue_boxes,1.5,3.0
504,sealing_queue_boxes,3.0,6.0
505,sealing_queue_boxes,0.5,1.0
506,sealing_queue_boxes,2.0,3.0
507,sealing_queue_boxes,0.5,1.0
508,sealing_queue_boxes,0.0,0.0
509,sealing_queue_boxes,1.0,2.0
510,sealing_queue_boxes,0.5,1.0
511,sealing_queue_boxes,2.5,5.0
512,sealing_queue_boxes,1.5,3.0
513,sealing_queue_boxes,1.5,2.0
514,sealing_queue_boxes,1.0,2.0
515,sealing_queue_boxes,2.0,3.0
516,sealing_queue_boxes,1.5,2.0
517,sealing_queue_boxes,2.0,3.0
518,sealing_queue_boxes,0.5,1.0
519,sealing_queue_boxes,0.5,1.0
520,sealing_queue_boxes,2.0,4.0
521,sealing_queue_boxes,0.0,0.0
522,sealing_queue_boxes,2.5,5.0
523,sealing_queue_boxes,2.0,4.0
524,sealing_queue_boxes,0.5,1.0
525,sealing_queue_boxes,2.0,4.0
526,sealing_queue_boxes,1.0,2.0
527,sealing_queue_boxes,0.5,1.0
528,sealing_queue_boxes,1.5,3.0
529,sealing_queue_boxes,0.5,1.0
530,sealing_queue_boxes,0.0,0.0
531,sealing_queue_boxes,0.5,1.0
532,sealing_queue_boxes,0.5,1.0
533,sealing_queue_boxes,2.0,2.0
534,sealing_queue_boxes,1.5,3.0
535,sealing_queue_boxes,0.5,1.0
536,sealing_queue_boxes,1.0,2.0
537,sealing_queue_boxes,1.0,2.0
538,sealing_queue_boxes,0.0,0.0
539,sealing_queue_boxes,2.5,5.0
540,sealing_queue_boxes,0.5,1.0
541,sealing_queue_boxes,0.5,1.0
542,sealing_queue_boxes,0.5,1.0
543,sealing_queue_boxes,2.0,4.0
544,sealing_queue_boxes,1.0,2.0
545,sealing_queue_boxes,2.0,4.0
546,sealing_queue_boxes,0.5,1.0
547,sealing_queue_boxes,0.5,1.0
548,sealing_queue_boxes,1.5,3.0
549,sealing_queue_boxes,1.0,2.0
550,sealing_queue_boxes,0.0,0.0
551,sealing_queue_boxes,1.0,2.0
552,sealing_queue_boxes,1.0,2.0
553,sealing_queue_boxes,1.5,3.0
554,sealing_queue_boxes,0.5,1.0
555,sealing_queue_boxes,1.0,2.0
556,sealing_queue_boxes,2.0,3.0
557,sealing_queue_boxes,1.0,2.0
558,sealing_queue_boxes,0.5,1.0
559,sealing_queue_boxes,0.0,0.0
560,sealing_queue_boxes,1.0,2.0
561,sealing_queue_boxes,1.0,2.0
562,sealing_queue_boxes,1.0,2.0
563,sealing_queue_boxes,1.0,2.0
564,sealing_queue_boxes,0.5,1.0
565,sealing_queue_boxes,1.5,2.0
566,sealing_queue_boxes,1.5,2.0
567,sealing_queue_boxes,1.5,3.0
568,sealing_queue_boxes,0.5,1.0
569,sealing_queue_boxes,2.0,3.0
570,sealing_queue_boxes,0.5,1.0
571,sealing_queue_boxes,0.5,1.0
572,sealing_queue_boxes,3.0,6.0
573,sealing_queue_boxes,1.5,2.0
574,sealing_queue_boxes,0.5,1.0
575,sealing_queue_boxes,2.5,5.0
576,sealing_queue_boxes,1.5,3.0
577,sealing_queue_boxes,1.0,2.0
578,sealing_queue_boxes,0.5,1.0
579,sealing_queue_boxes,0.0,0.0
580,sealing_queue_boxes,1.0,2.0
581,sealing_queue_boxes,0.5,1.0
582,sealing_queue_boxes,1.5,3.0
583,sealing_queue_boxes,1.5,3.0
584,sealing_queue_boxes,0.5,1.0
585,sealing_queue_boxes,0.0,0.0
586,sealing_queue_boxes,0.0,0.0
587,sealing_queue_boxes,0.5,1.0
588,sealing_queue_boxes,0.5,1.0
589,sealing_queue_boxes,0.5,1.0
590,sealing_queue_boxes,1.5,3.0
591,sealing_queue_boxes,1.0,1.0
592,sealing_queue_boxes,0.5,1.0
593,sealing_queue_boxes,3.0,6.0
594,sealing_queue_boxes,2.0,4.0
595,sealing_queue_boxes,1.0,2.0
596,sealing_queue_boxes,1.0,2.0
597,sealing_queue_boxes,0.5,1.0
598,sealing_queue_boxes,2.5,5.0
599,sealing_queue_boxes,1.0,2.0
600,sealing_queue_boxes,1.0,2.0
601,sealing_queue_boxes,0.0,0.0
602,sealing_queue_boxes,0.5,1.0
603,sealing_queue_boxes,0.5,1.0
604,sealing_queue_boxes,4.0,7.0
605,sealing_queue_boxes,0.5,1.0
606,sealing_queue_boxes,1.5,3.0
607,sealing_queue_boxes,0.5,1.0
608,sealing_queue_boxes,0.5,1.0
609,sealing_queue_boxes,1.0,2.0
610,sealing_queue_boxes,1.5,3.0
611,sealing_queue_boxes,0.5,1.0
612,sealing_queue_boxes,1.0,2.0
613,sealing_queue_boxes,1.5,3.0
614,sealing_queue_boxes,0.0,0.0
615,sealing_queue_boxes,1.0,1.0
616,sealing_queue_boxes,0.5,1.0
617,sealing_queue_boxes,0.5,1.0
618,sealing_queue_boxes,0.0,0.0
619,sealing_queue_boxes,1.0,2.0
620,sealing_queue_boxes,2.0,4.0
621,sealing_queue_boxes,1.0,2.0
622,sealing_queue_boxes,2.0,4.0
623,sealing_queue_boxes,1.0,2.0
624,sealing_queue_boxes,1.0,1.0
625,sealing_queue_boxes,1.0,2.0
626,sealing_queue_boxes,1.0,2.0
627,sealing_queue_boxes,0.0,0.0
628,sealing_queue_boxes,0.0,0.0
629,sealing_queue_boxes,1.0,2.0
630,sealing_queue_boxes,1.5,2.0
631,sealing_queue_boxes,1.0,1.0
632,sealing_queue_boxes,0.5,1.0
633,sealing_queue_boxes,1.0,2.0
634,sealing_queue_boxes,0.5,1.0
635,sealing_queue_boxes,0.0,0.0
636,sealing_queue_boxes,1.0,2.0
637,sealing_queue_boxes,2.0,2.0
638,sealing_queue_boxes,2.0,4.0
639,sealing_queue_boxes,1.5,2.0
640,sealing_queue_boxes,0.5,1.0
641,sealing_queue_boxes,2.5,5.0
642,sealing_queue_boxes,0.5,1.0
643,sealing_queue_boxes,2.0,2.0
644,sealing_queue_boxes,0.0,0.0
645,sealing_queue_boxes,0.5,1.0
646,sealing_queue_boxes,0.5,1.0
647,sealing_queue_boxes,0.5,1.0
648,sealing_queue_boxes,0.5,1.0
649,sealing_queue_boxes,1.5,3.0
650,sealing_queue_boxes,2.0,4.0
651,sealing_queue_boxes,2.0,4.0
652,sealing_queue_boxes,1.5,3.0
653,sealing_queue_boxes,1.5,3.0
654,sealing_queue_boxes,1.0,2.0
655,sealing_queue_boxes,2.0,4.0
656,sealing_queue_boxes,1.0,2.0
657,sealing_queue_boxes,1.5,3.0
658,sealing_queue_boxes,2.0,3.0
659,sealing_queue_boxes,0.5,1.0
660,sealing_queue_boxes,1.0,2.0
661,sealing_queue_boxes,2.0,4.0
662,sealing_queue_boxes,1.0,1.0
663,sealing_queue_boxes,1.0,2.0
664,sealing_queue_boxes,1.0,1.0
665,sealing_queue_boxes,1.5,3.0
666,sealing_queue_boxes,1.5,3.0
667,sealing_queue_boxes,1.0,2.0
668,sealing_queue_boxes,0.5,1.0
669,sealing_queue_boxes,0.5,1.0
670,sealing_queue_boxes,0.5,1.0
671,sealing_queue_boxes,1.5,3.0
672,sealing_queue_boxes,1.0,2.0
673,sealing_queue_boxes,1.5,3.0
674,sealing_queue_boxes,0.5,1.0
675,sealing_queue_boxes,1.0,2.0
676,sealing_queue_boxes,0.5,1.0
677,sealing_queue_boxes,1.5,3.0
678,sealing_queue_boxes,0.0,0.0
679,sealing_queue_boxes,0.5,1.0
680,sealing_queue_boxes,1.0,2.0
681,sealing_queue_boxes,0.0,0.0
682,sealing_queue_boxes,1.0,2.0
683,sealing_queue_boxes,0.0,0.0
684,sealing_queue_boxes,0.5,1.0
685,sealing_queue_boxes,1.5,3.0
686,sealing_queue_boxes,0.5,1.0
687,sealing_queue_boxes,0.5,1.0
688,sealing_queue_boxes,2.0,3.0
689,sealing_queue_boxes,0.5,1.0
690,sealing_queue_boxes,1.0,2.0
691,sealing_queue_boxes,2.0,3.0
692,sealing_queue_boxes,1.0,2.0
693,sealing_queue_boxes,0.0,0.0
694,sealing_queue_boxes,0.0,0.0
695,sealing_queue_boxes,0.0,0.0
696,sealing_queue_boxes,1.5,3.0
697,sealing_queue_boxes,2.0,4.0
698,sealing_queue_boxes,1.0,2.0
699,sealing_queue_boxes,5.0,10.0
700,sealing_queue_boxes,3.5,5.0
701,sealing_queue_boxes,0.0,0.0
702,sealing_queue_boxes,1.5,2.0
703,sealing_queue_boxes,0.5,1.0
704,sealing_queue_boxes,1.0,2.0
705,sealing_queue_boxes,1.0,2.0
706,sealing_queue_boxes,1.5,2.0
707,sealing_queue_boxes,0.0,0.0
708,sealing_queue_boxes,0.0,0.0
709,sealing_queue_boxes,0.5,1.0
710,sealing_queue_boxes,0.5,1.0
711,sealing_queue_boxes,1.5,3.0
712,sealing_queue_boxes,1.0,2.0
713,sealing_queue_boxes,2.0,2.0
714,sealing_queue_boxes,1.0,2.0
715,sealing_queue_boxes,0.5,1.0
716,sealing_queue_boxes,1.0,2.0
717,sealing_queue_boxes,2.0,4.0
718,sealing_queue_boxes,2.5,4.0
719,sealing_queue_boxes,0.5,1.0
720,sealing_queue_boxes,1.0,2.0
721,sealing_queue_boxes,0.0,0.0
722,sealing_queue_boxes,0.5,1.0
723,sealing_queue_boxes,3.5,4.0
724,sealing_queue_boxes,0.0,0.0
725,sealing_queue_boxes,0.5,1.0
726,sealing_queue_boxes,1.5,2.0
727,sealing_queue_boxes,0.5,1.0
728,sealing_queue_boxes,0.5,1.0
729,sealing_queue_boxes,1.0,2.0
730,sealing_queue_boxes,4.0,5.0
731,sealing_queue_boxes,1.5,2.0
732,sealing_queue_boxes,2.0,3.0
733,sealing_queue_boxes,0.5,1.0
734,sealing_queue_boxes,0.5,1.0
735,sealing_queue_boxes,2.0,4.0
736,sealing_queue_boxes,0.5,1.0
737,sealing_queue_boxes,0.5,1.0
738,sealing_queue_boxes,1.5,3.0
739,sealing_queue_boxes,0.0,0.0
740,sealing_queue_boxes,0.5,1.0
741,sealing_queue_boxes,1.5,3.0
742,sealing_queue_boxes,0.5,1.0
743,sealing_queue_boxes,1.0,1.0
744,sealing_queue_boxes,2.0,4.0
745,sealing_queue_boxes,1.5,3.0
746,sealing_queue_boxes,2.0,4.0
747,sealing_queue_boxes,0.5,1.0
748,sealing_queue_boxes,0.0,0.0
749,sealing_queue_boxes,1.5,2.0
750,sealing_queue_boxes,0.5,1.0
751,sealing_queue_boxes,2.0,3.0
752,sealing_queue_boxes,2.5,5.0
753,sealing_queue_boxes,0.0,0.0
754,sealing_queue_boxes,0.5,1.0
755,sealing_queue_boxes,1.0,2.0
756,sealing_queue_boxes,0.5,1.0
757,sealing_queue_boxes,1.5,3.0
758,sealing_queue_boxes,0.5,1.0
759,sealing_queue_boxes,0.5,1.0
760,sealing_queue_boxes,1.5,2.0
761,sealing_queue_boxes,1.5,2.0
762,sealing_queue_boxes,3.0,6.0
763,sealing_queue_boxes,1.0,2.0
764,sealing_queue_boxes,0.5,1.0
765,sealing_queue_boxes,0.0,0.0
766,sealing_queue_boxes,0.0,0.0
767,sealing_queue_boxes,3.0,6.0
768,sealing_queue_boxes,0.5,1.0
769,sealing_queue_boxes,1.0,2.0
770,sealing_queue_boxes,1.0,2.0
771,sealing_queue_boxes,2.5,5.0
772,sealing_queue_boxes,1.0,2.0
773,sealing_queue_boxes,0.0,0.0
774,sealing_queue_boxes,1.0,2.0
775,sealing_queue_boxes,0.5,1.0
776,sealing_queue_boxes,0.0,0.0
777,sealing_queue_boxes,2.5,5.0
778,sealing_queue_boxes,1.0,2.0
779,sealing_queue_boxes,0.5,1.0
780,sealing_queue_boxes,3.0,6.0
781,sealing_queue_boxes,1.0,2.0
782,sealing_queue_boxes,0.5,1.0
783,sealing_queue_boxes,0.0,0.0
784,sealing_queue_boxes,1.0,2.0
785,sealing_queue_boxes,1.5,3.0
786,sealing_queue_boxes,2.5,5.0
787,sealing_queue_boxes,1.0,2.0
788,sealing_queue_boxes,1.0,2.0
789,sealing_queue_boxes,1.0,2.0
790,sealing_queue_boxes,1.0,2.0
791,sealing_queue_boxes,2.5,5.0
792,sealing_queue_boxes,3.5,7.0
793,sealing_queue_boxes,1.5,3.0
794,sealing_queue_boxes,0.0,0.0
795,sealing_queue_boxes,0.5,1.0
796,sealing_queue_boxes,0.5,1.0
797,sealing_queue_boxes,1.0,2.0
798,sealing_queue_boxes,0.5,1.0
799,sealing_queue_boxes,1.5,3.0
800,sealing_queue_boxes,0.5,1.0
801,sealing_queue_boxes,0.0,0.0
802,sealing_queue_boxes,0.0,0.0
803,sealing_queue_boxes,0.5,1.0
804,sealing_queue_boxes,2.0,3.0
805,sealing_queue_boxes,0.5,1.0
806,sealing_queue_boxes,0.5,1.0
807,sealing_queue_boxes,0.5,1.0
808,sealing_queue_boxes,2.0,4.0
809,sealing_queue_boxes,2.0,4.0
810,sealing_queue_boxes,1.5,3.0
811,sealing_queue_boxes,0.0,0.0
812,sealing_queue_boxes,2.5,5.0
813,sealing_queue_boxes,2.5,5.0
814,sealing_queue_boxes,1.0,2.0
815,sealing_queue_boxes,0.0,0.0
816,sealing_queue_boxes,1.5,3.0
817,sealing_queue_boxes,1.5,3.0
818,sealing_queue_boxes,0.5,1.0
819,sealing_queue_boxes,0.5,1.0
820,sealing_queue_boxes,0.5,1.0
821,sealing_queue_boxes,0.0,0.0
822,sealing_queue_boxes,1.0,2.0
823,sealing_queue_boxes,0.0,0.0
824,sealing_queue_boxes,0.5,1.0
825,sealing_queue_boxes,1.5,3.0
826,sealing_queue_boxes,1.0,1.0
827,sealing_queue_boxes,1.0,2.0
828,sealing_queue_boxes,1.0,2.0
829,sealing_queue_boxes,0.0,0.0
830,sealing_queue_boxes,0.5,1.0
831,sealing_queue_boxes,2.0,2.0
832,sealing_queue_boxes,2.5,5.0
833,sealing_queue_boxes,5.0,8.0
834,sealing_queue_boxes,1.0,2.0
835,sealing_queue_boxes,0.0,0.0
836,sealing_queue_boxes,1.5,3.0
837,sealing_queue_boxes,1.5,3.0
838,sealing_queue_boxes,1.5,3.0
839,sealing_queue_boxes,0.5,1.0
840,sealing_queue_boxes,0.5,1.0
841,sealing_queue_boxes,0.5,1.0
842,sealing_queue_boxes,0.5,1.0
843,sealing_queue_boxes,4.5,5.0
844,sealing_queue_boxes,1.5,3.0
845,sealing_queue_boxes,0.5,1.0
846,sealing_queue_boxes,1.5,3.0
847,sealing_queue_boxes,1.5,3.0
848,sealing_queue_boxes,0.0,0.0
849,sealing_queue_boxes,0.5,1.0
850,sealing_queue_boxes,1.5,3.0
851,sealing_queue_boxes,0.5,1.0
852,sealing_queue_boxes,1.5,3.0
853,sealing_queue_boxes,0.5,1.0
854,sealing_queue_boxes,0.5,1.0
855,sealing_queue_boxes,1.0,2.0
856,sealing_queue_boxes,1.5,3.0
857,sealing_queue_boxes,1.0,1.0
858,sealing_queue_boxes,3.5,7.0
859,sealing_queue_boxes,1.5,3.0
860,sealing_queue_boxes,1.0,2.0
861,sealing_queue_boxes,1.0,2.0
862,sealing_queue_boxes,1.0,2.0
863,sealing_queue_boxes,1.0,2.0
864,sealing_queue_boxes,0.0,0.0
865,sealing_queue_boxes,1.5,3.0
866,sealing_queue_boxes,1.5,3.0
867,sealing_queue_boxes,0.0,0.0
868,sealing_queue_boxes,2.0,3.0
869,sealing_queue_boxes,1.0,2.0
870,sealing_queue_boxes,0.5,1.0
871,sealing_queue_boxes,0.0,0.0
872,sealing_queue_boxes,1.5,2.0
873,sealing_queue_boxes,0.5,1.0
874,sealing_queue_boxes,1.5,3.0
875,sealing_queue_boxes,0.5,1.0
876,sealing_queue_boxes,1.0,2.0
877,sealing_queue_boxes,2.0,2.0
878,sealing_queue_boxes,0.5,1.0
879,sealing_queue_boxes,1.0,2.0
880,sealing_queue_boxes,0.0,0.0
881,sealing_queue_boxes,0.0,0.0
882,sealing_queue_boxes,0.5,1.0
883,sealing_queue_boxes,2.0,3.0
884,sealing_queue_boxes,2.5,5.0
885,sealing_queue_boxes,3.0,6.0
886,sealing_queue_boxes,3.0,6.0
887,sealing_queue_boxes,0.5,1.0
888,sealing_queue_boxes,0.0,0.0
889,sealing_queue_boxes,1.5,2.0
890,sealing_queue_boxes,1.0,2.0
891,sealing_queue_boxes,0.5,1.0
892,sealing_queue_boxes,0.5,1.0
893,sealing_queue_boxes,1.0,2.0
894,sealing_queue_boxes,0.0,0.0
895,sealing_queue_boxes,1.5,2.0
896,sealing_queue_boxes,1.0,2.0
897,sealing_queue_boxes,0.0,0.0
898,sealing_queue_boxes,0.5,1.0
899,sealing_queue_boxes,2.5,5.0
900,sealing_queue_boxes,1.0,2.0
901,sealing_queue_boxes,1.5,3.0
902,sealing_queue_boxes,2.0,4.0
903,sealing_queue_boxes,1.0,1.0
904,sealing_queue_boxes,1.0,2.0
905,sealing_queue_boxes,1.0,2.0
906,sealing_queue_boxes,1.0,2.0
907,sealing_queue_boxes,1.5,3.0
908,sealing_queue_boxes,1.5,3.0
909,sealing_queue_boxes,1.0,2.0
910,sealing_queue_boxes,0.0,0.0
911,sealing_queue_boxes,1.0,2.0
912,sealing_queue_boxes,0.5,1.0
913,sealing_queue_boxes,0.0,0.0
914,sealing_queue_boxes,1.0,2.0
915,sealing_queue_boxes,1.5,3.0
916,sealing_queue_boxes,1.5,3.0
917,sealing_queue_boxes,0.0,0.0
918,sealing_queue_boxes,0.5,1.0
919,sealing_queue_boxes,1.0,2.0
920,sealing_queue_boxes,1.0,2.0
921,sealing_queue_boxes,0.0,0.0
922,sealing_queue_boxes,0.5,1.0
923,sealing_queue_boxes,0.0,0.0
924,sealing_queue_boxes,2.0,3.0
925,sealing_queue_boxes,3.5,6.0
926,sealing_queue_boxes,0.5,1.0
927,sealing_queue_boxes,0.5,1.0
928,sealing_queue_boxes,0.5,1.0
929,sealing_queue_boxes,3.0,3.0
930,sealing_queue_boxes,1.5,3.0
931,sealing_queue_boxes,2.0,3.0
932,sealing_queue_boxes,1.5,3.0
933,sealing_queue_boxes,1.5,3.0
934,sealing_queue_boxes,0.0,0.0
935,sealing_queue_boxes,1.0,2.0
936,sealing_queue_boxes,1.0,2.0
937,sealing_queue_boxes,0.5,1.0
938,sealing_queue_boxes,0.5,1.0
939,sealing_queue_boxes,2.0,4.0
940,sealing_queue_boxes,0.5,1.0
941,sealing_queue_boxes,0.0,0.0
942,sealing_queue_boxes,1.5,3.0
943,sealing_queue_boxes,0.5,1.0
944,sealing_queue_boxes,1.5,3.0
945,sealing_queue_boxes,0.0,0.0
946,sealing_queue_boxes,0.5,1.0
947,sealing_queue_boxes,1.5,3.0
948,sealing_queue_boxes,0.5,1.0
949,sealing_queue_boxes,1.0,2.0
950,sealing_queue_boxes,1.5,3.0
951,sealing_queue_boxes,0.0,0.0
952,sealing_queue_boxes,2.5,3.0
953,sealing_queue_boxes,2.5,3.0
954,sealing_queue_boxes,1.0,2.0
955,sealing_queue_boxes,1.0,2.0
956,sealing_queue_boxes,3.0,5.0
957,sealing_queue_boxes,0.5,1.0
958,sealing_queue_boxes,1.5,3.0
959,sealing_queue_boxes,0.0,0.0
960,sealing_queue_boxes,1.0,2.0
961,sealing_queue_boxes,2.5,3.0
962,sealing_queue_boxes,2.0,3.0
963,sealing_queue_boxes,1.0,2.0
964,sealing_queue_boxes,0.0,0.0
965,sealing_queue_boxes,2.5,3.0
966,sealing_queue_boxes,1.0,2.0
967,sealing_queue_boxes,0.5,1.0
968,sealing_queue_boxes,1.5,3.0
969,sealing_queue_boxes,0.5,1.0
970,sealing_queue_boxes,0.0,0.0
971,sealing_queue_boxes,1.5,3.0
972,sealing_queue_boxes,1.5,2.0
973,sealing_queue_boxes,0.5,1.0
974,sealing_queue_boxes,0.0,0.0
975,sealing_queue_boxes,0.5,1.0
976,sealing_queue_boxes,1.0,2.0
977,sealing_queue_boxes,1.5,3.0
978,sealing_queue_boxes,1.5,3.0
979,sealing_queue_boxes,0.5,1.0
980,sealing_queue_boxes,0.5,1.0
981,sealing_queue_boxes,0.5,1.0
982,sealing_queue_boxes,3.0,5.0
983,sealing_queue_boxes,2.5,5.0
984,sealing_queue_boxes,1.0,2.0
985,sealing_queue_boxes,0.5,1.0
986,sealing_queue_boxes,0.5,1.0
987,sealing_queue_boxes,0.5,1.0
988,sealing_queue_boxes,3.0,6.0
989,sealing_queue_boxes,0.5,1.0
990,sealing_queue_boxes,2.0,4.0
991,sealing_queue_boxes,0.0,0.0
992,sealing_queue_boxes,1.5,3.0
993,sealing_queue_boxes,1.0,2.0
994,sealing_queue_boxes,0.5,1.0
995,sealing_queue_boxes,1.5,3.0
996,sealing_queue_boxes,2.5,5.0
997,sealing_queue_boxes,0.5,1.0
998,sealing_queue_boxes,1.0,2.0
999,sealing_queue_boxes,0.0,0.0
1000,sealing_queue_boxes,6.0,6.0
1001,sealing_queue_boxes,0.5,1.0
1002,sealing_queue_boxes,1.0,2.0
1003,sealing_queue_boxes,0.0,0.0
1004,sealing_queue_boxes,0.0,0.0
1005,sealing_queue_boxes,1.0,2.0
1006,sealing_queue_boxes,1.0,2.0
1007,sealing_queue_boxes,1.0,2.0
1008,sealing_queue_boxes,0.0,0.0
1009,sealing_queue_boxes,1.0,1.0
1010,sealing_queue_boxes,1.0,1.0
1011,sealing_queue_boxes,1.0,1.0
1012,sealing_queue_boxes,0.5,1.0
1013,sealing_queue_boxes,3.0,4.0
1014,sealing_queue_boxes,0.0,0.0
1015,sealing_queue_boxes,0.5,1.0
1016,sealing_queue_boxes,1.0,2.0
1017,sealing_queue_boxes,1.0,2.0
1018,sealing_queue_boxes,0.0,0.0
1019,sealing_queue_boxes,0.5,1.0
1020,sealing_queue_boxes,0.0,0.0
1021,sealing_queue_boxes,0.5,1.0
1022,sealing_queue_boxes,0.5,1.0
1023,sealing_queue_boxes,1.5,3.0
1024,sealing_queue_boxes,1.0,2.0
1025,sealing_queue_boxes,0.5,1.0
1026,sealing_queue_boxes,1.0,2.0
1027,sealing_queue_boxes,1.0,2.0
1028,sealing_queue_boxes,3.0,4.0
1029,sealing_queue_boxes,1.5,2.0
1030,sealing_queue_boxes,1.5,3.0
1031,sealing_queue_boxes,1.5,3.0
1032,sealing_queue_boxes,2.0,4.0
1033,sealing_queue_boxes,0.5,1.0
1034,sealing_queue_boxes,1.0,2.0
1035,sealing_queue_boxes,1.0,1.0
1036,sealing_queue_boxes,1.0,1.0
1037,sealing_queue_boxes,0.5,1.0
1038,sealing_queue_boxes,1.5,2.0
1039,sealing_queue_boxes,1.0,2.0
1040,sealing_queue_boxes,1.5,3.0
1041,sealing_queue_boxes,0.5,1.0
1042,sealing_queue_boxes,0.0,0.0
1043,sealing_queue_boxes,2.5,3.0
1044,sealing_queue_boxes,1.0,2.0
1045,sealing_queue_boxes,0.0,0.0
1046,sealing_queue_boxes,3.0,4.0
1047,sealing_queue_boxes,1.5,3.0
1048,sealing_queue_boxes,1.0,1.0
1049,sealing_queue_boxes,1.5,3.0
1050,sealing_queue_boxes,0.5,1.0
1051,sealing_queue_boxes,1.0,2.0
1052,sealing_queue_boxes,2.0,2.0
1053,sealing_queue_boxes,0.5,1.0
1054,sealing_queue_boxes,1.0,2.0
1055,sealing_queue_boxes,1.5,3.0
1056,sealing_queue_boxes,1.0,1.0
1057,sealing_queue_boxes,0.5,1.0
1058,sealing_queue_boxes,0.5,1.0
1059,sealing_queue_boxes,1.0,2.0
1060,sealing_queue_boxes,1.0,2.0
1061,sealing_queue_boxes,3.0,3.0
1062,sealing_queue_boxes,1.0,2.0
1063,sealing_queue_boxes,1.5,3.0
1064,sealing_queue_boxes,0.5,1.0
1065,sealing_queue_boxes,0.5,1.0
1066,sealing_queue_boxes,2.0,3.0
1067,sealing_queue_boxes,1.0,2.0
1068,sealing_queue_boxes,1.0,2.0
1069,sealing_queue_boxes,0.5,1.0
1070,sealing_queue_boxes,1.5,3.0
1071,sealing_queue_boxes,0.0,0.0
1072,sealing_queue_boxes,1.0,2.0
1073,sealing_queue_boxes,1.5,2.0
1074,sealing_queue_boxes,2.0,4.0
1075,sealing_queue_boxes,1.0,2.0
1076,sealing_queue_boxes,2.0,4.0
1077,sealing_queue_boxes,0.5,1.0
1078,sealing_queue_boxes,1.0,2.0
1079,sealing_queue_boxes,1.0,2.0
1080,sealing_queue_boxes,0.0,0.0
1081,sealing_queue_boxes,1.0,2.0
1082,sealing_queue_boxes,2.0,3.0
1083,sealing_queue_boxes,0.5,1.0
1084,sealing_queue_boxes,0.5,1.0
1085,sealing_queue_boxes,1.0,2.0
1086,sealing_queue_boxes,0.5,1.0
1087,sealing_queue_boxes,1.0,2.0
1088,sealing_queue_boxes,2.0,2.0
1089,sealing_queue_boxes,0.5,1.0
1090,sealing_queue_boxes,0.0,0.0
1091,sealing_queue_boxes,0.5,1.0
1092,sealing_queue_boxes,0.5,1.0
1093,sealing_queue_boxes,1.5,3.0
1094,sealing_queue_boxes,1.0,2.0
1095,sealing_queue_boxes,0.0,0.0
1096,sealing_queue_boxes,2.5,4.0
1097,sealing_queue_boxes,3.0,6.0
1098,sealing_queue_boxes,3.0,3.0
1099,sealing_queue_boxes,1.0,2.0
1100,sealing_queue_boxes,1.5,3.0
1101,sealing_queue_boxes,0.5,1.0
1102,sealing_queue_boxes,3.0,6.0
1103,sealing_queue_boxes,2.0,4.0
1104,sealing_queue_boxes,0.5,1.0
1105,sealing_queue_boxes,0.5,1.0
1106,sealing_queue_boxes,2.0,2.0
1107,sealing_queue_boxes,0.5,1.0
1108,sealing_queue_boxes,1.0,1.0
1109,sealing_queue_boxes,2.5,5.0
1110,sealing_queue_boxes,0.0,0.0
1111,sealing_queue_boxes,0.0,0.0
1112,sealing_queue_boxes,3.5,5.0
1113,sealing_queue_boxes,0.5,1.0
1114,sealing_queue_boxes,3.0,3.0
1115,sealing_queue_boxes,2.0,4.0
1116,sealing_queue_boxes,0.5,1.0
1117,sealing_queue_boxes,1.0,2.0
1118,sealing_queue_boxes,0.0,0.0
1119,sealing_queue_boxes,1.5,3.0
1120,sealing_queue_boxes,1.0,2.0
1121,sealing_queue_boxes,2.0,3.0
1122,sealing_queue_boxes,1.5,3.0
1123,sealing_queue_boxes,1.0,2.0
1124,sealing_queue_boxes,1.0,2.0
1125,sealing_queue_boxes,0.5,1.0
1126,sealing_queue_boxes,1.0,1.0
1127,sealing_queue_boxes,0.0,0.0
1128,sealing_queue_boxes,0.5,1.0
1129,sealing_queue_boxes,1.0,2.0
1130,sealing_queue_boxes,0.5,1.0
1131,sealing_queue_boxes,3.0,6.0
1132,sealing_queue_boxes,0.0,0.0
1133,sealing_queue_boxes,2.0,4.0
1134,sealing_queue_boxes,2.5,4.0
1135,sealing_queue_boxes,0.0,0.0
1136,sealing_queue_boxes,2.0,4.0
1137,sealing_queue_boxes,2.5,5.0
1138,sealing_queue_boxes,1.0,1.0
1139,sealing_queue_boxes,2.0,3.0
1140,sealing_queue_boxes,0.5,1.0
1141,sealing_queue_boxes,0.0,0.0
1142,sealing_queue_boxes,1.5,3.0
1143,sealing_queue_boxes,1.0,2.0
1144,sealing_queue_boxes,4.5,6.0
1145,sealing_queue_boxes,0.5,1.0
1146,sealing_queue_boxes,2.0,4.0
1147,sealing_queue_boxes,0.0,0.0
1148,sealing_queue_boxes,1.0,2.0
1149,sealing_queue_boxes,2.5,3.0
1150,sealing_queue_boxes,1.5,3.0
1151,sealing_queue_boxes,0.0,0.0
1152,sealing_queue_boxes,0.5,1.0
1153,sealing_queue_boxes,0.5,1.0
1154,sealing_queue_boxes,1.0,2.0
1155,sealing_queue_boxes,0.5,1.0
1156,sealing_queue_boxes,0.5,1.0
1157,sealing_queue_boxes,1.0,2.0
1158,sealing_queue_boxes,1.5,3.0
1159,sealing_queue_boxes,1.5,3.0
1160,sealing_queue_boxes,1.0,2.0
1161,sealing_queue_boxes,0.0,0.0
1162,sealing_queue_boxes,0.0,0.0
1163,sealing_queue_boxes,2.0,3.0
1164,sealing_queue_boxes,1.0,1.0
1165,sealing_queue_boxes,0.0,0.0
1166,sealing_queue_boxes,1.5,3.0
1167,sealing_queue_boxes,1.5,3.0
1168,sealing_queue_boxes,1.5,3.0
1169,sealing_queue_boxes,1.5,3.0
1170,sealing_queue_boxes,0.0,0.0
1171,sealing_queue_boxes,0.5,1.0
1172,sealing_queue_boxes,3.5,5.0
1173,sealing_queue_boxes,0.5,1.0
1174,sealing_queue_boxes,2.0,2.0
1175,sealing_queue_boxes,1.5,3.0
1176,sealing_queue_boxes,1.5,2.0
1177,sealing_queue_boxes,1.0,2.0
1178,sealing_queue_boxes,0.5,1.0
1179,sealing_queue_boxes,0.0,0.0
1180,sealing_queue_boxes,0.5,1.0
1181,sealing_queue_boxes,1.5,3.0
1182,sealing_queue_boxes,3.0,6.0
1183,sealing_queue_boxes,0.5,1.0
1184,sealing_queue_boxes,1.5,2.0
1185,sealing_queue_boxes,1.5,3.0
1186,sealing_queue_boxes,2.5,3.0
1187,sealing_queue_boxes,0.0,0.0
1188,sealing_queue_boxes,0.0,0.0
1189,sealing_queue_boxes,0.5,1.0
1190,sealing_queue_boxes,0.5,1.0
1191,sealing_queue_boxes,1.5,3.0
1192,sealing_queue_boxes,2.0,4.0
1193,sealing_queue_boxes,0.5,1.0
1194,sealing_queue_boxes,1.0,2.0
1195,sealing_queue_boxes,1.0,2.0
1196,sealing_queue_boxes,2.5,5.0
1197,sealing_queue_boxes,0.0,0.0
1198,sealing_queue_boxes,0.5,1.0
1199,sealing_queue_boxes,0.0,0.0
1200,sealing_queue_boxes,4.0,8.0
1201,sealing_queue_boxes,0.0,0.0
1202,sealing_queue_boxes,1.0,2.0
1203,sealing_queue_boxes,1.5,2.0
1204,sealing_queue_boxes,0.5,1.0
1205,sealing_queue_boxes,0.5,1.0
1206,sealing_queue_boxes,2.0,2.0
1207,sealing_queue_boxes,0.5,1.0
1208,sealing_queue_boxes,0.5,1.0
1209,sealing_queue_boxes,0.5,1.0
1210,sealing_queue_boxes,1.5,3.0
1211,sealing_queue_boxes,2.0,4.0
1212,sealing_queue_boxes,0.5,1.0
1213,sealing_queue_boxes,2.0,4.0
1214,sealing_queue_boxes,1.0,2.0
1215,sealing_queue_boxes,2.0,4.0
1216,sealing_queue_boxes,0.0,0.0
1217,sealing_queue_boxes,1.0,2.0
1218,sealing_queue_boxes,0.0,0.0
1219,sealing_queue_boxes,0.0,0.0
1220,sealing_queue_boxes,1.0,2.0
1221,sealing_queue_boxes,1.0,2.0
1222,sealing_queue_boxes,0.5,1.0
1223,sealing_queue_boxes,1.0,2.0
1224,sealing_queue_boxes,0.5,1.0
1225,sealing_queue_boxes,0.5,1.0
1226,sealing_queue_boxes,0.0,0.0
1227,sealing_queue_boxes,2.0,4.0
1228,sealing_queue_boxes,1.5,3.0
1229,sealing_queue_boxes,0.0,0.0
1230,sealing_queue_boxes,3.0,4.0
1231,sealing_queue_boxes,0.5,1.0
1232,sealing_queue_boxes,1.0,2.0
1233,sealing_queue_boxes,0.0,0.0
1234,sealing_queue_boxes,1.0,2.0
1235,sealing_queue_boxes,0.0,0.0
1236,sealing_queue_boxes,0.5,1.0
1237,sealing_queue_boxes,1.5,3.0
1238,sealing_queue_boxes,0.5,1.0
1239,sealing_queue_boxes,3.5,4.0
1240,sealing_queue_boxes,0.0,0.0
1241,sealing_queue_boxes,0.0,0.0
1242,sealing_queue_boxes,0.0,0.0
1243,sealing_queue_boxes,0.0,0.0
1244,sealing_queue_boxes,2.0,4.0
1245,sealing_queue_boxes,0.0,0.0
1246,sealing_queue_boxes,1.0,2.0
1247,sealing_queue_boxes,1.0,2.0
1248,sealing_queue_boxes,0.0,0.0
1249,sealing_queue_boxes,4.0,7.0
1250,sealing_queue_boxes,0.0,0.0
1251,sealing_queue_boxes,0.0,0.0
1252,sealing_queue_boxes,2.5,5.0
1253,sealing_queue_boxes,0.5,1.0
1254,sealing_queue_boxes,0.0,0.0
1255,sealing_queue_boxes,1.0,2.0
1256,sealing_queue_boxes,2.0,4.0
1257,sealing_queue_boxes,2.0,4.0
1258,sealing_queue_boxes,0.5,1.0
1259,sealing_queue_boxes,1.0,1.0
1260,sealing_queue_boxes,0.5,1.0
1261,sealing_queue_boxes,1.0,2.0
1262,sealing_queue_boxes,1.5,3.0
1263,sealing_queue_boxes,1.5,3.0
1264,sealing_queue_boxes,0.0,0.0
1265,sealing_queue_boxes,1.5,3.0
1266,sealing_queue_boxes,0.0,0.0
1267,sealing_queue_boxes,2.5,4.0
1268,sealing_queue_boxes,1.0,2.0
1269,sealing_queue_boxes,0.0,0.0
1270,sealing_queue_boxes,1.5,3.0
1271,sealing_queue_boxes,1.5,3.0
1272,sealing_queue_boxes,0.0,0.0
1273,sealing_queue_boxes,0.5,1.0
1274,sealing_queue_boxes,2.0,2.0
1275,sealing_queue_boxes,3.0,3.0
1276,sealing_queue_boxes,1.0,2.0
1277,sealing_queue_boxes,0.0,0.0
1278,sealing_queue_boxes,1.5,2.0
1279,sealing_queue_boxes,1.0,2.0
1280,sealing_queue_boxes,1.5,3.0
1281,sealing_queue_boxes,3.0,6.0
1282,sealing_queue_boxes,1.0,2.0
1283,sealing_queue_boxes,1.0,2.0
1284,sealing_queue_boxes,0.0,0.0
1285,sealing_queue_boxes,1.0,2.0
1286,sealing_queue_boxes,1.5,3.0
1287,sealing_queue_boxes,1.0,2.0
1288,sealing_queue_boxes,5.5,7.0
1289,sealing_queue_boxes,0.0,0.0
1290,sealing_queue_boxes,1.5,3.0
1291,sealing_queue_boxes,1.0,2.0
1292,sealing_queue_boxes,1.0,2.0
1293,sealing_queue_boxes,0.0,0.0
1294,sealing_queue_boxes,2.0,4.0
1295,sealing_queue_boxes,0.0,0.0
1296,sealing_queue_boxes,1.0,2.0
1297,sealing_queue_boxes,1.0,2.0
1298,sealing_queue_boxes,4.0,4.0
1299,sealing_queue_boxes,0.0,0.0
1300,sealing_queue_boxes,1.0,2.0
1301,sealing_queue_boxes,0.5,1.0
1302,sealing_queue_boxes,1.5,3.0
1303,sealing_queue_boxes,0.0,0.0
1304,sealing_queue_boxes,2.0,4.0
1305,sealing_queue_boxes,0.5,1.0
1306,sealing_queue_boxes,0.5,1.0
1307,sealing_queue_boxes,0.5,1.0
1308,sealing_queue_boxes,2.0,2.0
1309,sealing_queue_boxes,1.5,3.0
1310,sealing_queue_boxes,0.0,0.0
1311,sealing_queue_boxes,1.5,3.0
1312,sealing_queue_boxes,2.0,4.0
1313,sealing_queue_boxes,1.0,1.0
1314,sealing_queue_boxes,1.0,2.0
1315,sealing_queue_boxes,1.0,2.0
1316,sealing_queue_boxes,0.5,1.0
1317,sealing_queue_boxes,0.5,1.0
1318,sealing_queue_boxes,3.5,4.0
1319,sealing_queue_boxes,1.5,3.0
1320,sealing_queue_boxes,0.5,1.0
1321,sealing_queue_boxes,1.5,3.0
1322,sealing_queue_boxes,0.0,0.0
1323,sealing_queue_boxes,0.0,0.0
1324,sealing_queue_boxes,2.0,4.0
1325,sealing_queue_boxes,1.0,2.0
1326,sealing_queue_boxes,0.5,1.0
1327,sealing_queue_boxes,1.0,2.0
1328,sealing_queue_boxes,1.0,2.0
1329,sealing_queue_boxes,1.0,2.0
1330,sealing_queue_boxes,0.5,1.0
1331,sealing_queue_boxes,1.5,3.0
1332,sealing_queue_boxes,2.0,4.0
1333,sealing_queue_boxes,0.0,0.0
1334,sealing_queue_boxes,2.0,4.0
1335,sealing_queue_boxes,1.0,2.0
1336,sealing_queue_boxes,0.5,1.0
1337,sealing_queue_boxes,1.0,2.0
1338,sealing_queue_boxes,1.5,2.0
1339,sealing_queue_boxes,0.5,1.0
1340,sealing_queue_boxes,0.0,0.0
1341,sealing_queue_boxes,0.5,1.0
1342,sealing_queue_boxes,0.5,1.0
1343,sealing_queue_boxes,0.5,1.0
1344,sealing_queue_boxes,2.0,4.0
1345,sealing_queue_boxes,0.5,1.0
1346,sealing_queue_boxes,2.0,4.0
1347,sealing_queue_boxes,0.5,1.0
1348,sealing_queue_boxes,1.5,2.0
1349,sealing_queue_boxes,1.0,2.0
1350,sealing_queue_boxes,0.5,1.0
1351,sealing_queue_boxes,2.5,3.0
1352,sealing_queue_boxes,1.0,2.0
1353,sealing_queue_boxes,0.0,0.0
1354,sealing_queue_boxes,1.0,2.0
1355,sealing_queue_boxes,1.5,3.0
1356,sealing_queue_boxes,1.5,3.0
1357,sealing_queue_boxes,1.5,3.0
1358,sealing_queue_boxes,0.0,0.0
1359,sealing_queue_boxes,0.0,0.0
1360,sealing_queue_boxes,2.5,5.0
1361,sealing_queue_boxes,1.0,2.0
1362,sealing_queue_boxes,0.5,1.0
1363,sealing_queue_boxes,1.0,2.0
1364,sealing_queue_boxes,2.5,5.0
1365,sealing_queue_boxes,0.5,1.0
1366,sealing_queue_boxes,2.0,2.0
1367,sealing_queue_boxes,0.5,1.0
1368,sealing_queue_boxes,0.5,1.0
1369,sealing_queue_boxes,2.5,5.0
1370,sealing_queue_boxes,1.5,2.0
1371,sealing_queue_boxes,1.0,2.0
1372,sealing_queue_boxes,0.5,1.0
1373,sealing_queue_boxes,2.0,4.0
1374,sealing_queue_boxes,0.5,1.0
1375,sealing_queue_boxes,0.0,0.0
1376,sealing_queue_boxes,3.0,6.0
1377,sealing_queue_boxes,1.5,2.0
1378,sealing_queue_boxes,1.5,3.0
1379,sealing_queue_boxes,1.5,3.0
1380,sealing_queue_boxes,1.0,2.0
1381,sealing_queue_boxes,0.5,1.0
1382,sealing_queue_boxes,1.0,2.0
1383,sealing_queue_boxes,2.5,5.0
1384,sealing_queue_boxes,2.0,4.0
1385,sealing_queue_boxes,2.5,3.0
1386,sealing_queue_boxes,0.0,0.0
1387,sealing_queue_boxes,0.5,1.0
1388,sealing_queue_boxes,0.0,0.0
1389,sealing_queue_boxes,1.0,2.0
1390,sealing_queue_boxes,0.0,0.0
1391,sealing_queue_boxes,1.0,1.0
1392,sealing_queue_boxes,2.0,4.0
1393,sealing_queue_boxes,0.5,1.0
1394,sealing_queue_boxes,0.5,1.0
1395,sealing_queue_boxes,1.0,2.0
1396,sealing_queue_boxes,1.0,2.0
1397,sealing_queue_boxes,1.5,3.0
1398,sealing_queue_boxes,3.5,7.0
1399,sealing_queue_boxes,1.5,2.0
1400,sealing_queue_boxes,0.5,1.0
1401,sealing_queue_boxes,0.0,0.0
1402,sealing_queue_boxes,1.5,3.0
1403,sealing_queue_boxes,1.0,1.0
1404,sealing_queue_boxes,1.5,3.0
1405,sealing_queue_boxes,0.0,0.0
1406,sealing_queue_boxes,1.0,2.0
1407,sealing_queue_boxes,1.0,2.0
1408,sealing_queue_boxes,0.0,0.0
1409,sealing_queue_boxes,1.0,2.0
1410,sealing_queue_boxes,1.0,2.0
1411,sealing_queue_boxes,1.0,2.0
1412,sealing_queue_boxes,0.0,0.0
1413,sealing_queue_boxes,1.0,2.0
1414,sealing_queue_boxes,3.0,6.0
1415,sealing_queue_boxes,0.5,1.0
1416,sealing_queue_boxes,0.5,1.0
1417,sealing_queue_boxes,0.5,1.0
1418,sealing_queue_boxes,1.5,3.0
1419,sealing_queue_boxes,1.0,2.0
1420,sealing_queue_boxes,0.5,1.0
1421,sealing_queue_boxes,1.0,2.0
1422,sealing_queue_boxes,0.5,1.0
1423,sealing_queue_boxes,0.5,1.0
1424,sealing_queue_boxes,2.0,2.0
1425,sealing_queue_boxes,1.5,3.0
1426,sealing_queue_boxes,1.0,2.0
1427,sealing_queue_boxes,2.5,5.0
1428,sealing_queue_boxes,3.0,4.0
1429,sealing_queue_boxes,0.0,0.0
1430,sealing_queue_boxes,1.0,2.0
1431,sealing_queue_boxes,1.5,3.0
1432,sealing_queue_boxes,0.5,1.0
1433,sealing_queue_boxes,0.5,1.0
1434,sealing_queue_boxes,0.5,1.0
1435,sealing_queue_boxes,1.0,1.0
1436,sealing_queue_boxes,0.5,1.0
1437,sealing_queue_boxes,1.0,2.0
1438,sealing_queue_boxes,1.0,2.0
1439,sealing_queue_boxes,1.0,2.0
0,shipping_buffer_boxes,0.0,0.0
1,shipping_buffer_boxes,0.0,0.0
2,shipping_buffer_boxes,0.0,0.0
3,shipping_buffer_boxes,0.0,0.0
4,shipping_buffer_boxes,0.0,0.0
5,shipping_buffer_boxes,0.0,0.0
6,shipping_buffer_boxes,0.0,0.0
7,shipping_buffer_boxes,0.0,0.0
8,shipping_buffer_boxes,0.0,0.0
9,shipping_buffer_boxes,0.0,0.0
10,shipping_buffer_boxes,6.5,13.0
11,shipping_buffer_boxes,45.5,58.0
12,shipping_buffer_boxes,97.0,108.0
13,shipping_buffer_boxes,0.0,0.0
14,shipping_buffer_boxes,19.0,32.0
15,shipping_buffer_boxes,29.0,58.0
16,shipping_buffer_boxes,0.0,0.0
17,shipping_buffer_boxes,0.0,0.0
18,shipping_buffer_boxes,11.5,23.0
19,shipping_buffer_boxes,0.0,0.0
20,shipping_buffer_boxes,7.0,14.0
21,shipping_buffer_boxes,0.0,0.0
22,shipping_buffer_boxes,0.0,0.0
23,shipping_buffer_boxes,0.0,0.0
24,shipping_buffer_boxes,0.0,0.0
25,shipping_buffer_boxes,0.0,0.0
26,shipping_buffer_boxes,0.0,0.0
27,shipping_buffer_boxes,0.0,0.0
28,shipping_buffer_boxes,0.0,0.0
29,shipping_buffer_boxes,17.5,24.0
30,shipping_buffer_boxes,0.0,0.0
31,shipping_buffer_boxes,0.0,0.0
32,shipping_buffer_boxes,0.0,0.0
33,shipping_buffer_boxes,0.0,0.0
34,shipping_buffer_boxes,5.0,10.0
35,shipping_buffer_boxes,16.0,20.0
36,shipping_buffer_boxes,1.5,3.0
37,shipping_buffer_boxes,0.0,0.0
38,shipping_buffer_boxes,0.0,0.0
39,shipping_buffer_boxes,0.0,0.0
40,shipping_buffer_boxes,0.0,0.0
41,shipping_buffer_boxes,2.5,5.0
42,shipping_buffer_boxes,0.0,0.0
43,shipping_buffer_boxes,0.0,0.0
44,shipping_buffer_boxes,0.0,0.0
45,shipping_buffer_boxes,0.0,0.0
46,shipping_buffer_boxes,0.0,0.0
47,shipping_buffer_boxes,3.5,7.0
48,shipping_buffer_boxes,4.0,8.0
49,shipping_buffer_boxes,0.0,0.0
50,shipping_buffer_boxes,1.5,3.0
51,shipping_buffer_boxes,5.0,10.0
52,shipping_buffer_boxes,14.0,22.0
53,shipping_buffer_boxes,16.0,18.0
54,shipping_buffer_boxes,26.5,30.0
55,shipping_buffer_boxes,19.0,25.0
56,shipping_buffer_boxes,7.5,15.0
57,shipping_buffer_boxes,0.0,0.0
58,shipping_buffer_boxes,0.0,0.0
59,shipping_buffer_boxes,0.0,0.0
60,shipping_buffer_boxes,0.0,0.0
61,shipping_buffer_boxes,0.0,0.0
62,shipping_buffer_boxes,1.5,3.0
63,shipping_buffer_boxes,0.0,0.0
64,shipping_buffer_boxes,0.0,0.0
65,shipping_buffer_boxes,0.0,0.0
66,shipping_buffer_boxes,0.0,0.0
67,shipping_buffer_boxes,0.0,0.0
68,shipping_buffer_boxes,0.0,0.0
69,shipping_buffer_boxes,0.0,0.0
70,shipping_buffer_boxes,0.0,0.0
71,shipping_buffer_boxes,0.0,0.0
72,shipping_buffer_boxes,0.0,0.0
73,shipping_buffer_boxes,0.0,0.0
74,shipping_buffer_boxes,0.0,0.0
75,shipping_buffer_boxes,0.0,0.0
76,shipping_buffer_boxes,0.0,0.0
77,shipping_buffer_boxes,0.5,1.0
78,shipping_buffer_boxes,0.0,0.0
79,shipping_buffer_boxes,0.0,0.0
80,shipping_buffer_boxes,0.0,0.0
81,shipping_buffer_boxes,0.0,0.0
82,shipping_buffer_boxes,0.0,0.0
83,shipping_buffer_boxes,0.0,0.0
84,shipping_buffer_boxes,0.0,0.0
85,shipping_buffer_boxes,0.0,0.0
86,shipping_buffer_boxes,0.0,0.0
87,shipping_buffer_boxes,0.0,0.0
88,shipping_buffer_boxes,7.5,13.0
89,shipping_buffer_boxes,9.0,14.0
90,shipping_buffer_boxes,2.0,3.0
91,shipping_buffer_boxes,0.0,0.0
92,shipping_buffer_boxes,0.0,0.0
93,shipping_buffer_boxes,0.0,0.0
94,shipping_buffer_boxes,0.0,0.0
95,shipping_buffer_boxes,1.5,3.0
96,shipping_buffer_boxes,4.0,8.0
97,shipping_buffer_boxes,1.5,3.0
98,shipping_buffer_boxes,7.0,11.0
99,shipping_buffer_boxes,9.5,15.0
100,shipping_buffer_boxes,8.0,16.0
101,shipping_buffer_boxes,2.5,3.0
102,shipping_buffer_boxes,0.0,0.0
103,shipping_buffer_boxes,0.0,0.0
104,shipping_buffer_boxes,2.0,4.0
105,shipping_buffer_boxes,0.0,0.0
106,shipping_buffer_boxes,1.0,2.0
107,shipping_buffer_boxes,0.0,0.0
108,shipping_buffer_boxes,0.0,0.0
109,shipping_buffer_boxes,0.0,0.0
110,shipping_buffer_boxes,0.0,0.0
111,shipping_buffer_boxes,0.0,0.0
112,shipping_buffer_boxes,1.5,3.0
113,shipping_buffer_boxes,8.5,13.0
114,shipping_buffer_boxes,0.0,0.0
115,shipping_buffer_boxes,0.0,0.0
116,shipping_buffer_boxes,0.0,0.0
117,shipping_buffer_boxes,0.0,0.0
118,shipping_buffer_boxes,0.5,1.0
119,shipping_buffer_boxes,0.0,0.0
120,shipping_buffer_boxes,0.5,1.0
121,shipping_buffer_boxes,0.0,0.0
122,shipping_buffer_boxes,0.0,0.0
123,shipping_buffer_boxes,0.0,0.0
124,shipping_buffer_boxes,0.0,0.0
125,shipping_buffer_boxes,3.0,6.0
126,shipping_buffer_boxes,0.0,0.0
127,shipping_buffer_boxes,0.0,0.0
128,shipping_buffer_boxes,0.0,0.0
129,shipping_buffer_boxes,3.0,6.0
130,shipping_buffer_boxes,0.0,0.0
131,shipping_buffer_boxes,0.0,0.0
132,shipping_buffer_boxes,0.0,0.0
133,shipping_buffer_boxes,0.5,1.0
134,shipping_buffer_boxes,0.0,0.0
135,shipping_buffer_boxes,3.0,6.0
136,shipping_buffer_boxes,1.0,2.0
137,shipping_buffer_boxes,0.5,1.0
138,shipping_buffer_boxes,0.0,0.0
139,shipping_buffer_boxes,0.5,1.0
140,shipping_buffer_boxes,0.0,0.0
141,shipping_buffer_boxes,0.5,1.0
142,shipping_buffer_boxes,4.0,8.0
143,shipping_buffer_boxes,5.5,11.0
144,shipping_buffer_boxes,0.0,0.0
145,shipping_buffer_boxes,0.0,0.0
146,shipping_buffer_boxes,0.5,1.0
147,shipping_buffer_boxes,4.0,8.0
148,shipping_buffer_boxes,0.0,0.0
149,shipping_buffer_boxes,2.5,5.0
150,shipping_buffer_boxes,0.0,0.0
151,shipping_buffer_boxes,0.0,0.0
152,shipping_buffer_boxes,0.0,0.0
153,shipping_buffer_boxes,0.0,0.0
154,shipping_buffer_boxes,0.0,0.0
155,shipping_buffer_boxes,0.0,0.0
156,shipping_buffer_boxes,0.0,0.0
157,shipping_buffer_boxes,0.0,0.0
158,shipping_buffer_boxes,0.0,0.0
159,shipping_buffer_boxes,0.0,0.0
160,shipping_buffer_boxes,0.0,0.0
161,shipping_buffer_boxes,3.5,7.0
162,shipping_buffer_boxes,0.0,0.0
163,shipping_buffer_boxes,0.0,0.0
164,shipping_buffer_boxes,0.0,0.0
165,shipping_buffer_boxes,0.0,0.0
166,shipping_buffer_boxes,0.0,0.0
167,shipping_buffer_boxes,0.0,0.0
168,shipping_buffer_boxes,0.0,0.0
169,shipping_buffer_boxes,0.0,0.0
170,shipping_buffer_boxes,4.0,8.0
171,shipping_buffer_boxes,0.0,0.0
172,shipping_buffer_boxes,0.5,1.0
173,shipping_buffer_boxes,0.0,0.0
174,shipping_buffer_boxes,0.0,0.0
175,shipping_buffer_boxes,2.5,5.0
176,shipping_buffer_boxes,0.0,0.0
177,shipping_buffer_boxes,0.0,0.0
178,shipping_buffer_boxes,0.0,0.0
179,shipping_buffer_boxes,0.0,0.0
180,shipping_buffer_boxes,0.0,0.0
181,shipping_buffer_boxes,0.0,0.0
182,shipping_buffer_boxes,9.5,13.0
183,shipping_buffer_boxes,0.5,1.0
184,shipping_buffer_boxes,0.0,0.0
185,shipping_buffer_boxes,0.0,0.0
186,shipping_buffer_boxes,0.0,0.0
187,shipping_buffer_boxes,0.0,0.0
188,shipping_buffer_boxes,0.0,0.0
189,shipping_buffer_boxes,1.0,2.0
190,shipping_buffer_boxes,0.0,0.0
191,shipping_buffer_boxes,0.5,1.0
192,shipping_buffer_boxes,0.5,1.0
193,shipping_buffer_boxes,11.5,19.0
194,shipping_buffer_boxes,12.0,16.0
195,shipping_buffer_boxes,0.0,0.0
196,shipping_buffer_boxes,0.0,0.0
197,shipping_buffer_boxes,0.0,0.0
198,shipping_buffer_boxes,1.5,3.0
199,shipping_buffer_boxes,2.0,4.0
200,shipping_buffer_boxes,0.0,0.0
201,shipping_buffer_boxes,1.0,2.0
202,shipping_buffer_boxes,0.0,0.0
203,shipping_buffer_boxes,0.0,0.0
204,shipping_buffer_boxes,0.0,0.0
205,shipping_buffer_boxes,0.0,0.0
206,shipping_buffer_boxes,0.0,0.0
207,shipping_buffer_boxes,0.0,0.0
208,shipping_buffer_boxes,0.0,0.0
209,shipping_buffer_boxes,0.0,0.0
210,shipping_buffer_boxes,0.0,0.0
211,shipping_buffer_boxes,0.0,0.0
212,shipping_buffer_boxes,0.0,0.0
213,shipping_buffer_boxes,0.0,0.0
214,shipping_buffer_boxes,0.0,0.0
215,shipping_buffer_boxes,0.0,0.0
216,shipping_buffer_boxes,0.0,0.0
217,shipping_buffer_boxes,5.0,10.0
218,shipping_buffer_boxes,1.0,2.0
219,shipping_buffer_boxes,0.0,0.0
220,shipping_buffer_boxes,0.5,1.0
221,shipping_buffer_boxes,0.0,0.0
222,shipping_buffer_boxes,0.0,0.0
223,shipping_buffer_boxes,0.0,0.0
224,shipping_buffer_boxes,2.5,5.0
225,shipping_buffer_boxes,0.0,0.0
226,shipping_buffer_boxes,0.0,0.0
227,shipping_buffer_boxes,5.0,10.0
228,shipping_buffer_boxes,0.5,1.0
229,shipping_buffer_boxes,0.5,1.0
230,shipping_buffer_boxes,0.0,0.0
231,shipping_buffer_boxes,0.0,0.0
232,shipping_buffer_boxes,4.5,9.0
233,shipping_buffer_boxes,0.5,1.0
234,shipping_buffer_boxes,0.0,0.0
235,shipping_buffer_boxes,0.0,0.0
236,shipping_buffer_boxes,0.0,0.0
237,shipping_buffer_boxes,0.0,0.0
238,shipping_buffer_boxes,1.5,3.0
239,shipping_buffer_boxes,3.0,6.0
240,shipping_buffer_boxes,2.5,5.0
241,shipping_buffer_boxes,0.0,0.0
242,shipping_buffer_boxes,0.0,0.0
243,shipping_buffer_boxes,0.0,0.0
244,shipping_buffer_boxes,1.5,3.0
245,shipping_buffer_boxes,6.5,13.0
246,shipping_buffer_boxes,0.0,0.0
247,shipping_buffer_boxes,0.0,0.0
248,shipping_buffer_boxes,0.0,0.0
249,shipping_buffer_boxes,0.0,0.0
250,shipping_buffer_boxes,0.0,0.0
251,shipping_buffer_boxes,0.0,0.0
252,shipping_buffer_boxes,0.0,0.0
253,shipping_buffer_boxes,0.0,0.0
254,shipping_buffer_boxes,0.0,0.0
255,shipping_buffer_boxes,0.0,0.0
256,shipping_buffer_boxes,0.0,0.0
257,shipping_buffer_boxes,0.0,0.0
258,shipping_buffer_boxes,0.0,0.0
259,shipping_buffer_boxes,0.0,0.0
260,shipping_buffer_boxes,0.0,0.0
261,shipping_buffer_boxes,0.0,0.0
262,shipping_buffer_boxes,0.0,0.0
263,shipping_buffer_boxes,0.0,0.0
264,shipping_buffer_boxes,0.0,0.0
265,shipping_buffer_boxes,0.0,0.0
266,shipping_buffer_boxes,0.0,0.0
267,shipping_buffer_boxes,3.0,6.0
268,shipping_buffer_boxes,2.0,4.0
269,shipping_buffer_boxes,2.5,5.0
270,shipping_buffer_boxes,0.0,0.0
271,shipping_buffer_boxes,0.0,0.0
272,shipping_buffer_boxes,0.0,0.0
273,shipping_buffer_boxes,0.0,0.0
274,shipping_buffer_boxes,0.0,0.0
275,shipping_buffer_boxes,0.0,0.0
276,shipping_buffer_boxes,2.0,4.0
277,shipping_buffer_boxes,3.5,7.0
278,shipping_buffer_boxes,2.0,4.0
279,shipping_buffer_boxes,0.0,0.0
280,shipping_buffer_boxes,0.0,0.0
281,shipping_buffer_boxes,0.0,0.0
282,shipping_buffer_boxes,1.0,2.0
283,shipping_buffer_boxes,0.0,0.0
284,shipping_buffer_boxes,0.0,0.0
285,shipping_buffer_boxes,0.0,0.0
286,shipping_buffer_boxes,0.0,0.0
287,shipping_buffer_boxes,0.5,1.0
288,shipping_buffer_boxes,9.5,13.0
289,shipping_buffer_boxes,6.5,12.0
290,shipping_buffer_boxes,0.0,0.0
291,shipping_buffer_boxes,0.0,0.0
292,shipping_buffer_boxes,0.5,1.0
293,shipping_buffer_boxes,0.0,0.0
294,shipping_buffer_boxes,0.0,0.0
295,shipping_buffer_boxes,0.5,1.0
296,shipping_buffer_boxes,0.0,0.0
297,shipping_buffer_boxes,2.0,4.0
298,shipping_buffer_boxes,0.5,1.0
299,shipping_buffer_boxes,0.0,0.0
300,shipping_buffer_boxes,0.0,0.0
301,shipping_buffer_boxes,0.0,0.0
302,shipping_buffer_boxes,0.0,0.0
303,shipping_buffer_boxes,0.5,1.0
304,shipping_buffer_boxes,6.5,13.0
305,shipping_buffer_boxes,1.0,2.0
306,shipping_buffer_boxes,0.0,0.0
307,shipping_buffer_boxes,0.0,0.0
308,shipping_buffer_boxes,0.0,0.0
309,shipping_buffer_boxes,0.5,1.0
310,shipping_buffer_boxes,0.0,0.0
311,shipping_buffer_boxes,0.0,0.0
312,shipping_buffer_boxes,0.0,0.0
313,shipping_buffer_boxes,0.0,0.0
314,shipping_buffer_boxes,0.0,0.0
315,shipping_buffer_boxes,3.5,7.0
316,shipping_buffer_boxes,0.0,0.0
317,shipping_buffer_boxes,0.0,0.0
318,shipping_buffer_boxes,0.0,0.0
319,shipping_buffer_boxes,2.0,4.0
320,shipping_buffer_boxes,0.0,0.0
321,shipping_buffer_boxes,0.5,1.0
322,shipping_buffer_boxes,0.0,0.0
323,shipping_buffer_boxes,7.0,14.0
324,shipping_buffer_boxes,4.5,9.0
325,shipping_buffer_boxes,1.5,3.0
326,shipping_buffer_boxes,0.0,0.0
327,shipping_buffer_boxes,0.0,0.0
328,shipping_buffer_boxes,0.0,0.0
329,shipping_buffer_boxes,4.5,9.0
330,shipping_buffer_boxes,17.0,21.0
331,shipping_buffer_boxes,1.5,3.0
332,shipping_buffer_boxes,0.5,1.0
333,shipping_buffer_boxes,0.0,0.0
334,shipping_buffer_boxes,0.0,0.0
335,shipping_buffer_boxes,0.0,0.0
336,shipping_buffer_boxes,0.0,0.0
337,shipping_buffer_boxes,2.0,4.0
338,shipping_buffer_boxes,9.5,13.0
339,shipping_buffer_boxes,0.0,0.0
340,shipping_buffer_boxes,1.5,3.0
341,shipping_buffer_boxes,2.0,4.0
342,shipping_buffer_boxes,0.5,1.0
343,shipping_buffer_boxes,2.0,4.0
344,shipping_buffer_boxes,0.0,0.0
345,shipping_buffer_boxes,0.0,0.0
346,shipping_buffer_boxes,0.0,0.0
347,shipping_buffer_boxes,0.0,0.0
348,shipping_buffer_boxes,0.0,0.0
349,shipping_buffer_boxes,0.0,0.0
350,shipping_buffer_boxes,0.0,0.0
351,shipping_buffer_boxes,0.0,0.0
352,shipping_buffer_boxes,0.0,0.0
353,shipping_buffer_boxes,0.0,0.0
354,shipping_buffer_boxes,0.0,0.0
355,shipping_buffer_boxes,0.0,0.0
356,shipping_buffer_boxes,2.0,4.0
357,shipping_buffer_boxes,0.0,0.0
358,shipping_buffer_boxes,0.5,1.0
359,shipping_buffer_boxes,0.0,0.0
360,shipping_buffer_boxes,0.0,0.0
361,shipping_buffer_boxes,0.0,0.0
362,shipping_buffer_boxes,0.0,0.0
363,shipping_buffer_boxes,0.5,1.0
364,shipping_buffer_boxes,2.0,4.0
365,shipping_buffer_boxes,0.5,1.0
366,shipping_buffer_boxes,0.0,0.0
367,shipping_buffer_boxes,0.0,0.0
368,shipping_buffer_boxes,0.0,0.0
369,shipping_buffer_boxes,1.0,2.0
370,shipping_buffer_boxes,6.5,13.0
371,shipping_buffer_boxes,0.0,0.0
372,shipping_buffer_boxes,0.0,0.0
373,shipping_buffer_boxes,0.0,0.0
374,shipping_buffer_boxes,0.0,0.0
375,shipping_buffer_boxes,0.0,0.0
376,shipping_buffer_boxes,0.0,0.0
377,shipping_buffer_boxes,0.0,0.0
378,shipping_buffer_boxes,0.0,0.0
379,shipping_buffer_boxes,0.0,0.0
380,shipping_buffer_boxes,0.0,0.0
381,shipping_buffer_boxes,0.0,0.0
382,shipping_buffer_boxes,1.5,3.0
383,shipping_buffer_boxes,2.0,4.0
384,shipping_buffer_boxes,0.0,0.0
385,shipping_buffer_boxes,0.0,0.0
386,shipping_buffer_boxes,0.0,0.0
387,shipping_buffer_boxes,0.0,0.0
388,shipping_buffer_boxes,2.0,4.0
389,shipping_buffer_boxes,0.0,0.0
390,shipping_buffer_boxes,0.0,0.0
391,shipping_buffer_boxes,0.0,0.0
392,shipping_buffer_boxes,1.0,2.0
393,shipping_buffer_boxes,4.5,7.0
394,shipping_buffer_boxes,0.0,0.0
395,shipping_buffer_boxes,3.0,5.0
396,shipping_buffer_boxes,0.0,0.0
397,shipping_buffer_boxes,0.0,0.0
398,shipping_buffer_boxes,0.0,0.0
399,shipping_buffer_boxes,0.5,1.0
400,shipping_buffer_boxes,2.0,4.0
401,shipping_buffer_boxes,0.0,0.0
402,shipping_buffer_boxes,0.0,0.0
403,shipping_buffer_boxes,0.0,0.0
404,shipping_buffer_boxes,0.0,0.0
405,shipping_buffer_boxes,0.0,0.0
406,shipping_buffer_boxes,2.5,5.0
407,shipping_buffer_boxes,0.0,0.0
408,shipping_buffer_boxes,0.0,0.0
409,shipping_buffer_boxes,0.0,0.0
410,shipping_buffer_boxes,0.0,0.0
411,shipping_buffer_boxes,0.0,0.0
412,shipping_buffer_boxes,4.5,8.0
413,shipping_buffer_boxes,0.0,0.0
414,shipping_buffer_boxes,0.0,0.0
415,shipping_buffer_boxes,0.0,0.0
416,shipping_buffer_boxes,1.5,3.0
417,shipping_buffer_boxes,0.0,0.0
418,shipping_buffer_boxes,2.5,5.0
419,shipping_buffer_boxes,0.0,0.0
420,shipping_buffer_boxes,0.0,0.0
421,shipping_buffer_boxes,0.0,0.0
422,shipping_buffer_boxes,0.0,0.0
423,shipping_buffer_boxes,0.0,0.0
424,shipping_buffer_boxes,0.5,1.0
425,shipping_buffer_boxes,4.0,8.0
426,shipping_buffer_boxes,0.0,0.0
427,shipping_buffer_boxes,0.0,0.0
428,shipping_buffer_boxes,0.0,0.0
429,shipping_buffer_boxes,1.0,2.0
430,shipping_buffer_boxes,1.0,2.0
431,shipping_buffer_boxes,0.0,0.0
432,shipping_buffer_boxes,0.0,0.0
433,shipping_buffer_boxes,0.5,1.0
434,shipping_buffer_boxes,1.0,2.0
435,shipping_buffer_boxes,0.0,0.0
436,shipping_buffer_boxes,0.0,0.0
437,shipping_buffer_boxes,0.0,0.0
438,shipping_buffer_boxes,0.0,0.0
439,shipping_buffer_boxes,0.0,0.0
440,shipping_buffer_boxes,0.0,0.0
441,shipping_buffer_boxes,0.0,0.0
442,shipping_buffer_boxes,5.5,11.0
443,shipping_buffer_boxes,0.0,0.0
444,shipping_buffer_boxes,1.0,2.0
445,shipping_buffer_boxes,0.0,0.0
446,shipping_buffer_boxes,0.0,0.0
447,shipping_buffer_boxes,0.5,1.0
448,shipping_buffer_boxes,0.0,0.0
449,shipping_buffer_boxes,0.0,0.0
450,shipping_buffer_boxes,0.0,0.0
451,shipping_buffer_boxes,0.0,0.0
452,shipping_buffer_boxes,0.5,1.0
453,shipping_buffer_boxes,1.5,3.0
454,shipping_buffer_boxes,0.5,1.0
455,shipping_buffer_boxes,0.0,0.0
456,shipping_buffer_boxes,0.0,0.0
457,shipping_buffer_boxes,0.5,1.0
458,shipping_buffer_boxes,0.0,0.0
459,shipping_buffer_boxes,6.5,13.0
460,shipping_buffer_boxes,0.0,0.0
461,shipping_buffer_boxes,0.0,0.0
462,shipping_buffer_boxes,0.0,0.0
463,shipping_buffer_boxes,0.0,0.0
464,shipping_buffer_boxes,0.0,0.0
465,shipping_buffer_boxes,0.0,0.0
466,shipping_buffer_boxes,4.0,7.0
467,shipping_buffer_boxes,0.0,0.0
468,shipping_buffer_boxes,0.0,0.0
469,shipping_buffer_boxes,0.0,0.0
470,shipping_buffer_boxes,0.0,0.0
471,shipping_buffer_boxes,0.0,0.0
472,shipping_buffer_boxes,0.0,0.0
473,shipping_buffer_boxes,0.5,1.0
474,shipping_buffer_boxes,1.0,2.0
475,shipping_buffer_boxes,0.0,0.0
476,shipping_buffer_boxes,0.0,0.0
477,shipping_buffer_boxes,0.0,0.0
478,shipping_buffer_boxes,3.0,6.0
479,shipping_buffer_boxes,2.0,4.0
480,shipping_buffer_boxes,0.5,1.0
481,shipping_buffer_boxes,0.0,0.0
482,shipping_buffer_boxes,0.0,0.0
483,shipping_buffer_boxes,0.0,0.0
484,shipping_buffer_boxes,0.0,0.0
485,shipping_buffer_boxes,0.0,0.0
486,shipping_buffer_boxes,2.0,4.0
487,shipping_buffer_boxes,0.0,0.0
488,shipping_buffer_boxes,3.0,6.0
489,shipping_buffer_boxes,0.0,0.0
490,shipping_buffer_boxes,0.0,0.0
491,shipping_buffer_boxes,0.0,0.0
492,shipping_buffer_boxes,1.0,2.0
493,shipping_buffer_boxes,0.0,0.0
494,shipping_buffer_boxes,0.0,0.0
495,shipping_buffer_boxes,0.0,0.0
496,shipping_buffer_boxes,2.5,5.0
497,shipping_buffer_boxes,0.0,0.0
498,shipping_buffer_boxes,0.0,0.0
499,shipping_buffer_boxes,0.0,0.0
500,shipping_buffer_boxes,0.0,0.0
501,shipping_buffer_boxes,1.5,3.0
502,shipping_buffer_boxes,3.0,6.0
503,shipping_buffer_boxes,0.0,0.0
504,shipping_buffer_boxes,0.0,0.0
505,shipping_buffer_boxes,0.0,0.0
506,shipping_buffer_boxes,0.5,1.0
507,shipping_buffer_boxes,5.5,11.0
508,shipping_buffer_boxes,1.5,3.0
509,shipping_buffer_boxes,3.0,6.0
510,shipping_buffer_boxes,0.0,0.0
511,shipping_buffer_boxes,0.0,0.0
512,shipping_buffer_boxes,0.0,0.0
513,shipping_buffer_boxes,0.0,0.0
514,shipping_buffer_boxes,0.0,0.0
515,shipping_buffer_boxes,0.0,0.0
516,shipping_buffer_boxes,0.0,0.0
517,shipping_buffer_boxes,2.0,4.0
518,shipping_buffer_boxes,0.5,1.0
519,shipping_buffer_boxes,0.0,0.0
520,shipping_buffer_boxes,0.0,0.0
521,shipping_buffer_boxes,0.0,0.0
522,shipping_buffer_boxes,0.0,0.0
523,shipping_buffer_boxes,0.5,1.0
524,shipping_buffer_boxes,0.0,0.0
525,shipping_buffer_boxes,3.5,7.0
526,shipping_buffer_boxes,0.0,0.0
527,shipping_buffer_boxes,0.0,0.0
528,shipping_buffer_boxes,0.0,0.0
529,shipping_buffer_boxes,0.0,0.0
530,shipping_buffer_boxes,0.0,0.0
531,shipping_buffer_boxes,0.0,0.0
532,shipping_buffer_boxes,0.0,0.0
533,shipping_buffer_boxes,2.0,4.0
534,shipping_buffer_boxes,4.0,8.0
535,shipping_buffer_boxes,0.0,0.0
536,shipping_buffer_boxes,0.0,0.0
537,shipping_buffer_boxes,0.0,0.0
538,shipping_buffer_boxes,0.0,0.0
539,shipping_buffer_boxes,0.0,0.0
540,shipping_buffer_boxes,0.0,0.0
541,shipping_buffer_boxes,0.0,0.0
542,shipping_buffer_boxes,0.0,0.0
543,shipping_buffer_boxes,0.0,0.0
544,shipping_buffer_boxes,0.0,0.0
545,shipping_buffer_boxes,0.0,0.0
546,shipping_buffer_boxes,0.0,0.0
547,shipping_buffer_boxes,0.0,0.0
548,shipping_buffer_boxes,0.0,0.0
549,shipping_buffer_boxes,0.0,0.0
550,shipping_buffer_boxes,0.0,0.0
551,shipping_buffer_boxes,0.0,0.0
552,shipping_buffer_boxes,0.0,0.0
553,shipping_buffer_boxes,0.0,0.0
554,shipping_buffer_boxes,1.0,2.0
555,shipping_buffer_boxes,0.0,0.0
556,shipping_buffer_boxes,0.0,0.0
557,shipping_buffer_boxes,0.0,0.0
558,shipping_buffer_boxes,5.5,11.0
559,shipping_buffer_boxes,1.5,3.0
560,shipping_buffer_boxes,0.0,0.0
561,shipping_buffer_boxes,0.0,0.0
562,shipping_buffer_boxes,0.0,0.0
563,shipping_buffer_boxes,2.5,5.0
564,shipping_buffer_boxes,4.5,9.0
565,shipping_buffer_boxes,4.5,9.0
566,shipping_buffer_boxes,0.0,0.0
567,shipping_buffer_boxes,0.0,0.0
568,shipping_buffer_boxes,0.0,0.0
569,shipping_buffer_boxes,0.0,0.0
570,shipping_buffer_boxes,0.0,0.0
571,shipping_buffer_boxes,1.0,2.0
572,shipping_buffer_boxes,0.0,0.0
573,shipping_buffer_boxes,0.5,1.0
574,shipping_buffer_boxes,1.0,2.0
575,shipping_buffer_boxes,0.0,0.0
576,shipping_buffer_boxes,0.0,0.0
577,shipping_buffer_boxes,3.0,6.0
578,shipping_buffer_boxes,0.0,0.0
579,shipping_buffer_boxes,0.0,0.0
580,shipping_buffer_boxes,6.5,13.0
581,shipping_buffer_boxes,0.0,0.0
582,shipping_buffer_boxes,0.0,0.0
583,shipping_buffer_boxes,0.0,0.0
584,shipping_buffer_boxes,0.0,0.0
585,shipping_buffer_boxes,2.0,4.0
586,shipping_buffer_boxes,8.0,16.0
587,shipping_buffer_boxes,0.0,0.0
588,shipping_buffer_boxes,0.0,0.0
589,shipping_buffer_boxes,0.5,1.0
590,shipping_buffer_boxes,0.0,0.0
591,shipping_buffer_boxes,0.0,0.0
592,shipping_buffer_boxes,0.0,0.0
593,shipping_buffer_boxes,0.0,0.0
594,shipping_buffer_boxes,0.0,0.0
595,shipping_buffer_boxes,0.0,0.0
596,shipping_buffer_boxes,0.0,0.0
597,shipping_buffer_boxes,0.0,0.0
598,shipping_buffer_boxes,0.0,0.0
599,shipping_buffer_boxes,1.5,3.0
600,shipping_buffer_boxes,6.0,11.0
601,shipping_buffer_boxes,0.0,0.0
602,shipping_buffer_boxes,0.0,0.0
603,shipping_buffer_boxes,0.0,0.0
604,shipping_buffer_boxes,0.0,0.0
605,shipping_buffer_boxes,1.0,2.0
606,shipping_buffer_boxes,0.0,0.0
607,shipping_buffer_boxes,0.0,0.0
608,shipping_buffer_boxes,3.0,6.0
609,shipping_buffer_boxes,0.0,0.0
610,shipping_buffer_boxes,0.0,0.0
611,shipping_buffer_boxes,1.0,2.0
612,shipping_buffer_boxes,0.0,0.0
613,shipping_buffer_boxes,0.0,0.0
614,shipping_buffer_boxes,0.0,0.0
615,shipping_buffer_boxes,0.0,0.0
616,shipping_buffer_boxes,0.0,0.0
617,shipping_buffer_boxes,0.0,0.0
618,shipping_buffer_boxes,2.5,5.0
619,shipping_buffer_boxes,0.0,0.0
620,shipping_buffer_boxes,0.0,0.0
621,shipping_buffer_boxes,0.0,0.0
622,shipping_buffer_boxes,2.5,5.0
623,shipping_buffer_boxes,2.0,4.0
624,shipping_buffer_boxes,0.0,0.0
625,shipping_buffer_boxes,0.0,0.0
626,shipping_buffer_boxes,0.0,0.0
627,shipping_buffer_boxes,0.0,0.0
628,shipping_buffer_boxes,0.0,0.0
629,shipping_buffer_boxes,2.5,5.0
630,shipping_buffer_boxes,0.0,0.0
631,shipping_buffer_boxes,0.0,0.0
632,shipping_buffer_boxes,0.0,0.0
633,shipping_buffer_boxes,0.0,0.0
634,shipping_buffer_boxes,0.0,0.0
635,shipping_buffer_boxes,0.0,0.0
636,shipping_buffer_boxes,0.0,0.0
637,shipping_buffer_boxes,2.0,4.0
638,shipping_buffer_boxes,0.0,0.0
639,shipping_buffer_boxes,2.0,4.0
640,shipping_buffer_boxes,0.0,0.0
641,shipping_buffer_boxes,7.0,11.0
642,shipping_buffer_boxes,0.0,0.0
643,shipping_buffer_boxes,0.0,0.0
644,shipping_buffer_boxes,0.0,0.0
645,shipping_buffer_boxes,0.0,0.0
646,shipping_buffer_boxes,0.0,0.0
647,shipping_buffer_boxes,0.0,0.0
648,shipping_buffer_boxes,0.0,0.0
649,shipping_buffer_boxes,0.0,0.0
650,shipping_buffer_boxes,4.5,9.0
651,shipping_buffer_boxes,6.0,12.0
652,shipping_buffer_boxes,0.0,0.0
653,shipping_buffer_boxes,0.5,1.0
654,shipping_buffer_boxes,0.5,1.0
655,shipping_buffer_boxes,0.0,0.0
656,shipping_buffer_boxes,0.0,0.0
657,shipping_buffer_boxes,0.0,0.0
658,shipping_buffer_boxes,1.5,3.0
659,shipping_buffer_boxes,0.0,0.0
660,shipping_buffer_boxes,0.0,0.0
661,shipping_buffer_boxes,0.0,0.0
662,shipping_buffer_boxes,0.0,0.0
663,shipping_buffer_boxes,0.0,0.0
664,shipping_buffer_boxes,0.0,0.0
665,shipping_buffer_boxes,0.0,0.0
666,shipping_buffer_boxes,0.0,0.0
667,shipping_buffer_boxes,0.0,0.0
668,shipping_buffer_boxes,0.5,1.0
669,shipping_buffer_boxes,0.0,0.0
670,shipping_buffer_boxes,0.5,1.0
671,shipping_buffer_boxes,4.5,9.0
672,shipping_buffer_boxes,1.0,2.0
673,shipping_buffer_boxes,0.0,0.0
674,shipping_buffer_boxes,0.0,0.0
675,shipping_buffer_boxes,0.0,0.0
676,shipping_buffer_boxes,0.0,0.0
677,shipping_buffer_boxes,3.0,6.0
678,shipping_buffer_boxes,0.0,0.0
679,shipping_buffer_boxes,0.0,0.0
680,shipping_buffer_boxes,0.0,0.0
681,shipping_buffer_boxes,0.0,0.0
682,shipping_buffer_boxes,0.0,0.0
683,shipping_buffer_boxes,1.0,2.0
684,shipping_buffer_boxes,0.0,0.0
685,shipping_buffer_boxes,5.5,10.0
686,shipping_buffer_boxes,0.0,0.0
687,shipping_buffer_boxes,0.0,0.0
688,shipping_buffer_boxes,0.0,0.0
689,shipping_buffer_boxes,0.0,0.0
690,shipping_buffer_boxes,5.0,10.0
691,shipping_buffer_boxes,0.0,0.0
692,shipping_buffer_boxes,1.5,3.0
693,shipping_buffer_boxes,0.0,0.0
694,shipping_buffer_boxes,0.0,0.0
695,shipping_buffer_boxes,0.0,0.0
696,shipping_buffer_boxes,0.0,0.0
697,shipping_buffer_boxes,1.0,2.0
698,shipping_buffer_boxes,1.5,3.0
699,shipping_buffer_boxes,11.0,17.0
700,shipping_buffer_boxes,0.0,0.0
701,shipping_buffer_boxes,0.0,0.0
702,shipping_buffer_boxes,0.0,0.0
703,shipping_buffer_boxes,0.0,0.0
704,shipping_buffer_boxes,0.0,0.0
705,shipping_buffer_boxes,0.0,0.0
706,shipping_buffer_boxes,0.0,0.0
707,shipping_buffer_boxes,3.0,6.0
708,shipping_buffer_boxes,0.0,0.0
709,shipping_buffer_boxes,2.0,4.0
710,shipping_buffer_boxes,0.0,0.0
711,shipping_buffer_boxes,0.0,0.0
712,shipping_buffer_boxes,0.0,0.0
713,shipping_buffer_boxes,0.0,0.0
714,shipping_buffer_boxes,0.0,0.0
715,shipping_buffer_boxes,7.0,14.0
716,shipping_buffer_boxes,6.5,12.0
717,shipping_buffer_boxes,0.0,0.0
718,shipping_buffer_boxes,1.0,2.0
719,shipping_buffer_boxes,0.0,0.0
720,shipping_buffer_boxes,0.0,0.0
721,shipping_buffer_boxes,0.0,0.0
722,shipping_buffer_boxes,0.0,0.0
723,shipping_buffer_boxes,0.0,0.0
724,shipping_buffer_boxes,1.5,3.0
725,shipping_buffer_boxes,1.5,3.0
726,shipping_buffer_boxes,0.0,0.0
727,shipping_buffer_boxes,0.0,0.0
728,shipping_buffer_boxes,0.0,0.0
729,shipping_buffer_boxes,0.0,0.0
730,shipping_buffer_boxes,3.0,6.0
731,shipping_buffer_boxes,0.0,0.0
732,shipping_buffer_boxes,1.5,3.0
733,shipping_buffer_boxes,4.0,8.0
734,shipping_buffer_boxes,5.5,11.0
735,shipping_buffer_boxes,0.5,1.0
736,shipping_buffer_boxes,0.0,0.0
737,shipping_buffer_boxes,0.0,0.0
738,shipping_buffer_boxes,0.0,0.0
739,shipping_buffer_boxes,0.0,0.0
740,shipping_buffer_boxes,0.0,0.0
741,shipping_buffer_boxes,0.0,0.0
742,shipping_buffer_boxes,0.0,0.0
743,shipping_buffer_boxes,1.5,3.0
744,shipping_buffer_boxes,4.5,8.0
745,shipping_buffer_boxes,0.0,0.0
746,shipping_buffer_boxes,4.5,9.0
747,shipping_buffer_boxes,0.0,0.0
748,shipping_buffer_boxes,0.0,0.0
749,shipping_buffer_boxes,0.0,0.0
750,shipping_buffer_boxes,0.0,0.0
751,shipping_buffer_boxes,0.0,0.0
752,shipping_buffer_boxes,0.0,0.0
753,shipping_buffer_boxes,0.0,0.0
754,shipping_buffer_boxes,2.0,4.0
755,shipping_buffer_boxes,0.5,1.0
756,shipping_buffer_boxes,0.0,0.0
757,shipping_buffer_boxes,0.0,0.0
758,shipping_buffer_boxes,0.0,0.0
759,shipping_buffer_boxes,2.0,4.0
760,shipping_buffer_boxes,0.0,0.0
761,shipping_buffer_boxes,0.0,0.0
762,shipping_buffer_boxes,0.0,0.0
763,shipping_buffer_boxes,0.0,0.0
764,shipping_buffer_boxes,1.0,2.0
765,shipping_buffer_boxes,3.5,7.0
766,shipping_buffer_boxes,0.0,0.0
767,shipping_buffer_boxes,0.0,0.0
768,shipping_buffer_boxes,0.0,0.0
769,shipping_buffer_boxes,0.0,0.0
770,shipping_buffer_boxes,0.0,0.0
771,shipping_buffer_boxes,0.0,0.0
772,shipping_buffer_boxes,0.0,0.0
773,shipping_buffer_boxes,8.0,10.0
774,shipping_buffer_boxes,2.0,4.0
775,shipping_buffer_boxes,0.0,0.0
776,shipping_buffer_boxes,0.0,0.0
777,shipping_buffer_boxes,0.0,0.0
778,shipping_buffer_boxes,1.5,3.0
779,shipping_buffer_boxes,2.0,4.0
780,shipping_buffer_boxes,0.0,0.0
781,shipping_buffer_boxes,0.0,0.0
782,shipping_buffer_boxes,0.0,0.0
783,shipping_buffer_boxes,0.0,0.0
784,shipping_buffer_boxes,0.0,0.0
785,shipping_buffer_boxes,0.0,0.0
786,shipping_buffer_boxes,1.0,2.0
787,shipping_buffer_boxes,0.0,0.0
788,shipping_buffer_boxes,0.0,0.0
789,shipping_buffer_boxes,0.5,1.0
790,shipping_buffer_boxes,0.0,0.0
791,shipping_buffer_boxes,0.0,0.0
792,shipping_buffer_boxes,0.0,0.0
793,shipping_buffer_boxes,0.0,0.0
794,shipping_buffer_boxes,0.0,0.0
795,shipping_buffer_boxes,0.5,1.0
796,shipping_buffer_boxes,1.0,2.0
797,shipping_buffer_boxes,0.0,0.0
798,shipping_buffer_boxes,0.0,0.0
799,shipping_buffer_boxes,0.0,0.0
800,shipping_buffer_boxes,0.0,0.0
801,shipping_buffer_boxes,0.0,0.0
802,shipping_buffer_boxes,0.0,0.0
803,shipping_buffer_boxes,0.0,0.0
804,shipping_buffer_boxes,0.0,0.0
805,shipping_buffer_boxes,0.0,0.0
806,shipping_buffer_boxes,0.5,1.0
807,shipping_buffer_boxes,0.0,0.0
808,shipping_buffer_boxes,0.0,0.0
809,shipping_buffer_boxes,0.5,1.0
810,shipping_buffer_boxes,0.0,0.0
811,shipping_buffer_boxes,4.5,9.0
812,shipping_buffer_boxes,0.0,0.0
813,shipping_buffer_boxes,0.0,0.0
814,shipping_buffer_boxes,0.0,0.0
815,shipping_buffer_boxes,0.0,0.0
816,shipping_buffer_boxes,0.0,0.0
817,shipping_buffer_boxes,0.0,0.0
818,shipping_buffer_boxes,0.0,0.0
819,shipping_buffer_boxes,0.0,0.0
820,shipping_buffer_boxes,1.0,2.0
821,shipping_buffer_boxes,0.5,1.0
822,shipping_buffer_boxes,0.0,0.0
823,shipping_buffer_boxes,0.0,0.0
824,shipping_buffer_boxes,0.0,0.0
825,shipping_buffer_boxes,0.0,0.0
826,shipping_buffer_boxes,0.0,0.0
827,shipping_buffer_boxes,0.0,0.0
828,shipping_buffer_boxes,0.0,0.0
829,shipping_buffer_boxes,1.5,3.0
830,shipping_buffer_boxes,0.0,0.0
831,shipping_buffer_boxes,0.0,0.0
832,shipping_buffer_boxes,0.0,0.0
833,shipping_buffer_boxes,0.0,0.0
834,shipping_buffer_boxes,6.5,13.0
835,shipping_buffer_boxes,12.5,17.0
836,shipping_buffer_boxes,0.0,0.0
837,shipping_buffer_boxes,0.0,0.0
838,shipping_buffer_boxes,0.5,1.0
839,shipping_buffer_boxes,0.5,1.0
840,shipping_buffer_boxes,0.0,0.0
841,shipping_buffer_boxes,0.0,0.0
842,shipping_buffer_boxes,0.0,0.0
843,shipping_buffer_boxes,0.0,0.0
844,shipping_buffer_boxes,0.0,0.0
845,shipping_buffer_boxes,0.5,1.0
846,shipping_buffer_boxes,0.5,1.0
847,shipping_buffer_boxes,1.0,2.0
848,shipping_buffer_boxes,0.0,0.0
849,shipping_buffer_boxes,0.0,0.0
850,shipping_buffer_boxes,0.0,0.0
851,shipping_buffer_boxes,0.0,0.0
852,shipping_buffer_boxes,0.0,0.0
853,shipping_buffer_boxes,4.0,8.0
854,shipping_buffer_boxes,0.0,0.0
855,shipping_buffer_boxes,0.0,0.0
856,shipping_buffer_boxes,0.0,0.0
857,shipping_buffer_boxes,0.0,0.0
858,shipping_buffer_boxes,1.0,2.0
859,shipping_buffer_boxes,0.0,0.0
860,shipping_buffer_boxes,0.0,0.0
861,shipping_buffer_boxes,0.0,0.0
862,shipping_buffer_boxes,0.0,0.0
863,shipping_buffer_boxes,0.0,0.0
864,shipping_buffer_boxes,0.0,0.0
865,shipping_buffer_boxes,0.0,0.0
866,shipping_buffer_boxes,0.0,0.0
867,shipping_buffer_boxes,0.0,0.0
868,shipping_buffer_boxes,0.0,0.0
869,shipping_buffer_boxes,1.0,2.0
870,shipping_buffer_boxes,0.0,0.0
871,shipping_buffer_boxes,0.0,0.0
872,shipping_buffer_boxes,0.0,0.0
873,shipping_buffer_boxes,0.0,0.0
874,shipping_buffer_boxes,0.0,0.0
875,shipping_buffer_boxes,0.0,0.0
876,shipping_buffer_boxes,0.0,0.0
877,shipping_buffer_boxes,0.0,0.0
878,shipping_buffer_boxes,0.0,0.0
879,shipping_buffer_boxes,0.0,0.0
880,shipping_buffer_boxes,5.0,10.0
881,shipping_buffer_boxes,0.5,1.0
882,shipping_buffer_boxes,0.0,0.0
883,shipping_buffer_boxes,0.0,0.0
884,shipping_buffer_boxes,0.0,0.0
885,shipping_buffer_boxes,0.0,0.0
886,shipping_buffer_boxes,4.0,6.0
887,shipping_buffer_boxes,2.5,5.0
888,shipping_buffer_boxes,1.0,2.0
889,shipping_buffer_boxes,0.0,0.0
890,shipping_buffer_boxes,0.0,0.0
891,shipping_buffer_boxes,1.0,2.0
892,shipping_buffer_boxes,1.5,3.0
893,shipping_buffer_boxes,4.5,9.0
894,shipping_buffer_boxes,3.5,7.0
895,shipping_buffer_boxes,0.0,0.0
896,shipping_buffer_boxes,0.0,0.0
897,shipping_buffer_boxes,0.0,0.0
898,shipping_buffer_boxes,0.0,0.0
899,shipping_buffer_boxes,2.0,4.0
900,shipping_buffer_boxes,0.0,0.0
901,shipping_buffer_boxes,4.0,8.0
902,shipping_buffer_boxes,6.5,13.0
903,shipping_buffer_boxes,0.5,1.0
904,shipping_buffer_boxes,0.0,0.0
905,shipping_buffer_boxes,0.0,0.0
906,shipping_buffer_boxes,0.0,0.0
907,shipping_buffer_boxes,0.0,0.0
908,shipping_buffer_boxes,0.0,0.0
909,shipping_buffer_boxes,1.0,1.0
910,shipping_buffer_boxes,0.0,0.0
911,shipping_buffer_boxes,4.5,9.0
912,shipping_buffer_boxes,0.0,0.0
913,shipping_buffer_boxes,0.0,0.0
914,shipping_buffer_boxes,0.0,0.0
915,shipping_buffer_boxes,0.5,1.0
916,shipping_buffer_boxes,0.0,0.0
917,shipping_buffer_boxes,0.0,0.0
918,shipping_buffer_boxes,0.0,0.0
919,shipping_buffer_boxes,0.0,0.0
920,shipping_buffer_boxes,3.5,7.0
921,shipping_buffer_boxes,0.5,1.0
922,shipping_buffer_boxes,0.0,0.0
923,shipping_buffer_boxes,0.0,0.0
924,shipping_buffer_boxes,0.0,0.0
925,shipping_buffer_boxes,0.0,0.0
926,shipping_buffer_boxes,1.0,2.0
927,shipping_buffer_boxes,1.0,2.0
928,shipping_buffer_boxes,0.0,0.0
929,shipping_buffer_boxes,0.0,0.0
930,shipping_buffer_boxes,1.0,2.0
931,shipping_buffer_boxes,0.0,0.0
932,shipping_buffer_boxes,1.0,2.0
933,shipping_buffer_boxes,1.0,2.0
934,shipping_buffer_boxes,0.0,0.0
935,shipping_buffer_boxes,0.0,0.0
936,shipping_buffer_boxes,0.0,0.0
937,shipping_buffer_boxes,0.0,0.0
938,shipping_buffer_boxes,3.5,7.0
939,shipping_buffer_boxes,0.5,1.0
940,shipping_buffer_boxes,0.0,0.0
941,shipping_buffer_boxes,0.0,0.0
942,shipping_buffer_boxes,0.0,0.0
943,shipping_buffer_boxes,0.0,0.0
944,shipping_buffer_boxes,1.0,2.0
945,shipping_buffer_boxes,0.5,1.0
946,shipping_buffer_boxes,0.0,0.0
947,shipping_buffer_boxes,0.0,0.0
948,shipping_buffer_boxes,0.0,0.0
949,shipping_buffer_boxes,0.0,0.0
950,shipping_buffer_boxes,0.5,1.0
951,shipping_buffer_boxes,2.5,4.0
952,shipping_buffer_boxes,0.0,0.0
953,shipping_buffer_boxes,1.0,2.0
954,shipping_buffer_boxes,0.0,0.0
955,shipping_buffer_boxes,0.0,0.0
956,shipping_buffer_boxes,0.0,0.0
957,shipping_buffer_boxes,1.5,3.0
958,shipping_buffer_boxes,2.0,4.0
959,shipping_buffer_boxes,0.0,0.0
960,shipping_buffer_boxes,0.0,0.0
961,shipping_buffer_boxes,0.0,0.0
962,shipping_buffer_boxes,0.0,0.0
963,shipping_buffer_boxes,0.0,0.0
964,shipping_buffer_boxes,0.0,0.0
965,shipping_buffer_boxes,0.0,0.0
966,shipping_buffer_boxes,0.0,0.0
967,shipping_buffer_boxes,0.0,0.0
968,shipping_buffer_boxes,0.0,0.0
969,shipping_buffer_boxes,3.5,7.0
970,shipping_buffer_boxes,0.0,0.0
971,shipping_buffer_boxes,0.0,0.0
972,shipping_buffer_boxes,0.0,0.0
973,shipping_buffer_boxes,0.0,0.0
974,shipping_buffer_boxes,0.0,0.0
975,shipping_buffer_boxes,0.0,0.0
976,shipping_buffer_boxes,0.0,0.0
977,shipping_buffer_boxes,1.5,3.0
978,shipping_buffer_boxes,2.0,4.0
979,shipping_buffer_boxes,2.0,4.0
980,shipping_buffer_boxes,0.0,0.0
981,shipping_buffer_boxes,0.0,0.0
982,shipping_buffer_boxes,0.0,0.0
983,shipping_buffer_boxes,0.0,0.0
984,shipping_buffer_boxes,9.0,17.0
985,shipping_buffer_boxes,14.5,18.0
986,shipping_buffer_boxes,2.5,5.0
987,shipping_buffer_boxes,0.0,0.0
988,shipping_buffer_boxes,0.0,0.0
989,shipping_buffer_boxes,0.0,0.0
990,shipping_buffer_boxes,0.0,0.0
991,shipping_buffer_boxes,2.0,4.0
992,shipping_buffer_boxes,1.5,3.0
993,shipping_buffer_boxes,0.0,0.0
994,shipping_buffer_boxes,0.0,0.0
995,shipping_buffer_boxes,0.0,0.0
996,shipping_buffer_boxes,0.0,0.0
997,shipping_buffer_boxes,0.0,0.0
998,shipping_buffer_boxes,0.0,0.0
999,shipping_buffer_boxes,1.5,3.0
1000,shipping_buffer_boxes,0.0,0.0
1001,shipping_buffer_boxes,0.0,0.0
1002,shipping_buffer_boxes,0.0,0.0
1003,shipping_buffer_boxes,5.0,10.0
1004,shipping_buffer_boxes,5.5,11.0
1005,shipping_buffer_boxes,0.0,0.0
1006,shipping_buffer_boxes,0.0,0.0
1007,shipping_buffer_boxes,0.0,0.0
1008,shipping_buffer_boxes,1.0,2.0
1009,shipping_buffer_boxes,0.0,0.0
1010,shipping_buffer_boxes,1.0,2.0
1011,shipping_buffer_boxes,2.5,5.0
1012,shipping_buffer_boxes,4.5,9.0
1013,shipping_buffer_boxes,0.0,0.0
1014,shipping_buffer_boxes,1.0,2.0
1015,shipping_buffer_boxes,0.0,0.0
1016,shipping_buffer_boxes,0.0,0.0
1017,shipping_buffer_boxes,0.0,0.0
1018,shipping_buffer_boxes,0.0,0.0
1019,shipping_buffer_boxes,0.0,0.0
1020,shipping_buffer_boxes,1.0,2.0
1021,shipping_buffer_boxes,0.0,0.0
1022,shipping_buffer_boxes,0.0,0.0
1023,shipping_buffer_boxes,0.0,0.0
1024,shipping_buffer_boxes,0.5,1.0
1025,shipping_buffer_boxes,0.5,1.0
1026,shipping_buffer_boxes,0.0,0.0
1027,shipping_buffer_boxes,0.0,0.0
1028,shipping_buffer_boxes,0.0,0.0
1029,shipping_buffer_boxes,0.0,0.0
1030,shipping_buffer_boxes,7.5,13.0
1031,shipping_buffer_boxes,0.0,0.0
1032,shipping_buffer_boxes,0.0,0.0
1033,shipping_buffer_boxes,0.0,0.0
1034,shipping_buffer_boxes,0.0,0.0
1035,shipping_buffer_boxes,1.0,2.0
1036,shipping_buffer_boxes,0.0,0.0
1037,shipping_buffer_boxes,0.0,0.0
1038,shipping_buffer_boxes,0.0,0.0
1039,shipping_buffer_boxes,1.0,2.0
1040,shipping_buffer_boxes,0.0,0.0
1041,shipping_buffer_boxes,0.0,0.0
1042,shipping_buffer_boxes,0.0,0.0
1043,shipping_buffer_boxes,0.0,0.0
1044,shipping_buffer_boxes,1.0,2.0
1045,shipping_buffer_boxes,0.0,0.0
1046,shipping_buffer_boxes,0.0,0.0
1047,shipping_buffer_boxes,0.0,0.0
1048,shipping_buffer_boxes,0.0,0.0
1049,shipping_buffer_boxes,0.0,0.0
1050,shipping_buffer_boxes,4.5,9.0
1051,shipping_buffer_boxes,2.0,4.0
1052,shipping_buffer_boxes,13.0,17.0
1053,shipping_buffer_boxes,0.5,1.0
1054,shipping_buffer_boxes,0.0,0.0
1055,shipping_buffer_boxes,0.0,0.0
1056,shipping_buffer_boxes,0.0,0.0
1057,shipping_buffer_boxes,0.0,0.0
1058,shipping_buffer_boxes,0.0,0.0
1059,shipping_buffer_boxes,0.0,0.0
1060,shipping_buffer_boxes,0.0,0.0
1061,shipping_buffer_boxes,2.0,4.0
1062,shipping_buffer_boxes,0.0,0.0
1063,shipping_buffer_boxes,0.0,0.0
1064,shipping_buffer_boxes,0.0,0.0
1065,shipping_buffer_boxes,0.0,0.0
1066,shipping_buffer_boxes,0.0,0.0
1067,shipping_buffer_boxes,0.0,0.0
1068,shipping_buffer_boxes,0.0,0.0
1069,shipping_buffer_boxes,5.5,11.0
1070,shipping_buffer_boxes,3.5,7.0
1071,shipping_buffer_boxes,0.0,0.0
1072,shipping_buffer_boxes,0.0,0.0
1073,shipping_buffer_boxes,0.0,0.0
1074,shipping_buffer_boxes,0.5,1.0
1075,shipping_buffer_boxes,0.0,0.0
1076,shipping_buffer_boxes,0.0,0.0
1077,shipping_buffer_boxes,0.0,0.0
1078,shipping_buffer_boxes,0.0,0.0
1079,shipping_buffer_boxes,0.0,0.0
1080,shipping_buffer_boxes,0.5,1.0
1081,shipping_buffer_boxes,0.0,0.0
1082,shipping_buffer_boxes,0.0,0.0
1083,shipping_buffer_boxes,1.5,3.0
1084,shipping_buffer_boxes,0.0,0.0
1085,shipping_buffer_boxes,0.0,0.0
1086,shipping_buffer_boxes,5.5,11.0
1087,shipping_buffer_boxes,0.0,0.0
1088,shipping_buffer_boxes,0.0,0.0
1089,shipping_buffer_boxes,0.0,0.0
1090,shipping_buffer_boxes,0.0,0.0
1091,shipping_buffer_boxes,0.0,0.0
1092,shipping_buffer_boxes,0.0,0.0
1093,shipping_buffer_boxes,0.0,0.0
1094,shipping_buffer_boxes,0.5,1.0
1095,shipping_buffer_boxes,0.0,0.0
1096,shipping_buffer_boxes,1.5,3.0
1097,shipping_buffer_boxes,0.0,0.0
1098,shipping_buffer_boxes,1.5,3.0
1099,shipping_buffer_boxes,0.5,1.0
1100,shipping_buffer_boxes,0.0,0.0
1101,shipping_buffer_boxes,2.5,5.0
1102,shipping_buffer_boxes,0.0,0.0
1103,shipping_buffer_boxes,0.5,1.0
1104,shipping_buffer_boxes,2.0,4.0
1105,shipping_buffer_boxes,8.5,15.0
1106,shipping_buffer_boxes,0.0,0.0
1107,shipping_buffer_boxes,0.0,0.0
1108,shipping_buffer_boxes,0.0,0.0
1109,shipping_buffer_boxes,0.0,0.0
1110,shipping_buffer_boxes,0.0,0.0
1111,shipping_buffer_boxes,0.0,0.0
1112,shipping_buffer_boxes,5.0,10.0
1113,shipping_buffer_boxes,0.0,0.0
1114,shipping_buffer_boxes,0.0,0.0
1115,shipping_buffer_boxes,6.5,13.0
1116,shipping_buffer_boxes,1.5,3.0
1117,shipping_buffer_boxes,1.5,3.0
1118,shipping_buffer_boxes,0.0,0.0
1119,shipping_buffer_boxes,0.0,0.0
1120,shipping_buffer_boxes,0.0,0.0
1121,shipping_buffer_boxes,0.0,0.0
1122,shipping_buffer_boxes,6.5,13.0
1123,shipping_buffer_boxes,3.5,7.0
1124,shipping_buffer_boxes,0.0,0.0
1125,shipping_buffer_boxes,0.0,0.0
1126,shipping_buffer_boxes,0.0,0.0
1127,shipping_buffer_boxes,1.0,2.0
1128,shipping_buffer_boxes,1.0,2.0
1129,shipping_buffer_boxes,0.0,0.0
1130,shipping_buffer_boxes,0.0,0.0
1131,shipping_buffer_boxes,0.0,0.0
1132,shipping_buffer_boxes,0.0,0.0
1133,shipping_buffer_boxes,0.0,0.0
1134,shipping_buffer_boxes,1.5,3.0
1135,shipping_buffer_boxes,0.0,0.0
1136,shipping_buffer_boxes,0.0,0.0
1137,shipping_buffer_boxes,0.0,0.0
1138,shipping_buffer_boxes,0.0,0.0
1139,shipping_buffer_boxes,0.0,0.0
1140,shipping_buffer_boxes,0.0,0.0
1141,shipping_buffer_boxes,0.0,0.0
1142,shipping_buffer_boxes,0.0,0.0
1143,shipping_buffer_boxes,0.0,0.0
1144,shipping_buffer_boxes,0.0,0.0
1145,shipping_buffer_boxes,1.5,3.0
1146,shipping_buffer_boxes,0.5,1.0
1147,shipping_buffer_boxes,5.0,10.0
1148,shipping_buffer_boxes,0.5,1.0
1149,shipping_buffer_boxes,0.0,0.0
1150,shipping_buffer_boxes,0.0,0.0
1151,shipping_buffer_boxes,0.0,0.0
1152,shipping_buffer_boxes,0.0,0.0
1153,shipping_buffer_boxes,0.0,0.0
1154,shipping_buffer_boxes,0.0,0.0
1155,shipping_buffer_boxes,0.0,0.0
1156,shipping_buffer_boxes,0.0,0.0
1157,shipping_buffer_boxes,0.0,0.0
1158,shipping_buffer_boxes,2.5,5.0
1159,shipping_buffer_boxes,8.0,11.0
1160,shipping_buffer_boxes,0.5,1.0
1161,shipping_buffer_boxes,0.0,0.0
1162,shipping_buffer_boxes,0.0,0.0
1163,shipping_buffer_boxes,0.0,0.0
1164,shipping_buffer_boxes,0.0,0.0
1165,shipping_buffer_boxes,0.0,0.0
1166,shipping_buffer_boxes,6.5,13.0
1167,shipping_buffer_boxes,0.0,0.0
1168,shipping_buffer_boxes,0.0,0.0
1169,shipping_buffer_boxes,0.0,0.0
1170,shipping_buffer_boxes,0.5,1.0
1171,shipping_buffer_boxes,0.0,0.0
1172,shipping_buffer_boxes,0.0,0.0
1173,shipping_buffer_boxes,0.5,1.0
1174,shipping_buffer_boxes,0.5,1.0
1175,shipping_buffer_boxes,5.0,10.0
1176,shipping_buffer_boxes,9.5,18.0
1177,shipping_buffer_boxes,2.5,5.0
1178,shipping_buffer_boxes,4.5,7.0
1179,shipping_buffer_boxes,0.0,0.0
1180,shipping_buffer_boxes,0.0,0.0
1181,shipping_buffer_boxes,0.0,0.0
1182,shipping_buffer_boxes,0.0,0.0
1183,shipping_buffer_boxes,0.0,0.0
1184,shipping_buffer_boxes,0.0,0.0
1185,shipping_buffer_boxes,1.0,2.0
1186,shipping_buffer_boxes,0.0,0.0
1187,shipping_buffer_boxes,0.0,0.0
1188,shipping_buffer_boxes,0.0,0.0
1189,shipping_buffer_boxes,0.0,0.0
1190,shipping_buffer_boxes,0.0,0.0
1191,shipping_buffer_boxes,0.0,0.0
1192,shipping_buffer_boxes,0.0,0.0
1193,shipping_buffer_boxes,0.0,0.0
1194,shipping_buffer_boxes,0.0,0.0
1195,shipping_buffer_boxes,0.0,0.0
1196,shipping_buffer_boxes,0.0,0.0
1197,shipping_buffer_boxes,0.0,0.0
1198,shipping_buffer_boxes,2.0,4.0
1199,shipping_buffer_boxes,0.0,0.0
1200,shipping_buffer_boxes,0.0,0.0
1201,shipping_buffer_boxes,0.0,0.0
1202,shipping_buffer_boxes,0.0,0.0
1203,shipping_buffer_boxes,16.0,22.0
1204,shipping_buffer_boxes,0.0,0.0
1205,shipping_buffer_boxes,0.0,0.0
1206,shipping_buffer_boxes,0.0,0.0
1207,shipping_buffer_boxes,0.0,0.0
1208,shipping_buffer_boxes,0.0,0.0
1209,shipping_buffer_boxes,0.0,0.0
1210,shipping_buffer_boxes,1.0,2.0
1211,shipping_buffer_boxes,7.5,14.0
1212,shipping_buffer_boxes,0.0,0.0
1213,shipping_buffer_boxes,0.0,0.0
1214,shipping_buffer_boxes,0.0,0.0
1215,shipping_buffer_boxes,0.5,1.0
1216,shipping_buffer_boxes,0.0,0.0
1217,shipping_buffer_boxes,0.0,0.0
1218,shipping_buffer_boxes,0.0,0.0
1219,shipping_buffer_boxes,0.0,0.0
1220,shipping_buffer_boxes,0.0,0.0
1221,shipping_buffer_boxes,0.0,0.0
1222,shipping_buffer_boxes,4.0,8.0
1223,shipping_buffer_boxes,0.0,0.0
1224,shipping_buffer_boxes,0.0,0.0
1225,shipping_buffer_boxes,0.0,0.0
1226,shipping_buffer_boxes,0.0,0.0
1227,shipping_buffer_boxes,0.0,0.0
1228,shipping_buffer_boxes,0.0,0.0
1229,shipping_buffer_boxes,0.0,0.0
1230,shipping_buffer_boxes,2.5,4.0
1231,shipping_buffer_boxes,2.5,5.0
1232,shipping_buffer_boxes,0.0,0.0
1233,shipping_buffer_boxes,0.0,0.0
1234,shipping_buffer_boxes,0.0,0.0
1235,shipping_buffer_boxes,0.0,0.0
1236,shipping_buffer_boxes,0.0,0.0
1237,shipping_buffer_boxes,0.0,0.0
1238,shipping_buffer_boxes,0.0,0.0
1239,shipping_buffer_boxes,0.0,0.0
1240,shipping_buffer_boxes,0.0,0.0
1241,shipping_buffer_boxes,14.5,20.0
1242,shipping_buffer_boxes,16.0,32.0
1243,shipping_buffer_boxes,0.0,0.0
1244,shipping_buffer_boxes,0.0,0.0
1245,shipping_buffer_boxes,0.0,0.0
1246,shipping_buffer_boxes,7.0,12.0
1247,shipping_buffer_boxes,0.0,0.0
1248,shipping_buffer_boxes,0.0,0.0
1249,shipping_buffer_boxes,0.0,0.0
1250,shipping_buffer_boxes,0.0,0.0
1251,shipping_buffer_boxes,1.5,3.0
1252,shipping_buffer_boxes,2.5,4.0
1253,shipping_buffer_boxes,0.0,0.0
1254,shipping_buffer_boxes,0.0,0.0
1255,shipping_buffer_boxes,0.0,0.0
1256,shipping_buffer_boxes,0.0,0.0
1257,shipping_buffer_boxes,0.0,0.0
1258,shipping_buffer_boxes,0.5,1.0
1259,shipping_buffer_boxes,0.0,0.0
1260,shipping_buffer_boxes,0.0,0.0
1261,shipping_buffer_boxes,0.0,0.0
1262,shipping_buffer_boxes,1.5,2.0
1263,shipping_buffer_boxes,4.5,6.0
1264,shipping_buffer_boxes,3.0,6.0
1265,shipping_buffer_boxes,0.0,0.0
1266,shipping_buffer_boxes,0.0,0.0
1267,shipping_buffer_boxes,0.0,0.0
1268,shipping_buffer_boxes,0.0,0.0
1269,shipping_buffer_boxes,0.0,0.0
1270,shipping_buffer_boxes,1.0,2.0
1271,shipping_buffer_boxes,0.0,0.0
1272,shipping_buffer_boxes,0.0,0.0
1273,shipping_buffer_boxes,0.0,0.0
1274,shipping_buffer_boxes,0.0,0.0
1275,shipping_buffer_boxes,0.0,0.0
1276,shipping_buffer_boxes,1.5,3.0
1277,shipping_buffer_boxes,3.0,6.0
1278,shipping_buffer_boxes,0.0,0.0
1279,shipping_buffer_boxes,0.0,0.0
1280,shipping_buffer_boxes,2.0,4.0
1281,shipping_buffer_boxes,0.0,0.0
1282,shipping_buffer_boxes,0.0,0.0
1283,shipping_buffer_boxes,0.5,1.0
1284,shipping_buffer_boxes,1.5,3.0
1285,shipping_buffer_boxes,0.0,0.0
1286,shipping_buffer_boxes,0.0,0.0
1287,shipping_buffer_boxes,0.0,0.0
1288,shipping_buffer_boxes,0.0,0.0
1289,shipping_buffer_boxes,0.0,0.0
1290,shipping_buffer_boxes,0.0,0.0
1291,shipping_buffer_boxes,0.0,0.0
1292,shipping_buffer_boxes,0.0,0.0
1293,shipping_buffer_boxes,0.0,0.0
1294,shipping_buffer_boxes,0.0,0.0
1295,shipping_buffer_boxes,0.0,0.0
1296,shipping_buffer_boxes,0.0,0.0
1297,shipping_buffer_boxes,0.0,0.0
1298,shipping_buffer_boxes,0.0,0.0
1299,shipping_buffer_boxes,2.0,4.0
1300,shipping_buffer_boxes,0.0,0.0
1301,shipping_buffer_boxes,3.0,6.0
1302,shipping_buffer_boxes,0.0,0.0
1303,shipping_buffer_boxes,0.0,0.0
1304,shipping_buffer_boxes,0.0,0.0
1305,shipping_buffer_boxes,17.0,24.0
1306,shipping_buffer_boxes,0.0,0.0
1307,shipping_buffer_boxes,0.0,0.0
1308,shipping_buffer_boxes,0.0,0.0
1309,shipping_buffer_boxes,0.0,0.0
1310,shipping_buffer_boxes,4.5,7.0
1311,shipping_buffer_boxes,0.0,0.0
1312,shipping_buffer_boxes,1.0,2.0
1313,shipping_buffer_boxes,0.5,1.0
1314,shipping_buffer_boxes,0.5,1.0
1315,shipping_buffer_boxes,0.0,0.0
1316,shipping_buffer_boxes,0.0,0.0
1317,shipping_buffer_boxes,0.0,0.0
1318,shipping_buffer_boxes,0.0,0.0
1319,shipping_buffer_boxes,1.0,2.0
1320,shipping_buffer_boxes,0.0,0.0
1321,shipping_buffer_boxes,0.0,0.0
1322,shipping_buffer_boxes,0.0,0.0
1323,shipping_buffer_boxes,0.0,0.0
1324,shipping_buffer_boxes,0.0,0.0
1325,shipping_buffer_boxes,2.5,5.0
1326,shipping_buffer_boxes,0.0,0.0
1327,shipping_buffer_boxes,0.0,0.0
1328,shipping_buffer_boxes,0.0,0.0
1329,shipping_buffer_boxes,1.0,2.0
1330,shipping_buffer_boxes,2.0,4.0
1331,shipping_buffer_boxes,10.0,15.0
1332,shipping_buffer_boxes,0.0,0.0
1333,shipping_buffer_boxes,0.0,0.0
1334,shipping_buffer_boxes,0.0,0.0
1335,shipping_buffer_boxes,0.0,0.0
1336,shipping_buffer_boxes,0.0,0.0
1337,shipping_buffer_boxes,0.0,0.0
1338,shipping_buffer_boxes,0.0,0.0
1339,shipping_buffer_boxes,9.0,13.0
1340,shipping_buffer_boxes,0.0,0.0
1341,shipping_buffer_boxes,0.0,0.0
1342,shipping_buffer_boxes,0.0,0.0
1343,shipping_buffer_boxes,0.0,0.0
1344,shipping_buffer_boxes,0.0,0.0
1345,shipping_buffer_boxes,0.0,0.0
1346,shipping_buffer_boxes,0.0,0.0
1347,shipping_buffer_boxes,0.0,0.0
1348,shipping_buffer_boxes,0.0,0.0
1349,shipping_buffer_boxes,0.0,0.0
1350,shipping_buffer_boxes,0.0,0.0
1351,shipping_buffer_boxes,0.0,0.0
1352,shipping_buffer_boxes,0.0,0.0
1353,shipping_buffer_boxes,0.0,0.0
1354,shipping_buffer_boxes,0.0,0.0
1355,shipping_buffer_boxes,0.0,0.0
1356,shipping_buffer_boxes,1.5,3.0
1357,shipping_buffer_boxes,3.0,6.0
1358,shipping_buffer_boxes,4.5,9.0
1359,shipping_buffer_boxes,10.0,20.0
1360,shipping_buffer_boxes,0.0,0.0
1361,shipping_buffer_boxes,0.0,0.0
1362,shipping_buffer_boxes,0.0,0.0
1363,shipping_buffer_boxes,0.0,0.0
1364,shipping_buffer_boxes,0.5,1.0
1365,shipping_buffer_boxes,0.0,0.0
1366,shipping_buffer_boxes,0.0,0.0
1367,shipping_buffer_boxes,0.0,0.0
1368,shipping_buffer_boxes,0.0,0.0
1369,shipping_buffer_boxes,0.0,0.0
1370,shipping_buffer_boxes,0.0,0.0
1371,shipping_buffer_boxes,0.0,0.0
1372,shipping_buffer_boxes,0.0,0.0
1373,shipping_buffer_boxes,0.0,0.0
1374,shipping_buffer_boxes,0.0,0.0
1375,shipping_buffer_boxes,0.5,1.0
1376,shipping_buffer_boxes,0.0,0.0
1377,shipping_buffer_boxes,0.0,0.0
1378,shipping_buffer_boxes,0.0,0.0
1379,shipping_buffer_boxes,0.0,0.0
1380,shipping_buffer_boxes,0.0,0.0
1381,shipping_buffer_boxes,0.0,0.0
1382,shipping_buffer_boxes,0.0,0.0
1383,shipping_buffer_boxes,0.0,0.0
1384,shipping_buffer_boxes,0.0,0.0
1385,shipping_buffer_boxes,0.5,1.0
1386,shipping_buffer_boxes,0.0,0.0
1387,shipping_buffer_boxes,0.0,0.0
1388,shipping_buffer_boxes,0.0,0.0
1389,shipping_buffer_boxes,0.0,0.0
1390,shipping_buffer_boxes,0.0,0.0
1391,shipping_buffer_boxes,0.0,0.0
1392,shipping_buffer_boxes,0.0,0.0
1393,shipping_buffer_boxes,0.0,0.0
1394,shipping_buffer_boxes,0.0,0.0
1395,shipping_buffer_boxes,0.0,0.0
1396,shipping_buffer_boxes,0.5,1.0
1397,shipping_buffer_boxes,0.0,0.0
1398,shipping_buffer_boxes,2.0,4.0
1399,shipping_buffer_boxes,3.5,7.0
1400,shipping_buffer_boxes,0.0,0.0
1401,shipping_buffer_boxes,0.0,0.0
1402,shipping_buffer_boxes,0.0,0.0
1403,shipping_buffer_boxes,0.0,0.0
1404,shipping_buffer_boxes,0.0,0.0
1405,shipping_buffer_boxes,3.5,7.0
1406,shipping_buffer_boxes,4.5,9.0
1407,shipping_buffer_boxes,0.0,0.0
1408,shipping_buffer_boxes,0.0,0.0
1409,shipping_buffer_boxes,0.0,0.0
1410,shipping_buffer_boxes,1.0,2.0
1411,shipping_buffer_boxes,0.0,0.0
1412,shipping_buffer_boxes,0.0,0.0
1413,shipping_buffer_boxes,0.0,0.0
1414,shipping_buffer_boxes,0.0,0.0
1415,shipping_buffer_boxes,0.0,0.0
1416,shipping_buffer_boxes,0.5,1.0
1417,shipping_buffer_boxes,0.0,0.0
1418,shipping_buffer_boxes,0.0,0.0
1419,shipping_buffer_boxes,0.5,1.0
1420,shipping_buffer_boxes,0.0,0.0
1421,shipping_buffer_boxes,2.0,3.0
1422,shipping_buffer_boxes,0.0,0.0
1423,shipping_buffer_boxes,0.0,0.0
1424,shipping_buffer_boxes,0.0,0.0
1425,shipping_buffer_boxes,0.0,0.0
1426,shipping_buffer_boxes,0.0,0.0
1427,shipping_buffer_boxes,0.0,0.0
1428,shipping_buffer_boxes,0.0,0.0
1429,shipping_buffer_boxes,0.0,0.0
1430,shipping_buffer_boxes,0.0,0.0
1431,shipping_buffer_boxes,3.0,6.0
1432,shipping_buffer_boxes,0.0,0.0
1433,shipping_buffer_boxes,0.0,0.0
1434,shipping_buffer_boxes,0.0,0.0
1435,shipping_buffer_boxes,0.0,0.0
1436,shipping_buffer_boxes,0.5,1.0
1437,shipping_buffer_boxes,12.5,17.0
1438,shipping_buffer_boxes,2.5,5.0
1439,shipping_buffer_boxes,0.0,0.0
0,sorter_queues_total_batches,0.0,0.0
1,sorter_queues_total_batches,0.0,0.0
2,sorter_queues_total_batches,0.0,0.0
3,sorter_queues_total_batches,0.0,0.0
4,sorter_queues_total_batches,9.5,19.0
5,sorter_queues_total_batches,42.5,46.0
6,sorter_queues_total_batches,34.0,42.0
7,sorter_queues_total_batches,30.5,38.0
8,sorter_queues_total_batches,40.5,46.0
9,sorter_queues_total_batches,43.5,51.0
10,sorter_queues_total_batches,48.0,56.0
11,sorter_queues_total_batches,35.0,41.0
12,sorter_queues_total_batches,43.0,50.0
13,sorter_queues_total_batches,36.5,38.0
14,sorter_queues_total_batches,18.5,25.0
15,sorter_queues_total_batches,36.0,37.0
16,sorter_queues_total_batches,31.5,40.0
17,sorter_queues_total_batches,45.0,45.0
18,sorter_queues_total_batches,30.5,36.0
19,sorter_queues_total_batches,34.0,45.0
20,sorter_queues_total_batches,42.5,47.0
21,sorter_queues_total_batches,46.0,50.0
22,sorter_queues_total_batches,45.0,46.0
23,sorter_queues_total_batches,30.5,42.0
24,sorter_queues_total_batches,43.5,52.0
25,sorter_queues_total_batches,38.0,43.0
26,sorter_queues_total_batches,13.5,14.0
27,sorter_queues_total_batches,29.0,38.0
28,sorter_queues_total_batches,26.0,28.0
29,sorter_queues_total_batches,44.0,50.0
30,sorter_queues_total_batches,36.0,40.0
31,sorter_queues_total_batches,37.5,48.0
32,sorter_queues_total_batches,42.0,47.0
33,sorter_queues_total_batches,42.0,47.0
34,sorter_queues_total_batches,41.5,50.0
35,sorter_queues_total_batches,26.5,32.0
36,sorter_queues_total_batches,45.0,49.0
37,sorter_queues_total_batches,43.5,50.0
38,sorter_queues_total_batches,24.0,30.0
39,sorter_queues_total_batches,31.0,34.0
40,sorter_queues_total_batches,36.0,44.0
41,sorter_queues_total_batches,53.0,56.0
42,sorter_queues_total_batches,45.0,46.0
43,sorter_queues_total_batches,37.0,52.0
44,sorter_queues_total_batches,39.0,41.0
45,sorter_queues_total_batches,39.0,41.0
46,sorter_queues_total_batches,43.5,53.0
47,sorter_queues_total_batches,28.5,33.0
48,sorter_queues_total_batches,40.0,44.0
49,sorter_queues_total_batches,29.0,36.0
50,sorter_queues_total_batches,21.0,26.0
51,sorter_queues_total_batches,32.5,35.0
52,sorter_queues_total_batches,35.5,39.0
53,sorter_queues_total_batches,45.0,47.0
54,sorter_queues_total_batches,42.5,48.0
55,sorter_queues_total_batches,32.0,44.0
56,sorter_queues_total_batches,33.5,40.0
57,sorter_queues_total_batches,39.0,46.0
58,sorter_queues_total_batches,49.0,58.0
59,sorter_queues_total_batches,34.0,42.0
60,sorter_queues_total_batches,39.5,44.0
61,sorter_queues_total_batches,30.5,37.0
62,sorter_queues_total_batches,17.5,22.0
63,sorter_queues_total_batches,27.5,34.0
64,sorter_queues_total_batches,29.0,34.0
65,sorter_queues_total_batches,48.5,54.0
66,sorter_queues_total_batches,43.5,51.0
67,sorter_queues_total_batches,31.5,46.0
68,sorter_queues_total_batches,36.0,43.0
69,sorter_queues_total_batches,43.5,50.0
70,sorter_queues_total_batches,42.5,48.0
71,sorter_queues_total_batches,32.0,35.0
72,sorter_queues_total_batches,41.0,49.0
73,sorter_queues_total_batches,37.0,42.0
74,sorter_queues_total_batches,23.0,27.0
75,sorter_queues_total_batches,33.0,38.0
76,sorter_queues_total_batches,42.0,48.0
77,sorter_queues_total_batches,52.0,62.0
78,sorter_queues_total_batches,45.5,57.0
79,sorter_queues_total_batches,34.0,46.0
80,sorter_queues_total_batches,42.0,43.0
81,sorter_queues_total_batches,36.0,47.0
82,sorter_queues_total_batches,51.5,63.0
83,sorter_queues_total_batches,37.5,43.0
84,sorter_queues_total_batches,53.5,58.0
85,sorter_queues_total_batches,50.0,58.0
86,sorter_queues_total_batches,38.5,44.0
87,sorter_queues_total_batches,41.5,53.0
88,sorter_queues_total_batches,46.0,50.0
89,sorter_queues_total_batches,55.0,57.0
90,sorter_queues_total_batches,48.5,55.0
91,sorter_queues_total_batches,47.0,56.0
92,sorter_queues_total_batches,55.5,62.0
93,sorter_queues_total_batches,52.0,56.0
94,sorter_queues_total_batches,49.5,52.0
95,sorter_queues_total_batches,32.0,36.0
96,sorter_queues_total_batches,51.0,56.0
97,sorter_queues_total_batches,34.5,35.0
98,sorter_queues_total_batches,15.0,21.0
99,sorter_queues_total_batches,38.0,44.0
100,sorter_queues_total_batches,43.5,48.0
101,sorter_queues_total_batches,47.5,56.0
102,sorter_queues_total_batches,52.0,56.0
103,sorter_queues_total_batches,39.5,56.0
104,sorter_queues_total_batches,40.0,49.0
105,sorter_queues_total_batches,47.0,51.0
106,sorter_queues_total_batches,41.5,45.0
107,sorter_queues_total_batches,25.5,29.0
108,sorter_queues_total_batches,42.5,46.0
109,sorter_queues_total_batches,34.5,37.0
110,sorter_queues_total_batches,19.5,24.0
111,sorter_queues_total_batches,36.0,40.0
112,sorter_queues_total_batches,37.5,43.0
113,sorter_queues_total_batches,41.5,45.0
114,sorter_queues_total_batches,34.0,37.0
115,sorter_queues_total_batches,35.0,45.0
116,sorter_queues_total_batches,45.0,53.0
117,sorter_queues_total_batches,48.5,58.0
118,sorter_queues_total_batches,48.0,51.0
119,sorter_queues_total_batches,45.0,57.0
120,sorter_queues_total_batches,66.0,72.0
121,sorter_queues_total_batches,66.0,70.0
122,sorter_queues_total_batches,45.5,49.0
123,sorter_queues_total_batches,53.0,54.0
124,sorter_queues_total_batches,57.5,69.0
125,sorter_queues_total_batches,57.5,67.0
126,sorter_queues_total_batches,49.0,49.0
127,sorter_queues_total_batches,46.0,56.0
128,sorter_queues_total_batches,50.0,53.0
129,sorter_queues_total_batches,46.5,53.0
130,sorter_queues_total_batches,50.5,55.0
131,sorter_queues_total_batches,35.0,42.0
132,sorter_queues_total_batches,47.0,53.0
133,sorter_queues_total_batches,36.0,40.0
134,sorter_queues_total_batches,21.5,24.0
135,sorter_queues_total_batches,32.5,36.0
136,sorter_queues_total_batches,34.5,42.0
137,sorter_queues_total_batches,46.0,54.0
138,sorter_queues_total_batches,46.5,50.0
139,sorter_queues_total_batches,37.0,51.0
140,sorter_queues_total_batches,44.5,49.0
141,sorter_queues_total_batches,56.0,67.0
142,sorter_queues_total_batches,59.5,62.0
143,sorter_queues_total_batches,35.0,36.0
144,sorter_queues_total_batches,44.5,46.0
145,sorter_queues_total_batches,41.5,49.0
146,sorter_queues_total_batches,28.0,31.0
147,sorter_queues_total_batches,41.5,47.0
148,sorter_queues_total_batches,45.0,49.0
149,sorter_queues_total_batches,54.5,59.0
150,sorter_queues_total_batches,49.0,55.0
151,sorter_queues_total_batches,45.5,59.0
152,sorter_queues_total_batches,43.0,52.0
153,sorter_queues_total_batches,58.0,66.0
154,sorter_queues_total_batches,57.5,63.0
155,sorter_queues_total_batches,45.5,51.0
156,sorter_queues_total_batches,52.5,58.0
157,sorter_queues_total_batches,41.0,47.0
158,sorter_queues_total_batches,20.5,24.0
159,sorter_queues_total_batches,30.0,35.0
160,sorter_queues_total_batches,32.0,38.0
161,sorter_queues_total_batches,41.5,48.0
162,sorter_queues_total_batches,41.5,44.0
163,sorter_queues_total_batches,39.0,54.0
164,sorter_queues_total_batches,32.5,42.0
165,sorter_queues_total_batches,40.5,51.0
166,sorter_queues_total_batches,45.5,51.0
167,sorter_queues_total_batches,25.0,30.0
168,sorter_queues_total_batches,39.5,41.0
169,sorter_queues_total_batches,33.5,38.0
170,sorter_queues_total_batches,23.0,29.0
171,sorter_queues_total_batches,48.5,54.0
172,sorter_queues_total_batches,45.5,54.0
173,sorter_queues_total_batches,59.5,60.0
174,sorter_queues_total_batches,44.0,47.0
175,sorter_queues_total_batches,34.5,46.0
176,sorter_queues_total_batches,44.5,53.0
177,sorter_queues_total_batches,47.5,54.0
178,sorter_queues_total_batches,54.0,56.0
179,sorter_queues_total_batches,26.5,32.0
180,sorter_queues_total_batches,37.0,40.0
181,sorter_queues_total_batches,28.0,35.0
182,sorter_queues_total_batches,15.0,20.0
183,sorter_queues_total_batches,28.0,33.0
184,sorter_queues_total_batches,32.0,36.0
185,sorter_queues_total_batches,43.5,52.0
186,sorter_queues_total_batches,31.5,39.0
187,sorter_queues_total_batches,34.0,44.0
188,sorter_queues_total_batches,35.0,45.0
189,sorter_queues_total_batches,43.0,54.0
190,sorter_queues_total_batches,57.5,62.0
191,sorter_queues_total_batches,38.0,42.0
192,sorter_queues_total_batches,47.5,50.0
193,sorter_queues_total_batches,39.0,44.0
194,sorter_queues_total_batches,22.5,28.0
195,sorter_queues_total_batches,38.5,40.0
196,sorter_queues_total_batches,36.5,39.0
197,sorter_queues_total_batches,48.5,53.0
198,sorter_queues_total_batches,47.0,47.0
199,sorter_queues_total_batches,45.0,62.0
200,sorter_queues_total_batches,34.0,39.0
201,sorter_queues_total_batches,39.5,47.0
202,sorter_queues_total_batches,44.0,51.0
203,sorter_queues_total_batches,28.5,34.0
204,sorter_queues_total_batches,37.5,43.0
205,sorter_queues_total_batches,35.0,38.0
206,sorter_queues_total_batches,21.5,22.0
207,sorter_queues_total_batches,35.5,41.0
208,sorter_queues_total_batches,38.0,46.0
209,sorter_queues_total_batches,42.0,46.0
210,sorter_queues_total_batches,40.5,43.0
211,sorter_queues_total_batches,41.5,50.0
212,sorter_queues_total_batches,47.5,55.0
213,sorter_queues_total_batches,45.0,50.0
214,sorter_queues_total_batches,47.5,52.0
215,sorter_queues_total_batches,25.5,36.0
216,sorter_queues_total_batches,49.0,53.0
217,sorter_queues_total_batches,39.5,45.0
218,sorter_queues_total_batches,27.0,33.0
219,sorter_queues_total_batches,34.0,41.0
220,sorter_queues_total_batches,33.5,42.0
221,sorter_queues_total_batches,54.0,60.0
222,sorter_queues_total_batches,47.0,51.0
223,sorter_queues_total_batches,31.5,45.0
224,sorter_queues_total_batches,37.0,44.0
225,sorter_queues_total_batches,45.0,49.0
226,sorter_queues_total_batches,41.0,44.0
227,sorter_queues_total_batches,33.0,43.0
228,sorter_queues_total_batches,41.5,50.0
229,sorter_queues_total_batches,30.0,38.0
230,sorter_queues_total_batches,18.5,24.0
231,sorter_queues_total_batches,32.0,40.0
232,sorter_queues_total_batches,38.5,42.0
233,sorter_queues_total_batches,43.5,45.0
234,sorter_queues_total_batches,35.0,39.0
235,sorter_queues_total_batches,29.0,38.0
236,sorter_queues_total_batches,31.0,37.0
237,sorter_queues_total_batches,39.5,46.0
238,sorter_queues_total_batches,49.5,55.0
239,sorter_queues_total_batches,31.5,40.0
240,sorter_queues_total_batches,41.0,52.0
241,sorter_queues_total_batches,35.0,41.0
242,sorter_queues_total_batches,17.0,18.0
243,sorter_queues_total_batches,32.0,37.0
244,sorter_queues_total_batches,39.0,42.0
245,sorter_queues_total_batches,63.0,70.0
246,sorter_queues_total_batches,53.5,54.0
247,sorter_queues_total_batches,48.5,63.0
248,sorter_queues_total_batches,41.0,42.0
249,sorter_queues_total_batches,55.0,65.0
250,sorter_queues_total_batches,52.0,57.0
251,sorter_queues_total_batches,37.5,43.0
252,sorter_queues_total_batches,42.0,46.0
253,sorter_queues_total_batches,28.5,31.0
254,sorter_queues_total_batches,12.5,16.0
255,sorter_queues_total_batches,26.0,32.0
256,sorter_queues_total_batches,29.0,37.0
257,sorter_queues_total_batches,48.0,55.0
258,sorter_queues_total_batches,44.5,47.0
259,sorter_queues_total_batches,46.5,59.0
260,sorter_queues_total_batches,54.5,63.0
261,sorter_queues_total_batches,58.0,64.0
262,sorter_queues_total_batches,53.0,58.0
263,sorter_queues_total_batches,34.0,36.0
264,sorter_queues_total_batches,47.5,53.0
265,sorter_queues_total_batches,42.5,50.0
266,sorter_queues_total_batches,27.5,31.0
267,sorter_queues_total_batches,39.5,45.0
268,sorter_queues_total_batches,40.5,47.0
269,sorter_queues_total_batches,59.0,66.0
270,sorter_queues_total_batches,42.5,51.0
271,sorter_queues_total_batches,33.5,49.0
272,sorter_queues_total_batches,38.0,44.0
273,sorter_queues_total_batches,40.5,43.0
274,sorter_queues_total_batches,44.5,55.0
275,sorter_queues_total_batches,30.5,34.0
276,sorter_queues_total_batches,36.0,43.0
277,sorter_queues_total_batches,32.0,40.0
278,sorter_queues_total_batches,15.0,17.0
279,sorter_queues_total_batches,28.0,31.0
280,sorter_queues_total_batches,32.0,35.0
281,sorter_queues_total_batches,44.0,49.0
282,sorter_queues_total_batches,39.0,39.0
283,sorter_queues_total_batches,37.5,46.0
284,sorter_queues_total_batches,50.5,58.0
285,sorter_queues_total_batches,54.5,63.0
286,sorter_queues_total_batches,52.0,56.0
287,sorter_queues_total_batches,30.5,36.0
288,sorter_queues_total_batches,39.0,43.0
289,sorter_queues_total_batches,38.5,45.0
290,sorter_queues_total_batches,28.0,31.0
291,sorter_queues_total_batches,39.0,45.0
292,sorter_queues_total_batches,36.5,44.0
293,sorter_queues_total_batches,37.0,42.0
294,sorter_queues_total_batches,32.5,35.0
295,sorter_queues_total_batches,35.5,44.0
296,sorter_queues_total_batches,47.0,56.0
297,sorter_queues_total_batches,49.0,56.0
298,sorter_queues_total_batches,48.5,53.0
299,sorter_queues_total_batches,35.0,40.0
300,sorter_queues_total_batches,51.5,54.0
301,sorter_queues_total_batches,36.0,37.0
302,sorter_queues_total_batches,27.5,33.0
303,sorter_queues_total_batches,32.5,37.0
304,sorter_queues_total_batches,35.5,39.0
305,sorter_queues_total_batches,52.5,60.0
306,sorter_queues_total_batches,56.0,61.0
307,sorter_queues_total_batches,43.0,57.0
308,sorter_queues_total_batches,46.5,50.0
309,sorter_queues_total_batches,53.0,64.0
310,sorter_queues_total_batches,56.0,60.0
311,sorter_queues_total_batches,41.5,47.0
312,sorter_queues_total_batches,49.0,57.0
313,sorter_queues_total_batches,40.5,48.0
314,sorter_queues_total_batches,19.5,27.0
315,sorter_queues_total_batches,34.0,39.0
316,sorter_queues_total_batches,40.5,50.0
317,sorter_queues_total_batches,57.0,60.0
318,sorter_queues_total_batches,56.5,57.0
319,sorter_queues_total_batches,52.0,68.0
320,sorter_queues_total_batches,55.0,61.0
321,sorter_queues_total_batches,55.5,62.0
322,sorter_queues_total_batches,59.5,64.0
323,sorter_queues_total_batches,43.0,50.0
324,sorter_queues_total_batches,52.0,54.0
325,sorter_queues_total_batches,38.0,40.0
326,sorter_queues_total_batches,35.0,39.0
327,sorter_queues_total_batches,45.5,57.0
328,sorter_queues_total_batches,48.5,53.0
329,sorter_queues_total_batches,59.5,68.0
330,sorter_queues_total_batches,47.0,52.0
331,sorter_queues_total_batches,37.0,46.0
332,sorter_queues_total_batches,40.0,47.0
333,sorter_queues_total_batches,33.5,38.0
334,sorter_queues_total_batches,39.0,49.0
335,sorter_queues_total_batches,28.0,35.0
336,sorter_queues_total_batches,41.5,44.0
337,sorter_queues_total_batches,33.0,41.0
338,sorter_queues_total_batches,15.5,18.0
339,sorter_queues_total_batches,27.0,33.0
340,sorter_queues_total_batches,31.5,37.0
341,sorter_queues_total_batches,42.0,46.0
342,sorter_queues_total_batches,34.5,39.0
343,sorter_queues_total_batches,31.0,45.0
344,sorter_queues_total_batches,34.5,40.0
345,sorter_queues_total_batches,43.0,51.0
346,sorter_queues_total_batches,46.0,58.0
347,sorter_queues_total_batches,36.5,41.0
348,sorter_queues_total_batches,45.5,50.0
349,sorter_queues_total_batches,42.0,47.0
350,sorter_queues_total_batches,28.0,31.0
351,sorter_queues_total_batches,37.5,43.0
352,sorter_queues_total_batches,37.5,45.0
353,sorter_queues_total_batches,51.0,53.0
354,sorter_queues_total_batches,30.0,37.0
355,sorter_queues_total_batches,31.0,43.0
356,sorter_queues_total_batches,41.5,50.0
357,sorter_queues_total_batches,43.5,44.0
358,sorter_queues_total_batches,41.5,47.0
359,sorter_queues_total_batches,28.5,39.0
360,sorter_queues_total_batches,41.5,45.0
361,sorter_queues_total_batches,34.5,37.0
362,sorter_queues_total_batches,30.0,35.0
363,sorter_queues_total_batches,32.5,39.0
364,sorter_queues_total_batches,37.5,42.0
365,sorter_queues_total_batches,45.5,50.0
366,sorter_queues_total_batches,40.0,47.0
367,sorter_queues_total_batches,34.0,47.0
368,sorter_queues_total_batches,41.0,50.0
369,sorter_queues_total_batches,42.5,53.0
370,sorter_queues_total_batches,43.0,49.0
371,sorter_queues_total_batches,28.5,34.0
372,sorter_queues_total_batches,42.0,47.0
373,sorter_queues_total_batches,36.5,44.0
374,sorter_queues_total_batches,31.0,36.0
375,sorter_queues_total_batches,34.0,37.0
376,sorter_queues_total_batches,38.5,44.0
377,sorter_queues_total_batches,43.0,47.0
378,sorter_queues_total_batches,38.5,44.0
379,sorter_queues_total_batches,35.0,45.0
380,sorter_queues_total_batches,45.5,54.0
381,sorter_queues_total_batches,50.5,59.0
382,sorter_queues_total_batches,47.5,55.0
383,sorter_queues_total_batches,28.5,35.0
384,sorter_queues_total_batches,35.0,38.0
385,sorter_queues_total_batches,28.5,36.0
386,sorter_queues_total_batches,12.0,15.0
387,sorter_queues_total_batches,27.0,31.0
388,sorter_queues_total_batches,36.0,41.0
389,sorter_queues_total_batches,49.5,55.0
390,sorter_queues_total_batches,41.0,43.0
391,sorter_queues_total_batches,32.5,47.0
392,sorter_queues_total_batches,33.0,38.0
393,sorter_queues_total_batches,45.0,50.0
394,sorter_queues_total_batches,54.5,61.0
395,sorter_queues_total_batches,39.5,47.0
396,sorter_queues_total_batches,51.5,56.0
397,sorter_queues_total_batches,42.5,48.0
398,sorter_queues_total_batches,22.0,25.0
399,sorter_queues_total_batches,38.0,47.0
400,sorter_queues_total_batches,46.5,51.0
401,sorter_queues_total_batches,64.5,65.0
402,sorter_queues_total_batches,52.5,54.0
403,sorter_queues_total_batches,43.5,54.0
404,sorter_queues_total_batches,40.0,44.0
405,sorter_queues_total_batches,37.5,44.0
406,sorter_queues_total_batches,45.0,54.0
407,sorter_queues_total_batches,30.0,38.0
408,sorter_queues_total_batches,41.5,47.0
409,sorter_queues_total_batches,32.0,33.0
410,sorter_queues_total_batches,19.0,25.0
411,sorter_queues_total_batches,34.0,43.0
412,sorter_queues_total_batches,36.0,39.0
413,sorter_queues_total_batches,46.0,51.0
414,sorter_queues_total_batches,35.5,39.0
415,sorter_queues_total_batches,32.0,45.0
416,sorter_queues_total_batches,41.5,43.0
417,sorter_queues_total_batches,43.0,50.0
418,sorter_queues_total_batches,50.5,59.0
419,sorter_queues_total_batches,38.0,48.0
420,sorter_queues_total_batches,46.5,52.0
421,sorter_queues_total_batches,40.5,52.0
422,sorter_queues_total_batches,25.0,29.0
423,sorter_queues_total_batches,32.5,39.0
424,sorter_queues_total_batches,37.0,44.0
425,sorter_queues_total_batches,47.5,52.0
426,sorter_queues_total_batches,42.5,50.0
427,sorter_queues_total_batches,30.5,47.0
428,sorter_queues_total_batches,37.0,45.0
429,sorter_queues_total_batches,44.0,49.0
430,sorter_queues_total_batches,40.0,44.0
431,sorter_queues_total_batches,32.0,38.0
432,sorter_queues_total_batches,41.0,45.0
433,sorter_queues_total_batches,38.0,45.0
434,sorter_queues_total_batches,23.5,28.0
435,sorter_queues_total_batches,33.0,38.0
436,sorter_queues_total_batches,39.5,40.0
437,sorter_queues_total_batches,48.0,53.0
438,sorter_queues_total_batches,38.5,42.0
439,sorter_queues_total_batches,37.0,47.0
440,sorter_queues_total_batches,33.0,35.0
441,sorter_queues_total_batches,41.5,51.0
442,sorter_queues_total_batches,52.0,57.0
443,sorter_queues_total_batches,28.0,35.0
444,sorter_queues_total_batches,42.0,46.0
445,sorter_queues_total_batches,34.5,37.0
446,sorter_queues_total_batches,13.5,16.0
447,sorter_queues_total_batches,21.5,26.0
448,sorter_queues_total_batches,28.0,34.0
449,sorter_queues_total_batches,44.5,49.0
450,sorter_queues_total_batches,42.5,47.0
451,sorter_queues_total_batches,37.5,55.0
452,sorter_queues_total_batches,41.0,45.0
453,sorter_queues_total_batches,42.5,54.0
454,sorter_queues_total_batches,39.5,45.0
455,sorter_queues_total_batches,21.0,27.0
456,sorter_queues_total_batches,40.0,44.0
457,sorter_queues_total_batches,34.5,45.0
458,sorter_queues_total_batches,26.0,28.0
459,sorter_queues_total_batches,32.5,39.0
460,sorter_queues_total_batches,38.0,42.0
461,sorter_queues_total_batches,58.0,70.0
462,sorter_queues_total_batches,54.0,62.0
463,sorter_queues_total_batches,43.0,60.0
464,sorter_queues_total_batches,42.5,46.0
465,sorter_queues_total_batches,36.5,42.0
466,sorter_queues_total_batches,36.0,43.0
467,sorter_queues_total_batches,21.5,31.0
468,sorter_queues_total_batches,34.5,38.0
469,sorter_queues_total_batches,38.5,50.0
470,sorter_queues_total_batches,24.0,28.0
471,sorter_queues_total_batches,38.0,43.0
472,sorter_queues_total_batches,29.0,34.0
473,sorter_queues_total_batches,48.0,59.0
474,sorter_queues_total_batches,41.5,49.0
475,sorter_queues_total_batches,35.0,48.0
476,sorter_queues_total_batches,41.5,49.0
477,sorter_queues_total_batches,46.5,55.0
478,sorter_queues_total_batches,56.0,62.0
479,sorter_queues_total_batches,33.5,35.0
480,sorter_queues_total_batches,45.0,49.0
481,sorter_queues_total_batches,40.5,46.0
482,sorter_queues_total_batches,25.5,29.0
483,sorter_queues_total_batches,46.5,50.0
484,sorter_queues_total_batches,53.0,61.0
485,sorter_queues_total_batches,57.5,62.0
486,sorter_queues_total_batches,56.5,63.0
487,sorter_queues_total_batches,45.0,56.0
488,sorter_queues_total_batches,43.0,50.0
489,sorter_queues_total_batches,49.5,56.0
490,sorter_queues_total_batches,38.5,40.0
491,sorter_queues_total_batches,31.5,38.0
492,sorter_queues_total_batches,51.5,53.0
493,sorter_queues_total_batches,46.5,53.0
494,sorter_queues_total_batches,28.5,35.0
495,sorter_queues_total_batches,31.0,37.0
496,sorter_queues_total_batches,32.0,35.0
497,sorter_queues_total_batches,43.0,48.0
498,sorter_queues_total_batches,40.0,46.0
499,sorter_queues_total_batches,43.0,56.0
500,sorter_queues_total_batches,47.5,54.0
501,sorter_queues_total_batches,45.0,48.0
502,sorter_queues_total_batches,42.0,49.0
503,sorter_queues_total_batches,29.5,34.0
504,sorter_queues_total_batches,44.0,52.0
505,sorter_queues_total_batches,29.0,32.0
506,sorter_queues_total_batches,19.5,23.0
507,sorter_queues_total_batches,33.5,38.0
508,sorter_queues_total_batches,33.0,44.0
509,sorter_queues_total_batches,45.0,53.0
510,sorter_queues_total_batches,40.0,43.0
511,sorter_queues_total_batches,42.0,54.0
512,sorter_queues_total_batches,42.0,47.0
513,sorter_queues_total_batches,47.5,56.0
514,sorter_queues_total_batches,57.0,63.0
515,sorter_queues_total_batches,32.5,37.0
516,sorter_queues_total_batches,39.5,48.0
517,sorter_queues_total_batches,25.0,28.0
518,sorter_queues_total_batches,15.5,22.0
519,sorter_queues_total_batches,31.5,35.0
520,sorter_queues_total_batches,31.0,34.0
521,sorter_queues_total_batches,43.0,46.0
522,sorter_queues_total_batches,39.5,40.0
523,sorter_queues_total_batches,40.5,51.0
524,sorter_queues_total_batches,44.5,52.0
525,sorter_queues_total_batches,52.5,66.0
526,sorter_queues_total_batches,47.5,54.0
527,sorter_queues_total_batches,27.0,32.0
528,sorter_queues_total_batches,36.5,41.0
529,sorter_queues_total_batches,31.5,39.0
530,sorter_queues_total_batches,18.0,26.0
531,sorter_queues_total_batches,35.0,38.0
532,sorter_queues_total_batches,30.5,33.0
533,sorter_queues_total_batches,54.0,60.0
534,sorter_queues_total_batches,45.0,51.0
535,sorter_queues_total_batches,29.5,39.0
536,sorter_queues_total_batches,37.5,45.0
537,sorter_queues_total_batches,36.0,42.0
538,sorter_queues_total_batches,39.5,50.0
539,sorter_queues_total_batches,29.0,35.0
540,sorter_queues_total_batches,40.0,46.0
541,sorter_queues_total_batches,35.5,39.0
542,sorter_queues_total_batches,21.0,22.0
543,sorter_queues_total_batches,28.5,34.0
544,sorter_queues_total_batches,31.0,38.0
545,sorter_queues_total_batches,42.0,46.0
546,sorter_queues_total_batches,39.5,43.0
547,sorter_queues_total_batches,34.0,49.0
548,sorter_queues_total_batches,36.0,40.0
549,sorter_queues_total_batches,38.5,42.0
550,sorter_queues_total_batches,44.5,48.0
551,sorter_queues_total_batches,29.5,33.0
552,sorter_queues_total_batches,39.5,44.0
553,sorter_queues_total_batches,30.5,33.0
554,sorter_queues_total_batches,19.5,25.0
555,sorter_queues_total_batches,37.5,39.0
556,sorter_queues_total_batches,40.0,51.0
557,sorter_queues_total_batches,48.0,51.0
558,sorter_queues_total_batches,36.0,39.0
559,sorter_queues_total_batches,38.0,53.0
560,sorter_queues_total_batches,44.0,51.0
561,sorter_queues_total_batches,46.5,57.0
562,sorter_queues_total_batches,53.5,59.0
563,sorter_queues_total_batches,27.5,31.0
564,sorter_queues_total_batches,40.0,47.0
565,sorter_queues_total_batches,31.0,34.0
566,sorter_queues_total_batches,21.5,26.0
567,sorter_queues_total_batches,26.5,28.0
568,sorter_queues_total_batches,36.5,44.0
569,sorter_queues_total_batches,40.5,43.0
570,sorter_queues_total_batches,40.0,46.0
571,sorter_queues_total_batches,32.5,45.0
572,sorter_queues_total_batches,34.5,40.0
573,sorter_queues_total_batches,45.0,51.0
574,sorter_queues_total_batches,41.0,43.0
575,sorter_queues_total_batches,34.5,46.0
576,sorter_queues_total_batches,59.0,61.0
577,sorter_queues_total_batches,45.5,47.0
578,sorter_queues_total_batches,25.0,26.0
579,sorter_queues_total_batches,38.0,39.0
580,sorter_queues_total_batches,43.5,53.0
581,sorter_queues_total_batches,53.0,60.0
582,sorter_queues_total_batches,48.5,53.0
583,sorter_queues_total_batches,31.0,45.0
584,sorter_queues_total_batches,35.5,42.0
585,sorter_queues_total_batches,36.5,45.0
586,sorter_queues_total_batches,42.5,52.0
587,sorter_queues_total_batches,32.5,40.0
588,sorter_queues_total_batches,42.5,47.0
589,sorter_queues_total_batches,43.5,46.0
590,sorter_queues_total_batches,30.5,31.0
591,sorter_queues_total_batches,37.5,42.0
592,sorter_queues_total_batches,38.0,44.0
593,sorter_queues_total_batches,43.5,46.0
594,sorter_queues_total_batches,35.0,43.0
595,sorter_queues_total_batches,32.5,48.0
596,sorter_queues_total_batches,33.5,42.0
597,sorter_queues_total_batches,50.0,63.0
598,sorter_queues_total_batches,46.0,52.0
599,sorter_queues_total_batches,31.5,35.0
600,sorter_queues_total_batches,46.0,53.0
601,sorter_queues_total_batches,35.0,43.0
602,sorter_queues_total_batches,16.0,16.0
603,sorter_queues_total_batches,34.5,37.0
604,sorter_queues_total_batches,42.0,45.0
605,sorter_queues_total_batches,57.5,58.0
606,sorter_queues_total_batches,46.0,54.0
607,sorter_queues_total_batches,31.5,42.0
608,sorter_queues_total_batches,36.5,45.0
609,sorter_queues_total_batches,42.5,45.0
610,sorter_queues_total_batches,40.0,45.0
611,sorter_queues_total_batches,33.0,36.0
612,sorter_queues_total_batches,43.0,50.0
613,sorter_queues_total_batches,31.5,32.0
614,sorter_queues_total_batches,17.0,19.0
615,sorter_queues_total_batches,31.5,37.0
616,sorter_queues_total_batches,33.5,39.0
617,sorter_queues_total_batches,47.0,52.0
618,sorter_queues_total_batches,41.0,46.0
619,sorter_queues_total_batches,39.5,54.0
620,sorter_queues_total_batches,36.0,39.0
621,sorter_queues_total_batches,40.0,48.0
622,sorter_queues_total_batches,42.5,49.0
623,sorter_queues_total_batches,30.0,38.0
624,sorter_queues_total_batches,37.5,43.0
625,sorter_queues_total_batches,31.5,34.0
626,sorter_queues_total_batches,18.0,21.0
627,sorter_queues_total_batches,28.0,32.0
628,sorter_queues_total_batches,28.0,35.0
629,sorter_queues_total_batches,51.0,60.0
630,sorter_queues_total_batches,40.5,46.0
631,sorter_queues_total_batches,37.0,52.0
632,sorter_queues_total_batches,41.5,51.0
633,sorter_queues_total_batches,47.5,53.0
634,sorter_queues_total_batches,46.5,49.0
635,sorter_queues_total_batches,23.5,27.0
636,sorter_queues_total_batches,37.5,43.0
637,sorter_queues_total_batches,35.5,40.0
638,sorter_queues_total_batches,18.5,22.0
639,sorter_queues_total_batches,38.5,39.0
640,sorter_queues_total_batches,42.5,47.0
641,sorter_queues_total_batches,57.5,63.0
642,sorter_queues_total_batches,48.0,54.0
643,sorter_queues_total_batches,43.0,62.0
644,sorter_queues_total_batches,46.0,56.0
645,sorter_queues_total_batches,54.5,59.0
646,sorter_queues_total_batches,66.5,68.0
647,sorter_queues_total_batches,35.0,45.0
648,sorter_queues_total_batches,41.0,54.0
649,sorter_queues_total_batches,32.0,34.0
650,sorter_queues_total_batches,17.0,22.0
651,sorter_queues_total_batches,36.0,45.0
652,sorter_queues_total_batches,36.5,41.0
653,sorter_queues_total_batches,50.5,58.0
654,sorter_queues_total_batches,46.5,61.0
655,sorter_queues_total_batches,34.5,46.0
656,sorter_queues_total_batches,48.5,53.0
657,sorter_queues_total_batches,55.0,62.0
658,sorter_queues_total_batches,51.5,54.0
659,sorter_queues_total_batches,32.0,38.0
660,sorter_queues_total_batches,43.5,45.0
661,sorter_queues_total_batches,43.5,49.0
662,sorter_queues_total_batches,27.0,32.0
663,sorter_queues_total_batches,34.5,40.0
664,sorter_queues_total_batches,34.5,43.0
665,sorter_queues_total_batches,46.0,53.0
666,sorter_queues_total_batches,39.5,47.0
667,sorter_queues_total_batches,30.0,43.0
668,sorter_queues_total_batches,39.5,46.0
669,sorter_queues_total_batches,44.5,51.0
670,sorter_queues_total_batches,42.0,47.0
671,sorter_queues_total_batches,20.0,28.0
672,sorter_queues_total_batches,35.5,36.0
673,sorter_queues_total_batches,33.0,35.0
674,sorter_queues_total_batches,21.5,23.0
675,sorter_queues_total_batches,39.5,45.0
676,sorter_queues_total_batches,37.5,48.0
677,sorter_queues_total_batches,51.0,54.0
678,sorter_queues_total_batches,36.5,42.0
679,sorter_queues_total_batches,32.0,44.0
680,sorter_queues_total_batches,31.0,37.0
681,sorter_queues_total_batches,36.5,45.0
682,sorter_queues_total_batches,48.0,55.0
683,sorter_queues_total_batches,30.0,36.0
684,sorter_queues_total_batches,42.5,52.0
685,sorter_queues_total_batches,33.5,40.0
686,sorter_queues_total_batches,20.0,27.0
687,sorter_queues_total_batches,31.0,39.0
688,sorter_queues_total_batches,40.0,50.0
689,sorter_queues_total_batches,49.0,53.0
690,sorter_queues_total_batches,43.0,51.0
691,sorter_queues_total_batches,36.5,43.0
692,sorter_queues_total_batches,53.5,60.0
693,sorter_queues_total_batches,60.5,67.0
694,sorter_queues_total_batches,56.0,56.0
695,sorter_queues_total_batches,32.0,38.0
696,sorter_queues_total_batches,48.0,52.0
697,sorter_queues_total_batches,43.0,47.0
698,sorter_queues_total_batches,23.0,27.0
699,sorter_queues_total_batches,32.0,34.0
700,sorter_queues_total_batches,33.5,39.0
701,sorter_queues_total_batches,48.0,51.0
702,sorter_queues_total_batches,39.5,44.0
703,sorter_queues_total_batches,36.0,53.0
704,sorter_queues_total_batches,43.0,48.0
705,sorter_queues_total_batches,41.0,46.0
706,sorter_queues_total_batches,47.0,55.0
707,sorter_queues_total_batches,35.0,41.0
708,sorter_queues_total_batches,38.5,42.0
709,sorter_queues_total_batches,34.5,40.0
710,sorter_queues_total_batches,25.0,30.0
711,sorter_queues_total_batches,40.5,47.0
712,sorter_queues_total_batches,42.5,49.0
713,sorter_queues_total_batches,57.0,63.0
714,sorter_queues_total_batches,44.0,48.0
715,sorter_queues_total_batches,36.5,44.0
716,sorter_queues_total_batches,35.5,45.0
717,sorter_queues_total_batches,42.5,46.0
718,sorter_queues_total_batches,34.5,39.0
719,sorter_queues_total_batches,20.5,25.0
720,sorter_queues_total_batches,36.0,40.0
721,sorter_queues_total_batches,33.0,39.0
722,sorter_queues_total_batches,16.5,19.0
723,sorter_queues_total_batches,27.0,31.0
724,sorter_queues_total_batches,28.0,34.0
725,sorter_queues_total_batches,37.0,40.0
726,sorter_queues_total_batches,34.5,39.0
727,sorter_queues_total_batches,31.5,42.0
728,sorter_queues_total_batches,35.5,43.0
729,sorter_queues_total_batches,41.0,45.0
730,sorter_queues_total_batches,49.0,51.0
731,sorter_queues_total_batches,30.0,35.0
732,sorter_queues_total_batches,37.5,38.0
733,sorter_queues_total_batches,38.5,45.0
734,sorter_queues_total_batches,28.5,33.0
735,sorter_queues_total_batches,44.5,47.0
736,sorter_queues_total_batches,44.0,50.0
737,sorter_queues_total_batches,50.5,55.0
738,sorter_queues_total_batches,41.0,47.0
739,sorter_queues_total_batches,32.5,45.0
740,sorter_queues_total_batches,39.5,48.0
741,sorter_queues_total_batches,41.0,45.0
742,sorter_queues_total_batches,43.0,55.0
743,sorter_queues_total_batches,35.0,41.0
744,sorter_queues_total_batches,44.0,51.0
745,sorter_queues_total_batches,43.5,51.0
746,sorter_queues_total_batches,31.5,40.0
747,sorter_queues_total_batches,40.0,47.0
748,sorter_queues_total_batches,43.5,51.0
749,sorter_queues_total_batches,49.0,53.0
750,sorter_queues_total_batches,40.0,46.0
751,sorter_queues_total_batches,33.0,48.0
752,sorter_queues_total_batches,32.5,39.0
753,sorter_queues_total_batches,42.0,52.0
754,sorter_queues_total_batches,53.0,56.0
755,sorter_queues_total_batches,40.5,48.0
756,sorter_queues_total_batches,44.5,52.0
757,sorter_queues_total_batches,36.5,44.0
758,sorter_queues_total_batches,30.0,30.0
759,sorter_queues_total_batches,43.0,54.0
760,sorter_queues_total_batches,38.5,48.0
761,sorter_queues_total_batches,41.0,49.0
762,sorter_queues_total_batches,41.0,46.0
763,sorter_queues_total_batches,41.5,54.0
764,sorter_queues_total_batches,43.0,48.0
765,sorter_queues_total_batches,48.5,54.0
766,sorter_queues_total_batches,41.0,46.0
767,sorter_queues_total_batches,36.0,47.0
768,sorter_queues_total_batches,56.0,59.0
769,sorter_queues_total_batches,48.5,49.0
770,sorter_queues_total_batches,30.5,34.0
771,sorter_queues_total_batches,43.5,48.0
772,sorter_queues_total_batches,43.5,53.0
773,sorter_queues_total_batches,54.5,59.0
774,sorter_queues_total_batches,47.0,47.0
775,sorter_queues_total_batches,38.5,49.0
776,sorter_queues_total_batches,47.5,53.0
777,sorter_queues_total_batches,49.0,54.0
778,sorter_queues_total_batches,51.0,60.0
779,sorter_queues_total_batches,33.0,39.0
780,sorter_queues_total_batches,49.5,57.0
781,sorter_queues_total_batches,35.5,39.0
782,sorter_queues_total_batches,27.5,32.0
783,sorter_queues_total_batches,37.0,47.0
784,sorter_queues_total_batches,38.0,42.0
785,sorter_queues_total_batches,53.5,58.0
786,sorter_queues_total_batches,39.5,45.0
787,sorter_queues_total_batches,39.0,54.0
788,sorter_queues_total_batches,40.5,48.0
789,sorter_queues_total_batches,42.5,51.0
790,sorter_queues_total_batches,41.0,45.0
791,sorter_queues_total_batches,29.5,37.0
792,sorter_queues_total_batches,36.5,44.0
793,sorter_queues_total_batches,33.0,41.0
794,sorter_queues_total_batches,18.5,22.0
795,sorter_queues_total_batches,36.5,39.0
796,sorter_queues_total_batches,34.5,41.0
797,sorter_queues_total_batches,43.5,51.0
798,sorter_queues_total_batches,40.5,47.0
799,sorter_queues_total_batches,31.5,47.0
800,sorter_queues_total_batches,35.0,41.0
801,sorter_queues_total_batches,44.5,49.0
802,sorter_queues_total_batches,43.0,50.0
803,sorter_queues_total_batches,29.0,38.0
804,sorter_queues_total_batches,44.0,49.0
805,sorter_queues_total_batches,43.0,44.0
806,sorter_queues_total_batches,21.5,25.0
807,sorter_queues_total_batches,38.5,43.0
808,sorter_queues_total_batches,35.5,46.0
809,sorter_queues_total_batches,44.0,47.0
810,sorter_queues_total_batches,41.0,51.0
811,sorter_queues_total_batches,35.0,49.0
812,sorter_queues_total_batches,40.0,44.0
813,sorter_queues_total_batches,39.0,46.0
814,sorter_queues_total_batches,44.5,50.0
815,sorter_queues_total_batches,31.0,40.0
816,sorter_queues_total_batches,46.5,50.0
817,sorter_queues_total_batches,38.0,48.0
818,sorter_queues_total_batches,37.0,47.0
819,sorter_queues_total_batches,43.5,50.0
820,sorter_queues_total_batches,39.5,44.0
821,sorter_queues_total_batches,43.5,51.0
822,sorter_queues_total_batches,39.0,43.0
823,sorter_queues_total_batches,38.0,46.0
824,sorter_queues_total_batches,39.0,45.0
825,sorter_queues_total_batches,44.5,50.0
826,sorter_queues_total_batches,55.0,65.0
827,sorter_queues_total_batches,50.0,50.0
828,sorter_queues_total_batches,49.5,56.0
829,sorter_queues_total_batches,37.5,44.0
830,sorter_queues_total_batches,37.0,42.0
831,sorter_queues_total_batches,43.5,50.0
832,sorter_queues_total_batches,53.0,54.0
833,sorter_queues_total_batches,73.5,81.0
834,sorter_queues_total_batches,63.5,66.0
835,sorter_queues_total_batches,50.5,63.0
836,sorter_queues_total_batches,64.0,71.0
837,sorter_queues_total_batches,62.0,67.0
838,sorter_queues_total_batches,67.5,77.0
839,sorter_queues_total_batches,53.5,61.0
840,sorter_queues_total_batches,56.0,59.0
841,sorter_queues_total_batches,37.5,43.0
842,sorter_queues_total_batches,22.5,28.0
843,sorter_queues_total_batches,37.0,39.0
844,sorter_queues_total_batches,46.0,55.0
845,sorter_queues_total_batches,48.5,55.0
846,sorter_queues_total_batches,53.0,60.0
847,sorter_queues_total_batches,38.0,51.0
848,sorter_queues_total_batches,45.5,50.0
849,sorter_queues_total_batches,57.5,65.0
850,sorter_queues_total_batches,60.0,62.0
851,sorter_queues_total_batches,36.0,41.0
852,sorter_queues_total_batches,38.5,43.0
853,sorter_queues_total_batches,49.0,57.0
854,sorter_queues_total_batches,36.0,42.0
855,sorter_queues_total_batches,53.0,61.0
856,sorter_queues_total_batches,40.0,48.0
857,sorter_queues_total_batches,50.0,57.0
858,sorter_queues_total_batches,48.0,52.0
859,sorter_queues_total_batches,35.5,45.0
860,sorter_queues_total_batches,34.5,38.0
861,sorter_queues_total_batches,32.5,41.0
862,sorter_queues_total_batches,42.0,49.0
863,sorter_queues_total_batches,24.0,31.0
864,sorter_queues_total_batches,39.5,44.0
865,sorter_queues_total_batches,34.0,38.0
866,sorter_queues_total_batches,24.5,25.0
867,sorter_queues_total_batches,35.5,39.0
868,sorter_queues_total_batches,28.5,38.0
869,sorter_queues_total_batches,47.0,52.0
870,sorter_queues_total_batches,51.0,54.0
871,sorter_queues_total_batches,50.5,60.0
872,sorter_queues_total_batches,53.5,61.0
873,sorter_queues_total_batches,54.5,67.0
874,sorter_queues_total_batches,48.5,58.0
875,sorter_queues_total_batches,37.0,40.0
876,sorter_queues_total_batches,42.5,43.0
877,sorter_queues_total_batches,36.5,37.0
878,sorter_queues_total_batches,22.0,26.0
879,sorter_queues_total_batches,30.0,38.0
880,sorter_queues_total_batches,36.5,47.0
881,sorter_queues_total_batches,49.5,57.0
882,sorter_queues_total_batches,53.0,55.0
883,sorter_queues_total_batches,51.0,63.0
884,sorter_queues_total_batches,48.0,59.0
885,sorter_queues_total_batches,44.0,45.0
886,sorter_queues_total_batches,48.5,55.0
887,sorter_queues_total_batches,33.0,38.0
888,sorter_queues_total_batches,46.0,49.0
889,sorter_queues_total_batches,41.5,51.0
890,sorter_queues_total_batches,25.0,27.0
891,sorter_queues_total_batches,40.5,46.0
892,sorter_queues_total_batches,37.5,41.0
893,sorter_queues_total_batches,46.0,49.0
894,sorter_queues_total_batches,34.0,36.0
895,sorter_queues_total_batches,33.0,45.0
896,sorter_queues_total_batches,43.5,50.0
897,sorter_queues_total_batches,37.5,43.0
898,sorter_queues_total_batches,49.5,62.0
899,sorter_queues_total_batches,35.0,39.0
900,sorter_queues_total_batches,47.5,50.0
901,sorter_queues_total_batches,38.5,42.0
902,sorter_queues_total_batches,28.0,31.0
903,sorter_queues_total_batches,40.0,47.0
904,sorter_queues_total_batches,39.0,46.0
905,sorter_queues_total_batches,49.0,55.0
906,sorter_queues_total_batches,46.0,47.0
907,sorter_queues_total_batches,39.5,53.0
908,sorter_queues_total_batches,42.0,46.0
909,sorter_queues_total_batches,45.0,53.0
910,sorter_queues_total_batches,42.0,51.0
911,sorter_queues_total_batches,34.5,40.0
912,sorter_queues_total_batches,37.5,40.0
913,sorter_queues_total_batches,30.5,39.0
914,sorter_queues_total_batches,20.5,26.0
915,sorter_queues_total_batches,35.0,40.0
916,sorter_queues_total_batches,41.0,48.0
917,sorter_queues_total_batches,48.0,54.0
918,sorter_queues_total_batches,46.5,49.0
919,sorter_queues_total_batches,45.0,60.0
920,sorter_queues_total_batches,39.5,46.0
921,sorter_queues_total_batches,46.5,53.0
922,sorter_queues_total_batches,46.5,53.0
923,sorter_queues_total_batches,30.0,31.0
924,sorter_queues_total_batches,43.0,44.0
925,sorter_queues_total_batches,46.5,55.0
926,sorter_queues_total_batches,35.5,36.0
927,sorter_queues_total_batches,48.5,52.0
928,sorter_queues_total_batches,41.5,47.0
929,sorter_queues_total_batches,44.5,51.0
930,sorter_queues_total_batches,37.5,44.0
931,sorter_queues_total_batches,28.5,41.0
932,sorter_queues_total_batches,40.0,46.0
933,sorter_queues_total_batches,42.5,58.0
934,sorter_queues_total_batches,49.5,53.0
935,sorter_queues_total_batches,30.0,36.0
936,sorter_queues_total_batches,38.0,43.0
937,sorter_queues_total_batches,22.5,28.0
938,sorter_queues_total_batches,19.0,23.0
939,sorter_queues_total_batches,29.0,38.0
940,sorter_queues_total_batches,34.5,40.0
941,sorter_queues_total_batches,45.5,52.0
942,sorter_queues_total_batches,39.5,44.0
943,sorter_queues_total_batches,25.5,38.0
944,sorter_queues_total_batches,34.5,40.0
945,sorter_queues_total_batches,42.0,47.0
946,sorter_queues_total_batches,46.0,54.0
947,sorter_queues_total_batches,22.5,26.0
948,sorter_queues_total_batches,42.5,50.0
949,sorter_queues_total_batches,37.0,42.0
950,sorter_queues_total_batches,28.0,36.0
951,sorter_queues_total_batches,39.5,44.0
952,sorter_queues_total_batches,38.5,45.0
953,sorter_queues_total_batches,57.0,62.0
954,sorter_queues_total_batches,57.0,60.0
955,sorter_queues_total_batches,46.0,62.0
956,sorter_queues_total_batches,55.5,63.0
957,sorter_queues_total_batches,62.0,63.0
958,sorter_queues_total_batches,53.5,59.0
959,sorter_queues_total_batches,37.5,40.0
960,sorter_queues_total_batches,36.5,44.0
961,sorter_queues_total_batches,30.5,40.0
962,sorter_queues_total_batches,13.5,17.0
963,sorter_queues_total_batches,35.0,39.0
964,sorter_queues_total_batches,36.0,44.0
965,sorter_queues_total_batches,47.5,49.0
966,sorter_queues_total_batches,38.0,41.0
967,sorter_queues_total_batches,32.5,46.0
968,sorter_queues_total_batches,44.5,51.0
969,sorter_queues_total_batches,43.0,47.0
970,sorter_queues_total_batches,41.5,46.0
971,sorter_queues_total_batches,31.5,43.0
972,sorter_queues_total_batches,43.0,47.0
973,sorter_queues_total_batches,43.5,48.0
974,sorter_queues_total_batches,36.5,42.0
975,sorter_queues_total_batches,45.0,52.0
976,sorter_queues_total_batches,33.0,45.0
977,sorter_queues_total_batches,47.5,50.0
978,sorter_queues_total_batches,39.5,44.0
979,sorter_queues_total_batches,30.5,39.0
980,sorter_queues_total_batches,44.0,54.0
981,sorter_queues_total_batches,47.5,53.0
982,sorter_queues_total_batches,48.0,52.0
983,sorter_queues_total_batches,30.0,36.0
984,sorter_queues_total_batches,41.5,47.0
985,sorter_queues_total_batches,27.0,34.0
986,sorter_queues_total_batches,13.5,14.0
987,sorter_queues_total_batches,26.5,29.0
988,sorter_queues_total_batches,41.0,47.0
989,sorter_queues_total_batches,50.5,58.0
990,sorter_queues_total_batches,36.5,42.0
991,sorter_queues_total_batches,31.5,43.0
992,sorter_queues_total_batches,38.5,44.0
993,sorter_queues_total_batches,38.0,42.0
994,sorter_queues_total_batches,51.5,59.0
995,sorter_queues_total_batches,32.5,37.0
996,sorter_queues_total_batches,47.5,49.0
997,sorter_queues_total_batches,36.5,43.0
998,sorter_queues_total_batches,25.0,29.0
999,sorter_queues_total_batches,46.0,50.0
1000,sorter_queues_total_batches,52.5,53.0
1001,sorter_queues_total_batches,59.5,61.0
1002,sorter_queues_total_batches,50.5,52.0
1003,sorter_queues_total_batches,46.0,59.0
1004,sorter_queues_total_batches,47.5,51.0
1005,sorter_queues_total_batches,49.0,58.0
1006,sorter_queues_total_batches,43.0,50.0
1007,sorter_queues_total_batches,28.5,31.0
1008,sorter_queues_total_batches,50.0,51.0
1009,sorter_queues_total_batches,36.5,42.0
1010,sorter_queues_total_batches,29.0,33.0
1011,sorter_queues_total_batches,44.0,47.0
1012,sorter_queues_total_batches,52.5,54.0
1013,sorter_queues_total_batches,54.5,59.0
1014,sorter_queues_total_batches,42.5,46.0
1015,sorter_queues_total_batches,32.0,39.0
1016,sorter_queues_total_batches,40.5,49.0
1017,sorter_queues_total_batches,41.0,46.0
1018,sorter_queues_total_batches,46.0,48.0
1019,sorter_queues_total_batches,34.5,39.0
1020,sorter_queues_total_batches,49.0,52.0
1021,sorter_queues_total_batches,52.0,57.0
1022,sorter_queues_total_batches,26.0,27.0
1023,sorter_queues_total_batches,33.0,39.0
1024,sorter_queues_total_batches,30.5,41.0
1025,sorter_queues_total_batches,43.5,52.0
1026,sorter_queues_total_batches,38.0,39.0
1027,sorter_queues_total_batches,42.5,56.0
1028,sorter_queues_total_batches,50.0,59.0
1029,sorter_queues_total_batches,47.5,50.0
1030,sorter_queues_total_batches,54.5,63.0
1031,sorter_queues_total_batches,40.0,51.0
1032,sorter_queues_total_batches,45.0,50.0
1033,sorter_queues_total_batches,31.5,38.0
1034,sorter_queues_total_batches,20.0,26.0
1035,sorter_queues_total_batches,31.5,38.0
1036,sorter_queues_total_batches,31.0,36.0
1037,sorter_queues_total_batches,37.0,40.0
1038,sorter_queues_total_batches,38.0,42.0
1039,sorter_queues_total_batches,31.0,39.0
1040,sorter_queues_total_batches,34.5,40.0
1041,sorter_queues_total_batches,37.5,43.0
1042,sorter_queues_total_batches,38.0,46.0
1043,sorter_queues_total_batches,25.5,33.0
1044,sorter_queues_total_batches,40.0,43.0
1045,sorter_queues_total_batches,34.5,35.0
1046,sorter_queues_total_batches,19.5,28.0
1047,sorter_queues_total_batches,42.5,46.0
1048,sorter_queues_total_batches,46.0,58.0
1049,sorter_queues_total_batches,56.0,65.0
1050,sorter_queues_total_batches,42.5,46.0
1051,sorter_queues_total_batches,35.5,50.0
1052,sorter_queues_total_batches,32.0,41.0
1053,sorter_queues_total_batches,42.5,44.0
1054,sorter_queues_total_batches,49.0,53.0
1055,sorter_queues_total_batches,37.0,43.0
1056,sorter_queues_total_batches,47.5,52.0
1057,sorter_queues_total_batches,39.5,44.0
1058,sorter_queues_total_batches,28.0,31.0
1059,sorter_queues_total_batches,35.0,41.0
1060,sorter_queues_total_batches,39.5,48.0
1061,sorter_queues_total_batches,54.5,66.0
1062,sorter_queues_total_batches,48.5,54.0
1063,sorter_queues_total_batches,40.5,55.0
1064,sorter_queues_total_batches,35.5,43.0
1065,sorter_queues_total_batches,38.0,44.0
1066,sorter_queues_total_batches,50.0,58.0
1067,sorter_queues_total_batches,34.5,40.0
1068,sorter_queues_total_batches,44.5,49.0
1069,sorter_queues_total_batches,38.5,43.0
1070,sorter_queues_total_batches,25.0,28.0
1071,sorter_queues_total_batches,42.0,46.0
1072,sorter_queues_total_batches,44.5,49.0
1073,sorter_queues_total_batches,57.5,58.0
1074,sorter_queues_total_batches,47.0,48.0
1075,sorter_queues_total_batches,52.5,68.0
1076,sorter_queues_total_batches,50.0,58.0
1077,sorter_queues_total_batches,55.0,55.0
1078,sorter_queues_total_batches,54.0,61.0
1079,sorter_queues_total_batches,45.5,47.0
1080,sorter_queues_total_batches,46.5,56.0
1081,sorter_queues_total_batches,40.5,50.0
1082,sorter_queues_total_batches,25.0,28.0
1083,sorter_queues_total_batches,33.5,37.0
1084,sorter_queues_total_batches,37.0,43.0
1085,sorter_queues_total_batches,48.0,53.0
1086,sorter_queues_total_batches,41.5,45.0
1087,sorter_queues_total_batches,31.0,40.0
1088,sorter_queues_total_batches,43.5,48.0
1089,sorter_queues_total_batches,41.5,46.0
1090,sorter_queues_total_batches,51.5,61.0
1091,sorter_queues_total_batches,34.0,39.0
1092,sorter_queues_total_batches,44.5,53.0
1093,sorter_queues_total_batches,43.5,53.0
1094,sorter_queues_total_batches,30.5,34.0
1095,sorter_queues_total_batches,36.5,42.0
1096,sorter_queues_total_batches,36.0,46.0
1097,sorter_queues_total_batches,62.0,72.0
1098,sorter_queues_total_batches,54.5,63.0
1099,sorter_queues_total_batches,47.5,65.0
1100,sorter_queues_total_batches,37.5,45.0
1101,sorter_queues_total_batches,46.5,55.0
1102,sorter_queues_total_batches,50.5,60.0
1103,sorter_queues_total_batches,40.0,44.0
1104,sorter_queues_total_batches,38.0,45.0
1105,sorter_queues_total_batches,32.0,40.0
1106,sorter_queues_total_batches,21.0,24.0
1107,sorter_queues_total_batches,26.0,28.0
1108,sorter_queues_total_batches,33.0,39.0
1109,sorter_queues_total_batches,46.5,54.0
1110,sorter_queues_total_batches,47.0,49.0
1111,sorter_queues_total_batches,43.5,53.0
1112,sorter_queues_total_batches,38.0,47.0
1113,sorter_queues_total_batches,38.5,45.0
1114,sorter_queues_total_batches,41.5,46.0
1115,sorter_queues_total_batches,25.0,31.0
1116,sorter_queues_total_batches,35.0,42.0
1117,sorter_queues_total_batches,30.5,35.0
1118,sorter_queues_total_batches,22.5,26.0
1119,sorter_queues_total_batches,35.5,43.0
1120,sorter_queues_total_batches,39.0,46.0
1121,sorter_queues_total_batches,50.0,56.0
1122,sorter_queues_total_batches,47.0,49.0
1123,sorter_queues_total_batches,44.0,57.0
1124,sorter_queues_total_batches,37.5,43.0
1125,sorter_queues_total_batches,47.5,57.0
1126,sorter_queues_total_batches,55.0,58.0
1127,sorter_queues_total_batches,34.5,41.0
1128,sorter_queues_total_batches,40.0,46.0
1129,sorter_queues_total_batches,36.0,39.0
1130,sorter_queues_total_batches,18.0,25.0
1131,sorter_queues_total_batches,30.5,35.0
1132,sorter_queues_total_batches,37.0,45.0
1133,sorter_queues_total_batches,51.5,62.0
1134,sorter_queues_total_batches,48.0,53.0
1135,sorter_queues_total_batches,36.5,45.0
1136,sorter_queues_total_batches,46.0,52.0
1137,sorter_queues_total_batches,54.0,61.0
1138,sorter_queues_total_batches,52.5,58.0
1139,sorter_queues_total_batches,35.5,40.0
1140,sorter_queues_total_batches,51.5,53.0
1141,sorter_queues_total_batches,43.0,44.0
1142,sorter_queues_total_batches,25.0,32.0
1143,sorter_queues_total_batches,48.0,54.0
1144,sorter_queues_total_batches,46.5,54.0
1145,sorter_queues_total_batches,60.5,66.0
1146,sorter_queues_total_batches,67.5,71.0
1147,sorter_queues_total_batches,56.5,72.0
1148,sorter_queues_total_batches,53.0,62.0
1149,sorter_queues_total_batches,53.0,59.0
1150,sorter_queues_total_batches,55.0,60.0
1151,sorter_queues_total_batches,34.5,44.0
1152,sorter_queues_total_batches,47.0,51.0
1153,sorter_queues_total_batches,41.0,48.0
1154,sorter_queues_total_batches,21.5,27.0
1155,sorter_queues_total_batches,39.5,43.0
1156,sorter_queues_total_batches,36.5,46.0
1157,sorter_queues_total_batches,43.0,50.0
1158,sorter_queues_total_batches,37.0,37.0
1159,sorter_queues_total_batches,35.0,48.0
1160,sorter_queues_total_batches,35.0,38.0
1161,sorter_queues_total_batches,47.5,57.0
1162,sorter_queues_total_batches,52.5,62.0
1163,sorter_queues_total_batches,36.5,43.0
1164,sorter_queues_total_batches,54.0,55.0
1165,sorter_queues_total_batches,48.5,56.0
1166,sorter_queues_total_batches,25.5,29.0
1167,sorter_queues_total_batches,36.0,38.0
1168,sorter_queues_total_batches,43.0,52.0
1169,sorter_queues_total_batches,53.5,57.0
1170,sorter_queues_total_batches,51.5,55.0
1171,sorter_queues_total_batches,39.5,49.0
1172,sorter_queues_total_batches,47.0,52.0
1173,sorter_queues_total_batches,58.0,65.0
1174,sorter_queues_total_batches,57.5,64.0
1175,sorter_queues_total_batches,42.0,48.0
1176,sorter_queues_total_batches,49.5,52.0
1177,sorter_queues_total_batches,35.5,37.0
1178,sorter_queues_total_batches,28.5,34.0
1179,sorter_queues_total_batches,43.0,51.0
1180,sorter_queues_total_batches,38.0,47.0
1181,sorter_queues_total_batches,54.5,55.0
1182,sorter_queues_total_batches,35.5,39.0
1183,sorter_queues_total_batches,24.5,36.0
1184,sorter_queues_total_batches,37.0,48.0
1185,sorter_queues_total_batches,51.5,57.0
1186,sorter_queues_total_batches,49.5,53.0
1187,sorter_queues_total_batches,34.5,42.0
1188,sorter_queues_total_batches,47.0,51.0
1189,sorter_queues_total_batches,32.0,39.0
1190,sorter_queues_total_batches,19.0,25.0
1191,sorter_queues_total_batches,38.5,41.0
1192,sorter_queues_total_batches,40.5,48.0
1193,sorter_queues_total_batches,45.5,46.0
1194,sorter_queues_total_batches,37.5,41.0
1195,sorter_queues_total_batches,28.0,43.0
1196,sorter_queues_total_batches,33.5,40.0
1197,sorter_queues_total_batches,38.0,43.0
1198,sorter_queues_total_batches,41.5,50.0
1199,sorter_queues_total_batches,33.5,41.0
1200,sorter_queues_total_batches,47.0,50.0
1201,sorter_queues_total_batches,37.5,40.0
1202,sorter_queues_total_batches,23.5,28.0
1203,sorter_queues_total_batches,31.0,39.0
1204,sorter_queues_total_batches,28.5,33.0
1205,sorter_queues_total_batches,47.0,56.0
1206,sorter_queues_total_batches,42.5,47.0
1207,sorter_queues_total_batches,39.0,55.0
1208,sorter_queues_total_batches,40.0,48.0
1209,sorter_queues_total_batches,49.0,56.0
1210,sorter_queues_total_batches,40.5,45.0
1211,sorter_queues_total_batches,29.5,35.0
1212,sorter_queues_total_batches,38.0,40.0
1213,sorter_queues_total_batches,44.5,51.0
1214,sorter_queues_total_batches,33.0,34.0
1215,sorter_queues_total_batches,39.5,45.0
1216,sorter_queues_total_batches,38.5,47.0
1217,sorter_queues_total_batches,52.0,59.0
1218,sorter_queues_total_batches,54.5,56.0
1219,sorter_queues_total_batches,55.5,70.0
1220,sorter_queues_total_batches,51.0,54.0
1221,sorter_queues_total_batches,42.5,51.0
1222,sorter_queues_total_batches,48.0,55.0
1223,sorter_queues_total_batches,23.5,28.0
1224,sorter_queues_total_batches,34.5,39.0
1225,sorter_queues_total_batches,40.0,45.0
1226,sorter_queues_total_batches,23.0,25.0
1227,sorter_queues_total_batches,36.0,41.0
1228,sorter_queues_total_batches,29.5,33.0
1229,sorter_queues_total_batches,45.0,48.0
1230,sorter_queues_total_batches,42.0,43.0
1231,sorter_queues_total_batches,31.0,43.0
1232,sorter_queues_total_batches,31.5,40.0
1233,sorter_queues_total_batches,39.5,49.0
1234,sorter_queues_total_batches,50.0,55.0
1235,sorter_queues_total_batches,31.5,32.0
1236,sorter_queues_total_batches,44.0,49.0
1237,sorter_queues_total_batches,32.5,36.0
1238,sorter_queues_total_batches,16.0,19.0
1239,sorter_queues_total_batches,37.0,39.0
1240,sorter_queues_total_batches,34.5,35.0
1241,sorter_queues_total_batches,53.0,57.0
1242,sorter_queues_total_batches,41.5,42.0
1243,sorter_queues_total_batches,42.5,57.0
1244,sorter_queues_total_batches,47.0,48.0
1245,sorter_queues_total_batches,45.0,51.0
1246,sorter_queues_total_batches,42.5,49.0
1247,sorter_queues_total_batches,33.0,38.0
1248,sorter_queues_total_batches,46.5,48.0
1249,sorter_queues_total_batches,41.5,45.0
1250,sorter_queues_total_batches,22.0,24.0
1251,sorter_queues_total_batches,37.5,43.0
1252,sorter_queues_total_batches,44.0,46.0
1253,sorter_queues_total_batches,50.5,53.0
1254,sorter_queues_total_batches,47.5,55.0
1255,sorter_queues_total_batches,43.5,55.0
1256,sorter_queues_total_batches,50.5,57.0
1257,sorter_queues_total_batches,47.0,54.0
1258,sorter_queues_total_batches,53.5,60.0
1259,sorter_queues_total_batches,40.5,43.0
1260,sorter_queues_total_batches,42.5,45.0
1261,sorter_queues_total_batches,30.0,36.0
1262,sorter_queues_total_batches,20.5,22.0
1263,sorter_queues_total_batches,34.5,38.0
1264,sorter_queues_total_batches,36.5,37.0
1265,sorter_queues_total_batches,53.5,63.0
1266,sorter_queues_total_batches,48.0,49.0
1267,sorter_queues_total_batches,38.5,54.0
1268,sorter_queues_total_batches,40.0,42.0
1269,sorter_queues_total_batches,36.0,47.0
1270,sorter_queues_total_batches,47.5,53.0
1271,sorter_queues_total_batches,21.0,27.0
1272,sorter_queues_total_batches,32.5,36.0
1273,sorter_queues_total_batches,29.5,34.0
1274,sorter_queues_total_batches,18.0,23.0
1275,sorter_queues_total_batches,32.5,40.0
1276,sorter_queues_total_batches,28.0,32.0
1277,sorter_queues_total_batches,40.0,48.0
1278,sorter_queues_total_batches,35.5,40.0
1279,sorter_queues_total_batches,32.5,45.0
1280,sorter_queues_total_batches,37.5,48.0
1281,sorter_queues_total_batches,43.5,47.0
1282,sorter_queues_total_batches,47.0,50.0
1283,sorter_queues_total_batches,37.0,40.0
1284,sorter_queues_total_batches,40.0,50.0
1285,sorter_queues_total_batches,35.0,40.0
1286,sorter_queues_total_batches,31.5,38.0
1287,sorter_queues_total_batches,42.0,49.0
1288,sorter_queues_total_batches,32.5,42.0
1289,sorter_queues_total_batches,52.5,62.0
1290,sorter_queues_total_batches,51.0,54.0
1291,sorter_queues_total_batches,42.0,52.0
1292,sorter_queues_total_batches,43.0,52.0
1293,sorter_queues_total_batches,36.0,41.0
1294,sorter_queues_total_batches,45.5,48.0
1295,sorter_queues_total_batches,25.5,27.0
1296,sorter_queues_total_batches,34.5,38.0
1297,sorter_queues_total_batches,28.0,36.0
1298,sorter_queues_total_batches,24.0,28.0
1299,sorter_queues_total_batches,33.5,40.0
1300,sorter_queues_total_batches,34.0,40.0
1301,sorter_queues_total_batches,58.5,62.0
1302,sorter_queues_total_batches,34.5,40.0
1303,sorter_queues_total_batches,34.5,45.0
1304,sorter_queues_total_batches,43.0,54.0
1305,sorter_queues_total_batches,49.0,57.0
1306,sorter_queues_total_batches,45.5,54.0
1307,sorter_queues_total_batches,35.0,41.0
1308,sorter_queues_total_batches,41.5,48.0
1309,sorter_queues_total_batches,33.5,37.0
1310,sorter_queues_total_batches,20.0,22.0
1311,sorter_queues_total_batches,34.0,37.0
1312,sorter_queues_total_batches,42.5,49.0
1313,sorter_queues_total_batches,49.5,53.0
1314,sorter_queues_total_batches,48.0,52.0
1315,sorter_queues_total_batches,43.0,57.0
1316,sorter_queues_total_batches,48.5,59.0
1317,sorter_queues_total_batches,53.0,62.0
1318,sorter_queues_total_batches,69.5,79.0
1319,sorter_queues_total_batches,55.0,58.0
1320,sorter_queues_total_batches,55.5,68.0
1321,sorter_queues_total_batches,44.0,50.0
1322,sorter_queues_total_batches,24.0,30.0
1323,sorter_queues_total_batches,36.0,44.0
1324,sorter_queues_total_batches,31.5,36.0
1325,sorter_queues_total_batches,49.5,57.0
1326,sorter_queues_total_batches,45.0,50.0
1327,sorter_queues_total_batches,43.0,54.0
1328,sorter_queues_total_batches,40.0,45.0
1329,sorter_queues_total_batches,43.5,48.0
1330,sorter_queues_total_batches,43.5,50.0
1331,sorter_queues_total_batches,30.5,41.0
1332,sorter_queues_total_batches,47.5,52.0
1333,sorter_queues_total_batches,44.5,48.0
1334,sorter_queues_total_batches,24.0,29.0
1335,sorter_queues_total_batches,43.5,49.0
1336,sorter_queues_total_batches,44.0,53.0
1337,sorter_queues_total_batches,57.0,61.0
1338,sorter_queues_total_batches,47.0,54.0
1339,sorter_queues_total_batches,35.0,47.0
1340,sorter_queues_total_batches,43.0,49.0
1341,sorter_queues_total_batches,43.5,48.0
1342,sorter_queues_total_batches,44.5,49.0
1343,sorter_queues_total_batches,27.0,35.0
1344,sorter_queues_total_batches,38.0,42.0
1345,sorter_queues_total_batches,33.0,35.0
1346,sorter_queues_total_batches,27.5,32.0
1347,sorter_queues_total_batches,31.5,43.0
1348,sorter_queues_total_batches,36.5,42.0
1349,sorter_queues_total_batches,44.5,51.0
1350,sorter_queues_total_batches,42.0,46.0
1351,sorter_queues_total_batches,32.0,49.0
1352,sorter_queues_total_batches,36.0,42.0
1353,sorter_queues_total_batches,44.5,50.0
1354,sorter_queues_total_batches,46.5,56.0
1355,sorter_queues_total_batches,34.5,40.0
1356,sorter_queues_total_batches,42.5,50.0
1357,sorter_queues_total_batches,32.5,38.0
1358,sorter_queues_total_batches,22.0,28.0
1359,sorter_queues_total_batches,34.5,42.0
1360,sorter_queues_total_batches,35.5,38.0
1361,sorter_queues_total_batches,44.0,49.0
1362,sorter_queues_total_batches,36.0,39.0
1363,sorter_queues_total_batches,27.0,41.0
1364,sorter_queues_total_batches,36.0,47.0
1365,sorter_queues_total_batches,40.5,45.0
1366,sorter_queues_total_batches,36.0,46.0
1367,sorter_queues_total_batches,23.0,29.0
1368,sorter_queues_total_batches,34.0,43.0
1369,sorter_queues_total_batches,28.0,36.0
1370,sorter_queues_total_batches,14.5,19.0
1371,sorter_queues_total_batches,23.0,28.0
1372,sorter_queues_total_batches,35.5,40.0
1373,sorter_queues_total_batches,47.0,52.0
1374,sorter_queues_total_batches,36.5,43.0
1375,sorter_queues_total_batches,34.0,43.0
1376,sorter_queues_total_batches,36.0,41.0
1377,sorter_queues_total_batches,34.5,39.0
1378,sorter_queues_total_batches,38.5,44.0
1379,sorter_queues_total_batches,28.5,35.0
1380,sorter_queues_total_batches,43.0,50.0
1381,sorter_queues_total_batches,39.0,46.0
1382,sorter_queues_total_batches,24.5,27.0
1383,sorter_queues_total_batches,40.0,40.0
1384,sorter_queues_total_batches,38.0,43.0
1385,sorter_queues_total_batches,53.5,57.0
1386,sorter_queues_total_batches,42.0,48.0
1387,sorter_queues_total_batches,35.0,47.0
1388,sorter_queues_total_batches,34.5,40.0
1389,sorter_queues_total_batches,38.5,42.0
1390,sorter_queues_total_batches,35.0,41.0
1391,sorter_queues_total_batches,25.0,31.0
1392,sorter_queues_total_batches,35.5,39.0
1393,sorter_queues_total_batches,31.0,38.0
1394,sorter_queues_total_batches,22.5,26.0
1395,sorter_queues_total_batches,35.5,40.0
1396,sorter_queues_total_batches,33.5,41.0
1397,sorter_queues_total_batches,45.5,46.0
1398,sorter_queues_total_batches,37.0,39.0
1399,sorter_queues_total_batches,37.0,48.0
1400,sorter_queues_total_batches,40.5,47.0
1401,sorter_queues_total_batches,43.5,45.0
1402,sorter_queues_total_batches,43.0,51.0
1403,sorter_queues_total_batches,34.0,41.0
1404,sorter_queues_total_batches,52.5,58.0
1405,sorter_queues_total_batches,42.0,50.0
1406,sorter_queues_total_batches,39.5,45.0
1407,sorter_queues_total_batches,43.0,48.0
1408,sorter_queues_total_batches,39.5,47.0
1409,sorter_queues_total_batches,46.0,47.0
1410,sorter_queues_total_batches,33.5,35.0
1411,sorter_queues_total_batches,34.0,46.0
1412,sorter_queues_total_batches,36.5,44.0
1413,sorter_queues_total_batches,44.0,48.0
1414,sorter_queues_total_batches,44.5,49.0
1415,sorter_queues_total_batches,29.5,36.0
1416,sorter_queues_total_batches,43.5,44.0
1417,sorter_queues_total_batches,36.5,41.0
1418,sorter_queues_total_batches,22.0,27.0
1419,sorter_queues_total_batches,34.5,37.0
1420,sorter_queues_total_batches,39.5,44.0
1421,sorter_queues_total_batches,53.5,54.0
1422,sorter_queues_total_batches,46.0,59.0
1423,sorter_queues_total_batches,33.5,47.0
1424,sorter_queues_total_batches,33.5,42.0
1425,sorter_queues_total_batches,41.5,46.0
1426,sorter_queues_total_batches,38.5,44.0
1427,sorter_queues_total_batches,22.5,28.0
1428,sorter_queues_total_batches,38.5,43.0
1429,sorter_queues_total_batches,32.0,37.0
1430,sorter_queues_total_batches,14.0,16.0
1431,sorter_queues_total_batches,30.5,32.0
1432,sorter_queues_total_batches,42.5,51.0
1433,sorter_queues_total_batches,48.5,54.0
1434,sorter_queues_total_batches,39.5,46.0
1435,sorter_queues_total_batches,33.5,47.0
1436,sorter_queues_total_batches,41.0,46.0
1437,sorter_queues_total_batches,40.0,42.0
1438,sorter_queues_total_batches,41.0,49.0
1439,sorter_queues_total_batches,34.0,43.0
0,tare_pool_empty_boxes,0.0,0.0
1,tare_pool_empty_boxes,0.0,0.0
2,tare_pool_empty_boxes,0.0,0.0
3,tare_pool_empty_boxes,0.0,0.0
4,tare_pool_empty_boxes,5.0,10.0
5,tare_pool_empty_boxes,29.5,33.0
6,tare_pool_empty_boxes,39.5,41.0
7,tare_pool_empty_boxes,48.0,51.0
8,tare_pool_empty_boxes,52.0,55.0
9,tare_pool_empty_boxes,62.0,65.0
10,tare_pool_empty_boxes,66.5,67.0
11,tare_pool_empty_boxes,65.0,65.0
12,tare_pool_empty_boxes,66.5,68.0
13,tare_pool_empty_boxes,67.0,68.0
14,tare_pool_empty_boxes,69.0,73.0
15,tare_pool_empty_boxes,74.0,76.0
16,tare_pool_empty_boxes,68.5,73.0
17,tare_pool_empty_boxes,58.0,59.0
18,tare_pool_empty_boxes,55.5,59.0
19,tare_pool_empty_boxes,50.0,54.0
20,tare_pool_empty_boxes,51.0,51.0
21,tare_pool_empty_boxes,41.0,42.0
22,tare_pool_empty_boxes,30.5,33.0
23,tare_pool_empty_boxes,22.0,24.0
24,tare_pool_empty_boxes,20.5,22.0
25,tare_pool_empty_boxes,13.5,15.0
26,tare_pool_empty_boxes,0.5,1.0
27,tare_pool_empty_boxes,0.5,1.0
28,tare_pool_empty_boxes,5.0,5.0
29,tare_pool_empty_boxes,6.5,8.0
30,tare_pool_empty_boxes,3.5,4.0
31,tare_pool_empty_boxes,1.5,2.0
32,tare_pool_empty_boxes,2.5,3.0
33,tare_pool_empty_boxes,3.0,4.0
34,tare_pool_empty_boxes,1.5,2.0
35,tare_pool_empty_boxes,2.5,4.0
36,tare_pool_empty_boxes,1.0,1.0
37,tare_pool_empty_boxes,1.0,2.0
38,tare_pool_empty_boxes,2.0,3.0
39,tare_pool_empty_boxes,2.0,2.0
40,tare_pool_empty_boxes,3.0,5.0
41,tare_pool_empty_boxes,5.0,6.0
42,tare_pool_empty_boxes,5.0,7.0
43,tare_pool_empty_boxes,6.0,6.0
44,tare_pool_empty_boxes,1.5,3.0
45,tare_pool_empty_boxes,1.0,2.0
46,tare_pool_empty_boxes,2.5,3.0
47,tare_pool_empty_boxes,2.0,2.0
48,tare_pool_empty_boxes,1.5,3.0
49,tare_pool_empty_boxes,2.0,4.0
50,tare_pool_empty_boxes,0.5,1.0
51,tare_pool_empty_boxes,0.5,1.0
52,tare_pool_empty_boxes,0.0,0.0
53,tare_pool_empty_boxes,2.0,4.0
54,tare_pool_empty_boxes,2.5,5.0
55,tare_pool_empty_boxes,0.5,1.0
56,tare_pool_empty_boxes,1.0,2.0
57,tare_pool_empty_boxes,3.0,5.0
58,tare_pool_empty_boxes,7.0,9.0
59,tare_pool_empty_boxes,0.0,0.0
60,tare_pool_empty_boxes,4.5,5.0
61,tare_pool_empty_boxes,3.0,4.0
62,tare_pool_empty_boxes,3.5,5.0
63,tare_pool_empty_boxes,3.5,5.0
64,tare_pool_empty_boxes,5.0,5.0
65,tare_pool_empty_boxes,5.0,8.0
66,tare_pool_empty_boxes,6.0,7.0
67,tare_pool_empty_boxes,2.0,2.0
68,tare_pool_empty_boxes,2.5,4.0
69,tare_pool_empty_boxes,2.5,3.0
70,tare_pool_empty_boxes,1.0,1.0
71,tare_pool_empty_boxes,2.5,4.0
72,tare_pool_empty_boxes,6.0,9.0
73,tare_pool_empty_boxes,5.0,5.0
74,tare_pool_empty_boxes,0.0,0.0
75,tare_pool_empty_boxes,2.0,3.0
76,tare_pool_empty_boxes,3.0,3.0
77,tare_pool_empty_boxes,1.0,2.0
78,tare_pool_empty_boxes,2.5,3.0
79,tare_pool_empty_boxes,3.0,5.0
80,tare_pool_empty_boxes,3.5,5.0
81,tare_pool_empty_boxes,1.5,2.0
82,tare_pool_empty_boxes,3.0,3.0
83,tare_pool_empty_boxes,1.5,2.0
84,tare_pool_empty_boxes,1.5,3.0
85,tare_pool_empty_boxes,2.0,2.0
86,tare_pool_empty_boxes,0.5,1.0
87,tare_pool_empty_boxes,0.0,0.0
88,tare_pool_empty_boxes,1.5,2.0
89,tare_pool_empty_boxes,1.5,2.0
90,tare_pool_empty_boxes,2.5,4.0
91,tare_pool_empty_boxes,1.5,3.0
92,tare_pool_empty_boxes,2.5,4.0
93,tare_pool_empty_boxes,2.0,2.0
94,tare_pool_empty_boxes,3.0,6.0
95,tare_pool_empty_boxes,2.0,4.0
96,tare_pool_empty_boxes,1.0,2.0
97,tare_pool_empty_boxes,0.0,0.0
98,tare_pool_empty_boxes,6.0,12.0
99,tare_pool_empty_boxes,4.5,9.0
100,tare_pool_empty_boxes,4.0,6.0
101,tare_pool_empty_boxes,6.0,9.0
102,tare_pool_empty_boxes,4.5,5.0
103,tare_pool_empty_boxes,1.0,2.0
104,tare_pool_empty_boxes,3.5,7.0
105,tare_pool_empty_boxes,1.0,1.0
106,tare_pool_empty_boxes,4.5,5.0
107,tare_pool_empty_boxes,4.0,4.0
108,tare_pool_empty_boxes,6.0,9.0
109,tare_pool_empty_boxes,3.5,7.0
110,tare_pool_empty_boxes,1.0,2.0
111,tare_pool_empty_boxes,1.5,2.0
112,tare_pool_empty_boxes,3.0,4.0
113,tare_pool_empty_boxes,4.0,6.0
114,tare_pool_empty_boxes,7.0,7.0
115,tare_pool_empty_boxes,3.5,7.0
116,tare_pool_empty_boxes,4.5,5.0
117,tare_pool_empty_boxes,3.0,5.0
118,tare_pool_empty_boxes,1.5,2.0
119,tare_pool_empty_boxes,3.0,6.0
120,tare_pool_empty_boxes,16.0,17.0
121,tare_pool_empty_boxes,4.5,5.0
122,tare_pool_empty_boxes,2.0,3.0
123,tare_pool_empty_boxes,3.0,5.0
124,tare_pool_empty_boxes,5.0,6.0
125,tare_pool_empty_boxes,2.5,5.0
126,tare_pool_empty_boxes,1.5,3.0
127,tare_pool_empty_boxes,1.5,3.0
128,tare_pool_empty_boxes,2.5,4.0
129,tare_pool_empty_boxes,5.0,7.0
130,tare_pool_empty_boxes,1.0,2.0
131,tare_pool_empty_boxes,5.0,8.0
132,tare_pool_empty_boxes,2.5,3.0
133,tare_pool_empty_boxes,3.5,7.0
134,tare_pool_empty_boxes,0.0,0.0
135,tare_pool_empty_boxes,1.0,2.0
136,tare_pool_empty_boxes,1.0,2.0
137,tare_pool_empty_boxes,3.0,4.0
138,tare_pool_empty_boxes,3.5,7.0
139,tare_pool_empty_boxes,1.0,1.0
140,tare_pool_empty_boxes,2.0,4.0
141,tare_pool_empty_boxes,3.5,7.0
142,tare_pool_empty_boxes,3.0,6.0
143,tare_pool_empty_boxes,2.0,2.0
144,tare_pool_empty_boxes,1.5,3.0
145,tare_pool_empty_boxes,1.5,2.0
146,tare_pool_empty_boxes,0.5,1.0
147,tare_pool_empty_boxes,0.0,0.0
148,tare_pool_empty_boxes,3.0,4.0
149,tare_pool_empty_boxes,3.5,4.0
150,tare_pool_empty_boxes,2.0,3.0
151,tare_pool_empty_boxes,3.5,4.0
152,tare_pool_empty_boxes,2.5,3.0
153,tare_pool_empty_boxes,2.0,4.0
154,tare_pool_empty_boxes,5.5,6.0
155,tare_pool_empty_boxes,4.5,7.0
156,tare_pool_empty_boxes,2.5,3.0
157,tare_pool_empty_boxes,3.5,4.0
158,tare_pool_empty_boxes,0.5,1.0
159,tare_pool_empty_boxes,2.0,4.0
160,tare_pool_empty_boxes,1.0,2.0
161,tare_pool_empty_boxes,1.0,2.0
162,tare_pool_empty_boxes,2.5,5.0
163,tare_pool_empty_boxes,2.5,3.0
164,tare_pool_empty_boxes,2.5,4.0
165,tare_pool_empty_boxes,3.5,5.0
166,tare_pool_empty_boxes,4.0,7.0
167,tare_pool_empty_boxes,2.0,3.0
168,tare_pool_empty_boxes,3.0,3.0
169,tare_pool_empty_boxes,0.5,1.0
170,tare_pool_empty_boxes,0.0,0.0
171,tare_pool_empty_boxes,2.5,3.0
172,tare_pool_empty_boxes,1.0,2.0
173,tare_pool_empty_boxes,1.0,2.0
174,tare_pool_empty_boxes,2.5,4.0
175,tare_pool_empty_boxes,1.5,3.0
176,tare_pool_empty_boxes,4.5,5.0
177,tare_pool_empty_boxes,3.5,4.0
178,tare_pool_empty_boxes,2.0,3.0
179,tare_pool_empty_boxes,2.5,3.0
180,tare_pool_empty_boxes,1.5,3.0
181,tare_pool_empty_boxes,0.5,1.0
182,tare_pool_empty_boxes,0.5,1.0
183,tare_pool_empty_boxes,2.0,3.0
184,tare_pool_empty_boxes,1.5,2.0
185,tare_pool_empty_boxes,3.0,4.0
186,tare_pool_empty_boxes,0.0,0.0
187,tare_pool_empty_boxes,0.5,1.0
188,tare_pool_empty_boxes,1.5,3.0
189,tare_pool_empty_boxes,1.0,2.0
190,tare_pool_empty_boxes,1.5,2.0
191,tare_pool_empty_boxes,1.5,3.0
192,tare_pool_empty_boxes,1.5,3.0
193,tare_pool_empty_boxes,1.0,2.0
194,tare_pool_empty_boxes,1.5,3.0
195,tare_pool_empty_boxes,2.0,2.0
196,tare_pool_empty_boxes,3.5,5.0
197,tare_pool_empty_boxes,3.0,4.0
198,tare_pool_empty_boxes,2.5,5.0
199,tare_pool_empty_boxes,0.5,1.0
200,tare_pool_empty_boxes,5.0,5.0
201,tare_pool_empty_boxes,4.0,6.0
202,tare_pool_empty_boxes,1.5,2.0
203,tare_pool_empty_boxes,3.5,5.0
204,tare_pool_empty_boxes,5.0,5.0
205,tare_pool_empty_boxes,2.0,4.0
206,tare_pool_empty_boxes,0.0,0.0
207,tare_pool_empty_boxes,8.0,9.0
208,tare_pool_empty_boxes,6.0,7.0
209,tare_pool_empty_boxes,1.5,3.0
210,tare_pool_empty_boxes,3.0,3.0
211,tare_pool_empty_boxes,1.5,2.0
212,tare_pool_empty_boxes,1.5,3.0
213,tare_pool_empty_boxes,2.0,2.0
214,tare_pool_empty_boxes,4.0,7.0
215,tare_pool_empty_boxes,1.5,3.0
216,tare_pool_empty_boxes,3.0,6.0
217,tare_pool_empty_boxes,1.5,3.0
218,tare_pool_empty_boxes,4.0,8.0
219,tare_pool_empty_boxes,7.0,10.0
220,tare_pool_empty_boxes,0.0,0.0
221,tare_pool_empty_boxes,3.5,7.0
222,tare_pool_empty_boxes,1.0,2.0
223,tare_pool_empty_boxes,3.0,5.0
224,tare_pool_empty_boxes,3.0,6.0
225,tare_pool_empty_boxes,2.5,4.0
226,tare_pool_empty_boxes,2.0,4.0
227,tare_pool_empty_boxes,3.5,4.0
228,tare_pool_empty_boxes,2.0,4.0
229,tare_pool_empty_boxes,2.0,2.0
230,tare_pool_empty_boxes,0.0,0.0
231,tare_pool_empty_boxes,2.0,2.0
232,tare_pool_empty_boxes,3.0,3.0
233,tare_pool_empty_boxes,1.5,3.0
234,tare_pool_empty_boxes,3.5,7.0
235,tare_pool_empty_boxes,4.0,4.0
236,tare_pool_empty_boxes,0.5,1.0
237,tare_pool_empty_boxes,1.5,3.0
238,tare_pool_empty_boxes,1.5,3.0
239,tare_pool_empty_boxes,3.5,6.0
240,tare_pool_empty_boxes,1.0,2.0
241,tare_pool_empty_boxes,0.0,0.0
242,tare_pool_empty_boxes,0.0,0.0
243,tare_pool_empty_boxes,2.5,4.0
244,tare_pool_empty_boxes,1.0,2.0
245,tare_pool_empty_boxes,2.5,5.0
246,tare_pool_empty_boxes,4.5,5.0
247,tare_pool_empty_boxes,5.0,7.0
248,tare_pool_empty_boxes,2.0,4.0
249,tare_pool_empty_boxes,4.5,6.0
250,tare_pool_empty_boxes,4.0,7.0
251,tare_pool_empty_boxes,2.0,4.0
252,tare_pool_empty_boxes,2.5,4.0
253,tare_pool_empty_boxes,2.5,3.0
254,tare_pool_empty_boxes,1.5,2.0
255,tare_pool_empty_boxes,3.5,5.0
256,tare_pool_empty_boxes,2.0,3.0
257,tare_pool_empty_boxes,1.5,2.0
258,tare_pool_empty_boxes,1.0,2.0
259,tare_pool_empty_boxes,1.0,2.0
260,tare_pool_empty_boxes,6.0,7.0
261,tare_pool_empty_boxes,3.5,6.0
262,tare_pool_empty_boxes,1.5,2.0
263,tare_pool_empty_boxes,0.5,1.0
264,tare_pool_empty_boxes,1.0,1.0
265,tare_pool_empty_boxes,2.0,4.0
266,tare_pool_empty_boxes,0.0,0.0
267,tare_pool_empty_boxes,3.0,4.0
268,tare_pool_empty_boxes,2.5,5.0
269,tare_pool_empty_boxes,4.5,5.0
270,tare_pool_empty_boxes,1.5,2.0
271,tare_pool_empty_boxes,1.0,2.0
272,tare_pool_empty_boxes,4.0,5.0
273,tare_pool_empty_boxes,2.0,3.0
274,tare_pool_empty_boxes,1.5,3.0
275,tare_pool_empty_boxes,2.0,3.0
276,tare_pool_empty_boxes,2.5,3.0
277,tare_pool_empty_boxes,2.5,3.0
278,tare_pool_empty_boxes,0.5,1.0
279,tare_pool_empty_boxes,2.5,5.0
280,tare_pool_empty_boxes,2.0,4.0
281,tare_pool_empty_boxes,6.5,7.0
282,tare_pool_empty_boxes,3.0,5.0
283,tare_pool_empty_boxes,1.5,3.0
284,tare_pool_empty_boxes,2.5,4.0
285,tare_pool_empty_boxes,2.5,5.0
286,tare_pool_empty_boxes,1.5,2.0
287,tare_pool_empty_boxes,3.5,7.0
288,tare_pool_empty_boxes,2.0,2.0
289,tare_pool_empty_boxes,0.5,1.0
290,tare_pool_empty_boxes,1.0,2.0
291,tare_pool_empty_boxes,0.5,1.0
292,tare_pool_empty_boxes,2.5,4.0
293,tare_pool_empty_boxes,3.0,4.0
294,tare_pool_empty_boxes,7.5,8.0
295,tare_pool_empty_boxes,0.5,1.0
296,tare_pool_empty_boxes,3.5,7.0
297,tare_pool_empty_boxes,0.0,0.0
298,tare_pool_empty_boxes,5.5,8.0
299,tare_pool_empty_boxes,3.5,4.0
300,tare_pool_empty_boxes,1.0,2.0
301,tare_pool_empty_boxes,3.5,6.0
302,tare_pool_empty_boxes,1.5,3.0
303,tare_pool_empty_boxes,4.0,6.0
304,tare_pool_empty_boxes,2.5,4.0
305,tare_pool_empty_boxes,2.5,4.0
306,tare_pool_empty_boxes,0.5,1.0
307,tare_pool_empty_boxes,2.5,3.0
308,tare_pool_empty_boxes,0.5,1.0
309,tare_pool_empty_boxes,6.0,6.0
310,tare_pool_empty_boxes,5.0,6.0
311,tare_pool_empty_boxes,5.5,7.0
312,tare_pool_empty_boxes,3.0,4.0
313,tare_pool_empty_boxes,2.0,2.0
314,tare_pool_empty_boxes,1.0,2.0
315,tare_pool_empty_boxes,1.0,2.0
316,tare_pool_empty_boxes,2.5,4.0
317,tare_pool_empty_boxes,6.0,7.0
318,tare_pool_empty_boxes,2.0,3.0
319,tare_pool_empty_boxes,6.5,9.0
320,tare_pool_empty_boxes,3.0,4.0
321,tare_pool_empty_boxes,3.0,4.0
322,tare_pool_empty_boxes,1.0,2.0
323,tare_pool_empty_boxes,4.0,4.0
324,tare_pool_empty_boxes,1.5,2.0
325,tare_pool_empty_boxes,3.5,5.0
326,tare_pool_empty_boxes,1.0,2.0
327,tare_pool_empty_boxes,5.0,7.0
328,tare_pool_empty_boxes,0.0,0.0
329,tare_pool_empty_boxes,1.0,2.0
330,tare_pool_empty_boxes,1.5,3.0
331,tare_pool_empty_boxes,3.5,6.0
332,tare_pool_empty_boxes,2.0,4.0
333,tare_pool_empty_boxes,2.5,4.0
334,tare_pool_empty_boxes,4.5,7.0
335,tare_pool_empty_boxes,0.0,0.0
336,tare_pool_empty_boxes,2.0,2.0
337,tare_pool_empty_boxes,0.0,0.0
338,tare_pool_empty_boxes,0.0,0.0
339,tare_pool_empty_boxes,2.0,3.0
340,tare_pool_empty_boxes,3.0,3.0
341,tare_pool_empty_boxes,2.0,4.0
342,tare_pool_empty_boxes,3.0,4.0
343,tare_pool_empty_boxes,2.5,3.0
344,tare_pool_empty_boxes,2.0,3.0
345,tare_pool_empty_boxes,4.5,6.0
346,tare_pool_empty_boxes,5.0,9.0
347,tare_pool_empty_boxes,3.5,5.0
348,tare_pool_empty_boxes,2.5,3.0
349,tare_pool_empty_boxes,0.5,1.0
350,tare_pool_empty_boxes,0.0,0.0
351,tare_pool_empty_boxes,2.5,5.0
352,tare_pool_empty_boxes,4.0,6.0
353,tare_pool_empty_boxes,4.5,8.0
354,tare_pool_empty_boxes,4.0,6.0
355,tare_pool_empty_boxes,3.0,3.0
356,tare_pool_empty_boxes,4.0,5.0
357,tare_pool_empty_boxes,5.0,6.0
358,tare_pool_empty_boxes,3.5,6.0
359,tare_pool_empty_boxes,2.0,4.0
360,tare_pool_empty_boxes,1.5,3.0
361,tare_pool_empty_boxes,1.5,3.0
362,tare_pool_empty_boxes,2.0,4.0
363,tare_pool_empty_boxes,3.5,7.0
364,tare_pool_empty_boxes,1.0,2.0
365,tare_pool_empty_boxes,3.5,4.0
366,tare_pool_empty_boxes,3.5,4.0
367,tare_pool_empty_boxes,0.5,1.0
368,tare_pool_empty_boxes,2.0,4.0
369,tare_pool_empty_boxes,5.0,5.0
370,tare_pool_empty_boxes,3.0,4.0
371,tare_pool_empty_boxes,2.5,3.0
372,tare_pool_empty_boxes,2.0,2.0
373,tare_pool_empty_boxes,2.0,2.0
374,tare_pool_empty_boxes,0.5,1.0
375,tare_pool_empty_boxes,2.0,3.0
376,tare_pool_empty_boxes,1.5,2.0
377,tare_pool_empty_boxes,3.0,4.0
378,tare_pool_empty_boxes,1.0,1.0
379,tare_pool_empty_boxes,2.5,5.0
380,tare_pool_empty_boxes,1.5,3.0
381,tare_pool_empty_boxes,1.0,2.0
382,tare_pool_empty_boxes,0.5,1.0
383,tare_pool_empty_boxes,1.0,2.0
384,tare_pool_empty_boxes,3.5,5.0
385,tare_pool_empty_boxes,0.5,1.0
386,tare_pool_empty_boxes,2.0,4.0
387,tare_pool_empty_boxes,3.5,6.0
388,tare_pool_empty_boxes,2.0,4.0
389,tare_pool_empty_boxes,3.5,5.0
390,tare_pool_empty_boxes,3.0,4.0
391,tare_pool_empty_boxes,2.0,3.0
392,tare_pool_empty_boxes,1.5,3.0
393,tare_pool_empty_boxes,1.0,2.0
394,tare_pool_empty_boxes,2.0,3.0
395,tare_pool_empty_boxes,3.5,4.0
396,tare_pool_empty_boxes,3.0,5.0
397,tare_pool_empty_boxes,1.0,2.0
398,tare_pool_empty_boxes,1.5,3.0
399,tare_pool_empty_boxes,1.5,2.0
400,tare_pool_empty_boxes,3.5,4.0
401,tare_pool_empty_boxes,2.5,3.0
402,tare_pool_empty_boxes,3.0,5.0
403,tare_pool_empty_boxes,6.0,7.0
404,tare_pool_empty_boxes,5.0,5.0
405,tare_pool_empty_boxes,2.5,3.0
406,tare_pool_empty_boxes,3.0,4.0
407,tare_pool_empty_boxes,3.5,7.0
408,tare_pool_empty_boxes,3.5,5.0
409,tare_pool_empty_boxes,2.0,4.0
410,tare_pool_empty_boxes,0.5,1.0
411,tare_pool_empty_boxes,2.0,3.0
412,tare_pool_empty_boxes,3.0,5.0
413,tare_pool_empty_boxes,1.0,2.0
414,tare_pool_empty_boxes,3.0,4.0
415,tare_pool_empty_boxes,2.0,3.0
416,tare_pool_empty_boxes,2.0,3.0
417,tare_pool_empty_boxes,3.0,5.0
418,tare_pool_empty_boxes,2.0,2.0
419,tare_pool_empty_boxes,1.5,3.0
420,tare_pool_empty_boxes,3.0,6.0
421,tare_pool_empty_boxes,8.5,13.0
422,tare_pool_empty_boxes,3.5,6.0
423,tare_pool_empty_boxes,2.0,4.0
424,tare_pool_empty_boxes,3.0,5.0
425,tare_pool_empty_boxes,3.5,4.0
426,tare_pool_empty_boxes,0.5,1.0
427,tare_pool_empty_boxes,0.0,0.0
428,tare_pool_empty_boxes,2.0,3.0
429,tare_pool_empty_boxes,2.5,4.0
430,tare_pool_empty_boxes,2.0,2.0
431,tare_pool_empty_boxes,1.0,2.0
432,tare_pool_empty_boxes,6.0,7.0
433,tare_pool_empty_boxes,1.0,2.0
434,tare_pool_empty_boxes,1.0,2.0
435,tare_pool_empty_boxes,3.0,6.0
436,tare_pool_empty_boxes,3.0,5.0
437,tare_pool_empty_boxes,3.0,3.0
438,tare_pool_empty_boxes,9.5,10.0
439,tare_pool_empty_boxes,5.0,8.0
440,tare_pool_empty_boxes,1.5,3.0
441,tare_pool_empty_boxes,4.5,7.0
442,tare_pool_empty_boxes,2.5,5.0
443,tare_pool_empty_boxes,1.0,2.0
444,tare_pool_empty_boxes,5.0,8.0
445,tare_pool_empty_boxes,2.0,4.0
446,tare_pool_empty_boxes,0.5,1.0
447,tare_pool_empty_boxes,1.0,2.0
448,tare_pool_empty_boxes,2.5,5.0
449,tare_pool_empty_boxes,1.5,3.0
450,tare_pool_empty_boxes,3.0,3.0
451,tare_pool_empty_boxes,3.0,6.0
452,tare_pool_empty_boxes,1.5,3.0
453,tare_pool_empty_boxes,4.5,7.0
454,tare_pool_empty_boxes,3.5,4.0
455,tare_pool_empty_boxes,1.0,1.0
456,tare_pool_empty_boxes,3.5,5.0
457,tare_pool_empty_boxes,2.0,4.0
458,tare_pool_empty_boxes,1.0,2.0
459,tare_pool_empty_boxes,0.0,0.0
460,tare_pool_empty_boxes,4.5,7.0
461,tare_pool_empty_boxes,5.0,10.0
462,tare_pool_empty_boxes,5.5,10.0
463,tare_pool_empty_boxes,1.0,2.0
464,tare_pool_empty_boxes,3.5,4.0
465,tare_pool_empty_boxes,1.5,2.0
466,tare_pool_empty_boxes,2.5,3.0
467,tare_pool_empty_boxes,1.0,2.0
468,tare_pool_empty_boxes,2.0,3.0
469,tare_pool_empty_boxes,2.5,5.0
470,tare_pool_empty_boxes,0.0,0.0
471,tare_pool_empty_boxes,0.0,0.0
472,tare_pool_empty_boxes,1.0,2.0
473,tare_pool_empty_boxes,5.5,7.0
474,tare_pool_empty_boxes,4.0,5.0
475,tare_pool_empty_boxes,0.5,1.0
476,tare_pool_empty_boxes,1.5,3.0
477,tare_pool_empty_boxes,4.0,8.0
478,tare_pool_empty_boxes,4.5,5.0
479,tare_pool_empty_boxes,1.0,2.0
480,tare_pool_empty_boxes,2.5,3.0
481,tare_pool_empty_boxes,0.5,1.0
482,tare_pool_empty_boxes,3.0,3.0
483,tare_pool_empty_boxes,1.0,2.0
484,tare_pool_empty_boxes,5.0,8.0
485,tare_pool_empty_boxes,3.0,3.0
486,tare_pool_empty_boxes,2.0,2.0
487,tare_pool_empty_boxes,1.5,3.0
488,tare_pool_empty_boxes,1.5,2.0
489,tare_pool_empty_boxes,3.5,6.0
490,tare_pool_empty_boxes,4.0,8.0
491,tare_pool_empty_boxes,6.0,7.0
492,tare_pool_empty_boxes,8.0,9.0
493,tare_pool_empty_boxes,1.5,2.0
494,tare_pool_empty_boxes,4.0,8.0
495,tare_pool_empty_boxes,0.0,0.0
496,tare_pool_empty_boxes,5.5,8.0
497,tare_pool_empty_boxes,6.0,9.0
498,tare_pool_empty_boxes,2.5,3.0
499,tare_pool_empty_boxes,3.5,5.0
500,tare_pool_empty_boxes,2.0,4.0
501,tare_pool_empty_boxes,4.0,7.0
502,tare_pool_empty_boxes,2.0,4.0
503,tare_pool_empty_boxes,3.5,7.0
504,tare_pool_empty_boxes,2.5,4.0
505,tare_pool_empty_boxes,4.5,6.0
506,tare_pool_empty_boxes,0.0,0.0
507,tare_pool_empty_boxes,1.5,2.0
508,tare_pool_empty_boxes,3.5,4.0
509,tare_pool_empty_boxes,3.5,6.0
510,tare_pool_empty_boxes,3.5,4.0
511,tare_pool_empty_boxes,2.5,3.0
512,tare_pool_empty_boxes,3.0,6.0
513,tare_pool_empty_boxes,2.0,3.0
514,tare_pool_empty_boxes,1.0,2.0
515,tare_pool_empty_boxes,0.0,0.0
516,tare_pool_empty_boxes,2.0,3.0
517,tare_pool_empty_boxes,1.0,2.0
518,tare_pool_empty_boxes,0.5,1.0
519,tare_pool_empty_boxes,5.0,6.0
520,tare_pool_empty_boxes,1.5,3.0
521,tare_pool_empty_boxes,3.0,3.0
522,tare_pool_empty_boxes,2.0,4.0
523,tare_pool_empty_boxes,0.0,0.0
524,tare_pool_empty_boxes,1.5,3.0
525,tare_pool_empty_boxes,1.5,3.0
526,tare_pool_empty_boxes,3.5,7.0
527,tare_pool_empty_boxes,1.5,3.0
528,tare_pool_empty_boxes,3.5,5.0
529,tare_pool_empty_boxes,1.5,2.0
530,tare_pool_empty_boxes,2.5,4.0
531,tare_pool_empty_boxes,1.0,2.0
532,tare_pool_empty_boxes,2.0,4.0
533,tare_pool_empty_boxes,4.0,4.0
534,tare_pool_empty_boxes,1.5,3.0
535,tare_pool_empty_boxes,1.5,2.0
536,tare_pool_empty_boxes,3.0,4.0
537,tare_pool_empty_boxes,1.0,2.0
538,tare_pool_empty_boxes,4.0,6.0
539,tare_pool_empty_boxes,2.5,3.0
540,tare_pool_empty_boxes,2.0,2.0
541,tare_pool_empty_boxes,2.5,3.0
542,tare_pool_empty_boxes,2.0,4.0
543,tare_pool_empty_boxes,7.0,7.0
544,tare_pool_empty_boxes,1.0,2.0
545,tare_pool_empty_boxes,2.5,5.0
546,tare_pool_empty_boxes,4.5,5.0
547,tare_pool_empty_boxes,2.5,5.0
548,tare_pool_empty_boxes,2.0,4.0
549,tare_pool_empty_boxes,2.0,3.0
550,tare_pool_empty_boxes,4.0,6.0
551,tare_pool_empty_boxes,1.5,3.0
552,tare_pool_empty_boxes,2.5,4.0
553,tare_pool_empty_boxes,1.5,3.0
554,tare_pool_empty_boxes,0.0,0.0
555,tare_pool_empty_boxes,0.5,1.0
556,tare_pool_empty_boxes,1.0,2.0
557,tare_pool_empty_boxes,2.0,4.0
558,tare_pool_empty_boxes,1.0,2.0
559,tare_pool_empty_boxes,3.5,7.0
560,tare_pool_empty_boxes,2.5,3.0
561,tare_pool_empty_boxes,2.5,5.0
562,tare_pool_empty_boxes,0.5,1.0
563,tare_pool_empty_boxes,0.0,0.0
564,tare_pool_empty_boxes,2.5,4.0
565,tare_pool_empty_boxes,0.0,0.0
566,tare_pool_empty_boxes,0.0,0.0
567,tare_pool_empty_boxes,3.0,6.0
568,tare_pool_empty_boxes,2.0,3.0
569,tare_pool_empty_boxes,2.0,4.0
570,tare_pool_empty_boxes,2.5,5.0
571,tare_pool_empty_boxes,4.5,7.0
572,tare_pool_empty_boxes,2.0,4.0
573,tare_pool_empty_boxes,4.5,5.0
574,tare_pool_empty_boxes,3.5,6.0
575,tare_pool_empty_boxes,1.0,2.0
576,tare_pool_empty_boxes,3.5,4.0
577,tare_pool_empty_boxes,0.0,0.0
578,tare_pool_empty_boxes,0.0,0.0
579,tare_pool_empty_boxes,3.0,5.0
580,tare_pool_empty_boxes,1.0,2.0
581,tare_pool_empty_boxes,4.0,5.0
582,tare_pool_empty_boxes,3.5,7.0
583,tare_pool_empty_boxes,0.5,1.0
584,tare_pool_empty_boxes,2.5,4.0
585,tare_pool_empty_boxes,5.5,7.0
586,tare_pool_empty_boxes,3.0,4.0
587,tare_pool_empty_boxes,3.0,6.0
588,tare_pool_empty_boxes,4.0,5.0
589,tare_pool_empty_boxes,2.0,2.0
590,tare_pool_empty_boxes,0.5,1.0
591,tare_pool_empty_boxes,1.0,1.0
592,tare_pool_empty_boxes,1.0,2.0
593,tare_pool_empty_boxes,1.0,2.0
594,tare_pool_empty_boxes,1.5,3.0
595,tare_pool_empty_boxes,1.5,3.0
596,tare_pool_empty_boxes,4.5,6.0
597,tare_pool_empty_boxes,5.0,6.0
598,tare_pool_empty_boxes,0.5,1.0
599,tare_pool_empty_boxes,1.0,2.0
600,tare_pool_empty_boxes,2.0,2.0
601,tare_pool_empty_boxes,3.0,4.0
602,tare_pool_empty_boxes,2.0,3.0
603,tare_pool_empty_boxes,2.5,3.0
604,tare_pool_empty_boxes,0.5,1.0
605,tare_pool_empty_boxes,3.0,4.0
606,tare_pool_empty_boxes,2.5,5.0
607,tare_pool_empty_boxes,3.0,4.0
608,tare_pool_empty_boxes,2.0,4.0
609,tare_pool_empty_boxes,2.5,3.0
610,tare_pool_empty_boxes,2.0,4.0
611,tare_pool_empty_boxes,3.0,5.0
612,tare_pool_empty_boxes,3.5,5.0
613,tare_pool_empty_boxes,1.5,3.0
614,tare_pool_empty_boxes,6.0,7.0
615,tare_pool_empty_boxes,1.0,2.0
616,tare_pool_empty_boxes,2.0,3.0
617,tare_pool_empty_boxes,1.5,3.0
618,tare_pool_empty_boxes,7.5,8.0
619,tare_pool_empty_boxes,0.5,1.0
620,tare_pool_empty_boxes,1.5,3.0
621,tare_pool_empty_boxes,2.5,5.0
622,tare_pool_empty_boxes,2.0,4.0
623,tare_pool_empty_boxes,0.5,1.0
624,tare_pool_empty_boxes,2.0,2.0
625,tare_pool_empty_boxes,5.5,8.0
626,tare_pool_empty_boxes,0.5,1.0
627,tare_pool_empty_boxes,2.0,3.0
628,tare_pool_empty_boxes,4.5,5.0
629,tare_pool_empty_boxes,2.0,4.0
630,tare_pool_empty_boxes,2.0,3.0
631,tare_pool_empty_boxes,1.5,2.0
632,tare_pool_empty_boxes,1.0,2.0
633,tare_pool_empty_boxes,1.5,3.0
634,tare_pool_empty_boxes,3.0,5.0
635,tare_pool_empty_boxes,2.5,3.0
636,tare_pool_empty_boxes,4.0,6.0
637,tare_pool_empty_boxes,6.0,9.0
638,tare_pool_empty_boxes,0.5,1.0
639,tare_pool_empty_boxes,1.0,2.0
640,tare_pool_empty_boxes,3.0,6.0
641,tare_pool_empty_boxes,1.5,3.0
642,tare_pool_empty_boxes,5.5,8.0
643,tare_pool_empty_boxes,3.0,5.0
644,tare_pool_empty_boxes,2.5,3.0
645,tare_pool_empty_boxes,4.0,8.0
646,tare_pool_empty_boxes,6.5,9.0
647,tare_pool_empty_boxes,2.0,3.0
648,tare_pool_empty_boxes,2.0,4.0
649,tare_pool_empty_boxes,0.5,1.0
650,tare_pool_empty_boxes,1.5,3.0
651,tare_pool_empty_boxes,0.5,1.0
652,tare_pool_empty_boxes,1.5,3.0
653,tare_pool_empty_boxes,4.5,6.0
654,tare_pool_empty_boxes,3.5,4.0
655,tare_pool_empty_boxes,0.0,0.0
656,tare_pool_empty_boxes,2.5,3.0
657,tare_pool_empty_boxes,2.0,4.0
658,tare_pool_empty_boxes,3.0,3.0
659,tare_pool_empty_boxes,2.0,4.0
660,tare_pool_empty_boxes,1.0,1.0
661,tare_pool_empty_boxes,1.0,2.0
662,tare_pool_empty_boxes,1.5,3.0
663,tare_pool_empty_boxes,3.5,4.0
664,tare_pool_empty_boxes,1.5,2.0
665,tare_pool_empty_boxes,5.5,9.0
666,tare_pool_empty_boxes,7.0,9.0
667,tare_pool_empty_boxes,2.5,3.0
668,tare_pool_empty_boxes,2.0,4.0
669,tare_pool_empty_boxes,4.5,5.0
670,tare_pool_empty_boxes,3.5,4.0
671,tare_pool_empty_boxes,0.0,0.0
672,tare_pool_empty_boxes,0.5,1.0
673,tare_pool_empty_boxes,3.5,6.0
674,tare_pool_empty_boxes,1.5,3.0
675,tare_pool_empty_boxes,0.5,1.0
676,tare_pool_empty_boxes,5.0,7.0
677,tare_pool_empty_boxes,2.5,4.0
678,tare_pool_empty_boxes,3.0,3.0
679,tare_pool_empty_boxes,1.5,3.0
680,tare_pool_empty_boxes,1.5,3.0
681,tare_pool_empty_boxes,4.0,5.0
682,tare_pool_empty_boxes,4.5,7.0
683,tare_pool_empty_boxes,2.0,4.0
684,tare_pool_empty_boxes,2.5,3.0
685,tare_pool_empty_boxes,3.0,5.0
686,tare_pool_empty_boxes,2.5,3.0
687,tare_pool_empty_boxes,1.5,2.0
688,tare_pool_empty_boxes,3.5,7.0
689,tare_pool_empty_boxes,6.0,9.0
690,tare_pool_empty_boxes,1.5,3.0
691,tare_pool_empty_boxes,2.0,2.0
692,tare_pool_empty_boxes,2.5,4.0
693,tare_pool_empty_boxes,9.5,10.0
694,tare_pool_empty_boxes,2.5,3.0
695,tare_pool_empty_boxes,3.0,4.0
696,tare_pool_empty_boxes,2.5,5.0
697,tare_pool_empty_boxes,1.0,2.0
698,tare_pool_empty_boxes,0.5,1.0
699,tare_pool_empty_boxes,2.0,4.0
700,tare_pool_empty_boxes,2.0,2.0
701,tare_pool_empty_boxes,7.0,8.0
702,tare_pool_empty_boxes,1.5,2.0
703,tare_pool_empty_boxes,5.5,6.0
704,tare_pool_empty_boxes,2.0,4.0
705,tare_pool_empty_boxes,2.0,4.0
706,tare_pool_empty_boxes,1.5,2.0
707,tare_pool_empty_boxes,1.0,2.0
708,tare_pool_empty_boxes,2.0,2.0
709,tare_pool_empty_boxes,1.0,2.0
710,tare_pool_empty_boxes,2.0,3.0
711,tare_pool_empty_boxes,3.0,5.0
712,tare_pool_empty_boxes,0.5,1.0
713,tare_pool_empty_boxes,3.0,4.0
714,tare_pool_empty_boxes,3.5,5.0
715,tare_pool_empty_boxes,3.0,3.0
716,tare_pool_empty_boxes,4.5,5.0
717,tare_pool_empty_boxes,1.0,2.0
718,tare_pool_empty_boxes,3.5,5.0
719,tare_pool_empty_boxes,1.5,2.0
720,tare_pool_empty_boxes,2.0,4.0
721,tare_pool_empty_boxes,2.5,4.0
722,tare_pool_empty_boxes,0.0,0.0
723,tare_pool_empty_boxes,0.0,0.0
724,tare_pool_empty_boxes,4.5,8.0
725,tare_pool_empty_boxes,6.0,9.0
726,tare_pool_empty_boxes,3.5,7.0
727,tare_pool_empty_boxes,2.5,5.0
728,tare_pool_empty_boxes,3.0,3.0
729,tare_pool_empty_boxes,3.5,6.0
730,tare_pool_empty_boxes,0.5,1.0
731,tare_pool_empty_boxes,0.0,0.0
732,tare_pool_empty_boxes,0.5,1.0
733,tare_pool_empty_boxes,1.5,3.0
734,tare_pool_empty_boxes,2.0,4.0
735,tare_pool_empty_boxes,1.0,1.0
736,tare_pool_empty_boxes,2.5,3.0
737,tare_pool_empty_boxes,4.0,4.0
738,tare_pool_empty_boxes,6.5,13.0
739,tare_pool_empty_boxes,10.0,14.0
740,tare_pool_empty_boxes,4.5,6.0
741,tare_pool_empty_boxes,2.5,3.0
742,tare_pool_empty_boxes,5.0,8.0
743,tare_pool_empty_boxes,1.0,2.0
744,tare_pool_empty_boxes,1.0,2.0
745,tare_pool_empty_boxes,3.5,7.0
746,tare_pool_empty_boxes,1.5,3.0
747,tare_pool_empty_boxes,2.5,3.0
748,tare_pool_empty_boxes,3.5,5.0
749,tare_pool_empty_boxes,3.0,4.0
750,tare_pool_empty_boxes,5.5,6.0
751,tare_pool_empty_boxes,3.5,7.0
752,tare_pool_empty_boxes,1.0,2.0
753,tare_pool_empty_boxes,3.0,4.0
754,tare_pool_empty_boxes,2.5,3.0
755,tare_pool_empty_boxes,5.5,8.0
756,tare_pool_empty_boxes,2.0,4.0
757,tare_pool_empty_boxes,4.5,9.0
758,tare_pool_empty_boxes,2.0,3.0
759,tare_pool_empty_boxes,0.5,1.0
760,tare_pool_empty_boxes,2.0,4.0
761,tare_pool_empty_boxes,5.0,6.0
762,tare_pool_empty_boxes,1.5,3.0
763,tare_pool_empty_boxes,0.5,1.0
764,tare_pool_empty_boxes,2.5,4.0
765,tare_pool_empty_boxes,6.5,7.0
766,tare_pool_empty_boxes,4.5,8.0
767,tare_pool_empty_boxes,0.5,1.0
768,tare_pool_empty_boxes,3.5,4.0
769,tare_pool_empty_boxes,6.0,7.0
770,tare_pool_empty_boxes,2.0,4.0
771,tare_pool_empty_boxes,1.5,2.0
772,tare_pool_empty_boxes,1.0,1.0
773,tare_pool_empty_boxes,5.0,6.0
774,tare_pool_empty_boxes,1.0,2.0
775,tare_pool_empty_boxes,3.5,7.0
776,tare_pool_empty_boxes,1.5,3.0
777,tare_pool_empty_boxes,3.5,7.0
778,tare_pool_empty_boxes,1.5,2.0
779,tare_pool_empty_boxes,1.5,3.0
780,tare_pool_empty_boxes,2.5,3.0
781,tare_pool_empty_boxes,1.0,2.0
782,tare_pool_empty_boxes,2.5,3.0
783,tare_pool_empty_boxes,1.5,2.0
784,tare_pool_empty_boxes,3.0,5.0
785,tare_pool_empty_boxes,1.5,3.0
786,tare_pool_empty_boxes,6.0,10.0
787,tare_pool_empty_boxes,1.5,3.0
788,tare_pool_empty_boxes,3.0,3.0
789,tare_pool_empty_boxes,3.0,5.0
790,tare_pool_empty_boxes,3.5,6.0
791,tare_pool_empty_boxes,0.0,0.0
792,tare_pool_empty_boxes,3.0,6.0
793,tare_pool_empty_boxes,0.0,0.0
794,tare_pool_empty_boxes,2.5,3.0
795,tare_pool_empty_boxes,1.0,2.0
796,tare_pool_empty_boxes,1.0,1.0
797,tare_pool_empty_boxes,4.5,5.0
798,tare_pool_empty_boxes,1.5,2.0
799,tare_pool_empty_boxes,3.0,4.0
800,tare_pool_empty_boxes,3.0,3.0
801,tare_pool_empty_boxes,4.0,6.0
802,tare_pool_empty_boxes,3.0,4.0
803,tare_pool_empty_boxes,3.0,6.0
804,tare_pool_empty_boxes,1.5,2.0
805,tare_pool_empty_boxes,3.0,3.0
806,tare_pool_empty_boxes,0.0,0.0
807,tare_pool_empty_boxes,2.5,5.0
808,tare_pool_empty_boxes,1.0,2.0
809,tare_pool_empty_boxes,2.0,4.0
810,tare_pool_empty_boxes,2.5,3.0
811,tare_pool_empty_boxes,7.5,8.0
812,tare_pool_empty_boxes,2.5,5.0
813,tare_pool_empty_boxes,2.5,5.0
814,tare_pool_empty_boxes,2.5,5.0
815,tare_pool_empty_boxes,1.5,3.0
816,tare_pool_empty_boxes,2.0,3.0
817,tare_pool_empty_boxes,1.0,2.0
818,tare_pool_empty_boxes,2.5,4.0
819,tare_pool_empty_boxes,2.0,4.0
820,tare_pool_empty_boxes,2.0,2.0
821,tare_pool_empty_boxes,3.0,4.0
822,tare_pool_empty_boxes,2.5,4.0
823,tare_pool_empty_boxes,3.5,4.0
824,tare_pool_empty_boxes,3.5,4.0
825,tare_pool_empty_boxes,3.0,3.0
826,tare_pool_empty_boxes,0.5,1.0
827,tare_pool_empty_boxes,1.5,3.0
828,tare_pool_empty_boxes,1.5,2.0
829,tare_pool_empty_boxes,4.5,5.0
830,tare_pool_empty_boxes,2.5,5.0
831,tare_pool_empty_boxes,1.0,2.0
832,tare_pool_empty_boxes,0.5,1.0
833,tare_pool_empty_boxes,1.5,3.0
834,tare_pool_empty_boxes,1.0,1.0
835,tare_pool_empty_boxes,1.5,2.0
836,tare_pool_empty_boxes,2.5,5.0
837,tare_pool_empty_boxes,3.0,6.0
838,tare_pool_empty_boxes,4.0,5.0
839,tare_pool_empty_boxes,2.0,3.0
840,tare_pool_empty_boxes,2.5,5.0
841,tare_pool_empty_boxes,5.0,5.0
842,tare_pool_empty_boxes,2.0,3.0
843,tare_pool_empty_boxes,2.5,5.0
844,tare_pool_empty_boxes,2.5,3.0
845,tare_pool_empty_boxes,2.0,4.0
846,tare_pool_empty_boxes,3.5,4.0
847,tare_pool_empty_boxes,3.5,6.0
848,tare_pool_empty_boxes,6.0,7.0
849,tare_pool_empty_boxes,5.5,6.0
850,tare_pool_empty_boxes,1.5,3.0
851,tare_pool_empty_boxes,0.0,0.0
852,tare_pool_empty_boxes,1.0,2.0
853,tare_pool_empty_boxes,2.0,2.0
854,tare_pool_empty_boxes,0.0,0.0
855,tare_pool_empty_boxes,0.0,0.0
856,tare_pool_empty_boxes,2.0,4.0
857,tare_pool_empty_boxes,4.0,5.0
858,tare_pool_empty_boxes,1.0,2.0
859,tare_pool_empty_boxes,1.5,3.0
860,tare_pool_empty_boxes,2.5,3.0
861,tare_pool_empty_boxes,1.0,2.0
862,tare_pool_empty_boxes,2.0,2.0
863,tare_pool_empty_boxes,0.0,0.0
864,tare_pool_empty_boxes,2.0,3.0
865,tare_pool_empty_boxes,3.5,7.0
866,tare_pool_empty_boxes,0.0,0.0
867,tare_pool_empty_boxes,3.5,5.0
868,tare_pool_empty_boxes,1.0,2.0
869,tare_pool_empty_boxes,3.5,4.0
870,tare_pool_empty_boxes,2.0,3.0
871,tare_pool_empty_boxes,1.5,2.0
872,tare_pool_empty_boxes,3.0,3.0
873,tare_pool_empty_boxes,2.0,3.0
874,tare_pool_empty_boxes,3.0,3.0
875,tare_pool_empty_boxes,2.5,5.0
876,tare_pool_empty_boxes,5.5,6.0
877,tare_pool_empty_boxes,0.5,1.0
878,tare_pool_empty_boxes,0.0,0.0
879,tare_pool_empty_boxes,0.5,1.0
880,tare_pool_empty_boxes,3.0,5.0
881,tare_pool_empty_boxes,2.5,3.0
882,tare_pool_empty_boxes,2.0,3.0
883,tare_pool_empty_boxes,0.0,0.0
884,tare_pool_empty_boxes,2.5,5.0
885,tare_pool_empty_boxes,3.5,7.0
886,tare_pool_empty_boxes,1.0,2.0
887,tare_pool_empty_boxes,1.5,3.0
888,tare_pool_empty_boxes,7.5,9.0
889,tare_pool_empty_boxes,0.0,0.0
890,tare_pool_empty_boxes,0.0,0.0
891,tare_pool_empty_boxes,1.0,2.0
892,tare_pool_empty_boxes,1.0,2.0
893,tare_pool_empty_boxes,5.0,8.0
894,tare_pool_empty_boxes,4.0,5.0
895,tare_pool_empty_boxes,2.5,4.0
896,tare_pool_empty_boxes,2.0,4.0
897,tare_pool_empty_boxes,5.0,8.0
898,tare_pool_empty_boxes,7.5,9.0
899,tare_pool_empty_boxes,0.5,1.0
900,tare_pool_empty_boxes,2.5,4.0
901,tare_pool_empty_boxes,0.5,1.0
902,tare_pool_empty_boxes,2.5,5.0
903,tare_pool_empty_boxes,2.0,4.0
904,tare_pool_empty_boxes,4.0,7.0
905,tare_pool_empty_boxes,7.0,10.0
906,tare_pool_empty_boxes,1.5,2.0
907,tare_pool_empty_boxes,0.0,0.0
908,tare_pool_empty_boxes,3.0,3.0
909,tare_pool_empty_boxes,2.5,3.0
910,tare_pool_empty_boxes,2.5,3.0
911,tare_pool_empty_boxes,2.0,4.0
912,tare_pool_empty_boxes,5.0,8.0
913,tare_pool_empty_boxes,2.5,4.0
914,tare_pool_empty_boxes,0.5,1.0
915,tare_pool_empty_boxes,1.5,3.0
916,tare_pool_empty_boxes,2.5,5.0
917,tare_pool_empty_boxes,2.5,3.0
918,tare_pool_empty_boxes,1.5,3.0
919,tare_pool_empty_boxes,0.5,1.0
920,tare_pool_empty_boxes,5.5,6.0
921,tare_pool_empty_boxes,5.5,6.0
922,tare_pool_empty_boxes,2.5,4.0
923,tare_pool_empty_boxes,2.5,4.0
924,tare_pool_empty_boxes,1.0,1.0
925,tare_pool_empty_boxes,0.5,1.0
926,tare_pool_empty_boxes,0.5,1.0
927,tare_pool_empty_boxes,1.0,2.0
928,tare_pool_empty_boxes,3.0,4.0
929,tare_pool_empty_boxes,4.0,5.0
930,tare_pool_empty_boxes,3.5,6.0
931,tare_pool_empty_boxes,0.5,1.0
932,tare_pool_empty_boxes,2.0,4.0
933,tare_pool_empty_boxes,1.0,2.0
934,tare_pool_empty_boxes,2.0,3.0
935,tare_pool_empty_boxes,1.5,2.0
936,tare_pool_empty_boxes,3.5,5.0
937,tare_pool_empty_boxes,2.0,2.0
938,tare_pool_empty_boxes,2.0,2.0
939,tare_pool_empty_boxes,0.5,1.0
940,tare_pool_empty_boxes,1.0,2.0
941,tare_pool_empty_boxes,8.0,8.0
942,tare_pool_empty_boxes,2.5,4.0
943,tare_pool_empty_boxes,1.0,2.0
944,tare_pool_empty_boxes,1.5,3.0
945,tare_pool_empty_boxes,3.0,3.0
946,tare_pool_empty_boxes,4.0,5.0
947,tare_pool_empty_boxes,1.0,1.0
948,tare_pool_empty_boxes,3.5,5.0
949,tare_pool_empty_boxes,2.5,4.0
950,tare_pool_empty_boxes,0.0,0.0
951,tare_pool_empty_boxes,3.5,5.0
952,tare_pool_empty_boxes,1.0,2.0
953,tare_pool_empty_boxes,6.0,6.0
954,tare_pool_empty_boxes,2.5,5.0
955,tare_pool_empty_boxes,3.0,4.0
956,tare_pool_empty_boxes,3.0,6.0
957,tare_pool_empty_boxes,6.5,9.0
958,tare_pool_empty_boxes,2.0,4.0
959,tare_pool_empty_boxes,0.5,1.0
960,tare_pool_empty_boxes,2.0,3.0
961,tare_pool_empty_boxes,1.0,2.0
962,tare_pool_empty_boxes,0.0,0.0
963,tare_pool_empty_boxes,2.0,2.0
964,tare_pool_empty_boxes,1.5,2.0
965,tare_pool_empty_boxes,2.0,4.0
966,tare_pool_empty_boxes,0.5,1.0
967,tare_pool_empty_boxes,2.0,3.0
968,tare_pool_empty_boxes,1.0,2.0
969,tare_pool_empty_boxes,2.0,4.0
970,tare_pool_empty_boxes,3.5,5.0
971,tare_pool_empty_boxes,0.0,0.0
972,tare_pool_empty_boxes,0.5,1.0
973,tare_pool_empty_boxes,1.0,2.0
974,tare_pool_empty_boxes,2.0,2.0
975,tare_pool_empty_boxes,2.5,3.0
976,tare_pool_empty_boxes,0.0,0.0
977,tare_pool_empty_boxes,2.0,4.0
978,tare_pool_empty_boxes,3.0,4.0
979,tare_pool_empty_boxes,3.0,5.0
980,tare_pool_empty_boxes,2.0,4.0
981,tare_pool_empty_boxes,1.5,3.0
982,tare_pool_empty_boxes,1.0,2.0
983,tare_pool_empty_boxes,0.5,1.0
984,tare_pool_empty_boxes,2.5,4.0
985,tare_pool_empty_boxes,2.5,5.0
986,tare_pool_empty_boxes,1.5,3.0
987,tare_pool_empty_boxes,2.5,3.0
988,tare_pool_empty_boxes,2.0,4.0
989,tare_pool_empty_boxes,3.0,5.0
990,tare_pool_empty_boxes,0.0,0.0
991,tare_pool_empty_boxes,2.0,2.0
992,tare_pool_empty_boxes,2.0,2.0
993,tare_pool_empty_boxes,1.5,3.0
994,tare_pool_empty_boxes,3.0,4.0
995,tare_pool_empty_boxes,0.0,0.0
996,tare_pool_empty_boxes,1.0,2.0
997,tare_pool_empty_boxes,4.0,5.0
998,tare_pool_empty_boxes,1.5,2.0
999,tare_pool_empty_boxes,6.0,8.0
1000,tare_pool_empty_boxes,0.0,0.0
1001,tare_pool_empty_boxes,4.0,6.0
1002,tare_pool_empty_boxes,0.5,1.0
1003,tare_pool_empty_boxes,3.0,6.0
1004,tare_pool_empty_boxes,3.0,4.0
1005,tare_pool_empty_boxes,2.5,5.0
1006,tare_pool_empty_boxes,3.0,4.0
1007,tare_pool_empty_boxes,0.0,0.0
1008,tare_pool_empty_boxes,3.5,6.0
1009,tare_pool_empty_boxes,1.5,2.0
1010,tare_pool_empty_boxes,0.0,0.0
1011,tare_pool_empty_boxes,3.0,4.0
1012,tare_pool_empty_boxes,9.5,10.0
1013,tare_pool_empty_boxes,6.0,6.0
1014,tare_pool_empty_boxes,3.5,5.0
1015,tare_pool_empty_boxes,4.0,7.0
1016,tare_pool_empty_boxes,4.5,5.0
1017,tare_pool_empty_boxes,3.0,4.0
1018,tare_pool_empty_boxes,4.5,5.0
1019,tare_pool_empty_boxes,1.5,3.0
1020,tare_pool_empty_boxes,9.0,10.0
1021,tare_pool_empty_boxes,3.5,6.0
1022,tare_pool_empty_boxes,1.5,3.0
1023,tare_pool_empty_boxes,0.5,1.0
1024,tare_pool_empty_boxes,2.5,3.0
1025,tare_pool_empty_boxes,3.0,3.0
1026,tare_pool_empty_boxes,4.0,6.0
1027,tare_pool_empty_boxes,2.0,4.0
1028,tare_pool_empty_boxes,1.0,2.0
1029,tare_pool_empty_boxes,1.5,3.0
1030,tare_pool_empty_boxes,4.5,6.0
1031,tare_pool_empty_boxes,2.5,5.0
1032,tare_pool_empty_boxes,0.5,1.0
1033,tare_pool_empty_boxes,1.0,2.0
1034,tare_pool_empty_boxes,2.5,3.0
1035,tare_pool_empty_boxes,2.0,3.0
1036,tare_pool_empty_boxes,2.5,3.0
1037,tare_pool_empty_boxes,3.0,4.0
1038,tare_pool_empty_boxes,2.5,3.0
1039,tare_pool_empty_boxes,2.0,2.0
1040,tare_pool_empty_boxes,1.5,3.0
1041,tare_pool_empty_boxes,3.5,6.0
1042,tare_pool_empty_boxes,6.0,7.0
1043,tare_pool_empty_boxes,1.0,2.0
1044,tare_pool_empty_boxes,3.0,4.0
1045,tare_pool_empty_boxes,3.0,4.0
1046,tare_pool_empty_boxes,1.5,3.0
1047,tare_pool_empty_boxes,3.0,4.0
1048,tare_pool_empty_boxes,1.0,2.0
1049,tare_pool_empty_boxes,2.0,4.0
1050,tare_pool_empty_boxes,3.5,4.0
1051,tare_pool_empty_boxes,0.5,1.0
1052,tare_pool_empty_boxes,3.0,3.0
1053,tare_pool_empty_boxes,6.5,8.0
1054,tare_pool_empty_boxes,2.0,4.0
1055,tare_pool_empty_boxes,1.0,1.0
1056,tare_pool_empty_boxes,2.0,2.0
1057,tare_pool_empty_boxes,2.0,3.0
1058,tare_pool_empty_boxes,3.0,4.0
1059,tare_pool_empty_boxes,1.5,3.0
1060,tare_pool_empty_boxes,1.0,2.0
1061,tare_pool_empty_boxes,3.5,5.0
1062,tare_pool_empty_boxes,2.5,5.0
1063,tare_pool_empty_boxes,0.5,1.0
1064,tare_pool_empty_boxes,3.5,5.0
1065,tare_pool_empty_boxes,3.5,4.0
1066,tare_pool_empty_boxes,3.0,4.0
1067,tare_pool_empty_boxes,0.0,0.0
1068,tare_pool_empty_boxes,3.5,6.0
1069,tare_pool_empty_boxes,3.0,6.0
1070,tare_pool_empty_boxes,3.5,7.0
1071,tare_pool_empty_boxes,2.0,3.0
1072,tare_pool_empty_boxes,0.0,0.0
1073,tare_pool_empty_boxes,2.0,3.0
1074,tare_pool_empty_boxes,0.5,1.0
1075,tare_pool_empty_boxes,0.5,1.0
1076,tare_pool_empty_boxes,2.5,4.0
1077,tare_pool_empty_boxes,1.5,2.0
1078,tare_pool_empty_boxes,3.0,6.0
1079,tare_pool_empty_boxes,0.5,1.0
1080,tare_pool_empty_boxes,2.5,5.0
1081,tare_pool_empty_boxes,2.5,3.0
1082,tare_pool_empty_boxes,0.5,1.0
1083,tare_pool_empty_boxes,3.0,5.0
1084,tare_pool_empty_boxes,0.5,1.0
1085,tare_pool_empty_boxes,3.5,4.0
1086,tare_pool_empty_boxes,3.0,5.0
1087,tare_pool_empty_boxes,1.5,2.0
1088,tare_pool_empty_boxes,2.5,5.0
1089,tare_pool_empty_boxes,1.5,3.0
1090,tare_pool_empty_boxes,2.0,3.0
1091,tare_pool_empty_boxes,1.0,1.0
1092,tare_pool_empty_boxes,1.5,2.0
1093,tare_pool_empty_boxes,2.5,5.0
1094,tare_pool_empty_boxes,1.0,2.0
1095,tare_pool_empty_boxes,6.0,6.0
1096,tare_pool_empty_boxes,1.5,3.0
1097,tare_pool_empty_boxes,2.5,5.0
1098,tare_pool_empty_boxes,0.0,0.0
1099,tare_pool_empty_boxes,3.0,6.0
1100,tare_pool_empty_boxes,3.0,6.0
1101,tare_pool_empty_boxes,3.0,3.0
1102,tare_pool_empty_boxes,1.5,3.0
1103,tare_pool_empty_boxes,1.0,2.0
1104,tare_pool_empty_boxes,1.5,3.0
1105,tare_pool_empty_boxes,2.5,3.0
1106,tare_pool_empty_boxes,1.0,2.0
1107,tare_pool_empty_boxes,2.0,4.0
1108,tare_pool_empty_boxes,0.5,1.0
1109,tare_pool_empty_boxes,2.5,5.0
1110,tare_pool_empty_boxes,3.0,4.0
1111,tare_pool_empty_boxes,3.0,4.0
1112,tare_pool_empty_boxes,1.0,2.0
1113,tare_pool_empty_boxes,2.5,4.0
1114,tare_pool_empty_boxes,5.0,7.0
1115,tare_pool_empty_boxes,1.0,2.0
1116,tare_pool_empty_boxes,2.5,5.0
1117,tare_pool_empty_boxes,1.0,2.0
1118,tare_pool_empty_boxes,3.0,3.0
1119,tare_pool_empty_boxes,2.0,4.0
1120,tare_pool_empty_boxes,0.0,0.0
1121,tare_pool_empty_boxes,2.0,2.0
1122,tare_pool_empty_boxes,5.0,10.0
1123,tare_pool_empty_boxes,6.0,9.0
1124,tare_pool_empty_boxes,2.0,4.0
1125,tare_pool_empty_boxes,2.5,4.0
1126,tare_pool_empty_boxes,3.5,4.0
1127,tare_pool_empty_boxes,3.0,3.0
1128,tare_pool_empty_boxes,2.0,3.0
1129,tare_pool_empty_boxes,2.0,4.0
1130,tare_pool_empty_boxes,4.5,6.0
1131,tare_pool_empty_boxes,1.0,1.0
1132,tare_pool_empty_boxes,2.5,5.0
1133,tare_pool_empty_boxes,1.5,3.0
1134,tare_pool_empty_boxes,2.5,4.0
1135,tare_pool_empty_boxes,4.5,6.0
1136,tare_pool_empty_boxes,2.5,5.0
1137,tare_pool_empty_boxes,1.5,3.0
1138,tare_pool_empty_boxes,5.5,6.0
1139,tare_pool_empty_boxes,1.0,2.0
1140,tare_pool_empty_boxes,3.5,4.0
1141,tare_pool_empty_boxes,6.5,7.0
1142,tare_pool_empty_boxes,0.5,1.0
1143,tare_pool_empty_boxes,2.5,3.0
1144,tare_pool_empty_boxes,2.0,3.0
1145,tare_pool_empty_boxes,3.0,4.0
1146,tare_pool_empty_boxes,3.5,4.0
1147,tare_pool_empty_boxes,2.5,3.0
1148,tare_pool_empty_boxes,2.0,4.0
1149,tare_pool_empty_boxes,0.5,1.0
1150,tare_pool_empty_boxes,3.0,6.0
1151,tare_pool_empty_boxes,2.5,4.0
1152,tare_pool_empty_boxes,1.5,3.0
1153,tare_pool_empty_boxes,5.5,7.0
1154,tare_pool_empty_boxes,1.0,2.0
1155,tare_pool_empty_boxes,3.5,4.0
1156,tare_pool_empty_boxes,3.0,5.0
1157,tare_pool_empty_boxes,1.5,3.0
1158,tare_pool_empty_boxes,1.5,3.0
1159,tare_pool_empty_boxes,1.0,2.0
1160,tare_pool_empty_boxes,1.0,1.0
1161,tare_pool_empty_boxes,4.0,7.0
1162,tare_pool_empty_boxes,5.0,7.0
1163,tare_pool_empty_boxes,1.0,2.0
1164,tare_pool_empty_boxes,2.0,2.0
1165,tare_pool_empty_boxes,3.5,6.0
1166,tare_pool_empty_boxes,1.0,2.0
1167,tare_pool_empty_boxes,2.0,2.0
1168,tare_pool_empty_boxes,1.5,3.0
1169,tare_pool_empty_boxes,2.5,4.0
1170,tare_pool_empty_boxes,6.5,10.0
1171,tare_pool_empty_boxes,1.5,2.0
1172,tare_pool_empty_boxes,3.5,4.0
1173,tare_pool_empty_boxes,3.0,3.0
1174,tare_pool_empty_boxes,1.0,1.0
1175,tare_pool_empty_boxes,0.5,1.0
1176,tare_pool_empty_boxes,1.5,2.0
1177,tare_pool_empty_boxes,3.5,6.0
1178,tare_pool_empty_boxes,1.0,2.0
1179,tare_pool_empty_boxes,1.0,2.0
1180,tare_pool_empty_boxes,0.0,0.0
1181,tare_pool_empty_boxes,2.5,4.0
1182,tare_pool_empty_boxes,1.5,3.0
1183,tare_pool_empty_boxes,0.5,1.0
1184,tare_pool_empty_boxes,5.0,5.0
1185,tare_pool_empty_boxes,1.5,2.0
1186,tare_pool_empty_boxes,1.5,2.0
1187,tare_pool_empty_boxes,1.5,2.0
1188,tare_pool_empty_boxes,3.5,5.0
1189,tare_pool_empty_boxes,1.5,3.0
1190,tare_pool_empty_boxes,1.0,2.0
1191,tare_pool_empty_boxes,2.5,3.0
1192,tare_pool_empty_boxes,2.0,4.0
1193,tare_pool_empty_boxes,4.5,5.0
1194,tare_pool_empty_boxes,2.5,4.0
1195,tare_pool_empty_boxes,1.5,3.0
1196,tare_pool_empty_boxes,3.5,5.0
1197,tare_pool_empty_boxes,3.5,5.0
1198,tare_pool_empty_boxes,1.5,3.0
1199,tare_pool_empty_boxes,5.0,5.0
1200,tare_pool_empty_boxes,4.0,6.0
1201,tare_pool_empty_boxes,1.0,2.0
1202,tare_pool_empty_boxes,1.0,2.0
1203,tare_pool_empty_boxes,2.0,4.0
1204,tare_pool_empty_boxes,5.0,6.0
1205,tare_pool_empty_boxes,4.5,5.0
1206,tare_pool_empty_boxes,4.5,6.0
1207,tare_pool_empty_boxes,4.5,6.0
1208,tare_pool_empty_boxes,2.0,3.0
1209,tare_pool_empty_boxes,5.5,7.0
1210,tare_pool_empty_boxes,4.0,6.0
1211,tare_pool_empty_boxes,1.0,1.0
1212,tare_pool_empty_boxes,1.0,2.0
1213,tare_pool_empty_boxes,1.0,2.0
1214,tare_pool_empty_boxes,1.0,2.0
1215,tare_pool_empty_boxes,1.5,3.0
1216,tare_pool_empty_boxes,2.5,3.0
1217,tare_pool_empty_boxes,3.0,6.0
1218,tare_pool_empty_boxes,6.0,8.0
1219,tare_pool_empty_boxes,2.0,4.0
1220,tare_pool_empty_boxes,4.0,8.0
1221,tare_pool_empty_boxes,2.5,5.0
1222,tare_pool_empty_boxes,3.5,4.0
1223,tare_pool_empty_boxes,0.0,0.0
1224,tare_pool_empty_boxes,3.5,4.0
1225,tare_pool_empty_boxes,5.0,7.0
1226,tare_pool_empty_boxes,1.0,2.0
1227,tare_pool_empty_boxes,2.5,3.0
1228,tare_pool_empty_boxes,0.0,0.0
1229,tare_pool_empty_boxes,7.0,7.0
1230,tare_pool_empty_boxes,1.0,1.0
1231,tare_pool_empty_boxes,2.5,3.0
1232,tare_pool_empty_boxes,2.5,5.0
1233,tare_pool_empty_boxes,1.0,2.0
1234,tare_pool_empty_boxes,3.5,5.0
1235,tare_pool_empty_boxes,3.5,6.0
1236,tare_pool_empty_boxes,5.0,7.0
1237,tare_pool_empty_boxes,1.5,3.0
1238,tare_pool_empty_boxes,2.5,3.0
1239,tare_pool_empty_boxes,0.0,0.0
1240,tare_pool_empty_boxes,3.0,3.0
1241,tare_pool_empty_boxes,2.5,4.0
1242,tare_pool_empty_boxes,5.5,6.0
1243,tare_pool_empty_boxes,3.0,4.0
1244,tare_pool_empty_boxes,1.0,2.0
1245,tare_pool_empty_boxes,4.5,8.0
1246,tare_pool_empty_boxes,1.5,2.0
1247,tare_pool_empty_boxes,1.0,2.0
1248,tare_pool_empty_boxes,4.5,6.0
1249,tare_pool_empty_boxes,2.0,4.0
1250,tare_pool_empty_boxes,2.5,5.0
1251,tare_pool_empty_boxes,3.0,3.0
1252,tare_pool_empty_boxes,2.0,3.0
1253,tare_pool_empty_boxes,4.0,4.0
1254,tare_pool_empty_boxes,5.5,8.0
1255,tare_pool_empty_boxes,1.0,2.0
1256,tare_pool_empty_boxes,2.5,5.0
1257,tare_pool_empty_boxes,3.0,6.0
1258,tare_pool_empty_boxes,2.5,3.0
1259,tare_pool_empty_boxes,0.5,1.0
1260,tare_pool_empty_boxes,2.0,4.0
1261,tare_pool_empty_boxes,1.5,3.0
1262,tare_pool_empty_boxes,1.5,3.0
1263,tare_pool_empty_boxes,2.0,4.0
1264,tare_pool_empty_boxes,2.0,2.0
1265,tare_pool_empty_boxes,3.5,6.0
1266,tare_pool_empty_boxes,11.5,13.0
1267,tare_pool_empty_boxes,2.5,5.0
1268,tare_pool_empty_boxes,3.5,5.0
1269,tare_pool_empty_boxes,4.0,6.0
1270,tare_pool_empty_boxes,2.5,5.0
1271,tare_pool_empty_boxes,1.0,1.0
1272,tare_pool_empty_boxes,2.0,4.0
1273,tare_pool_empty_boxes,2.5,4.0
1274,tare_pool_empty_boxes,0.0,0.0
1275,tare_pool_empty_boxes,2.0,3.0
1276,tare_pool_empty_boxes,0.5,1.0
1277,tare_pool_empty_boxes,6.0,8.0
1278,tare_pool_empty_boxes,1.5,3.0
1279,tare_pool_empty_boxes,2.5,4.0
1280,tare_pool_empty_boxes,2.5,3.0
1281,tare_pool_empty_boxes,1.0,2.0
1282,tare_pool_empty_boxes,4.0,8.0
1283,tare_pool_empty_boxes,0.0,0.0
1284,tare_pool_empty_boxes,1.0,1.0
1285,tare_pool_empty_boxes,1.0,2.0
1286,tare_pool_empty_boxes,0.0,0.0
1287,tare_pool_empty_boxes,1.5,2.0
1288,tare_pool_empty_boxes,0.0,0.0
1289,tare_pool_empty_boxes,8.0,10.0
1290,tare_pool_empty_boxes,1.0,2.0
1291,tare_pool_empty_boxes,0.0,0.0
1292,tare_pool_empty_boxes,2.5,3.0
1293,tare_pool_empty_boxes,3.5,4.0
1294,tare_pool_empty_boxes,2.5,4.0
1295,tare_pool_empty_boxes,2.5,3.0
1296,tare_pool_empty_boxes,1.5,2.0
1297,tare_pool_empty_boxes,1.5,3.0
1298,tare_pool_empty_boxes,0.0,0.0
1299,tare_pool_empty_boxes,1.5,2.0
1300,tare_pool_empty_boxes,2.0,4.0
1301,tare_pool_empty_boxes,1.5,3.0
1302,tare_pool_empty_boxes,1.5,3.0
1303,tare_pool_empty_boxes,3.0,3.0
1304,tare_pool_empty_boxes,2.5,4.0
1305,tare_pool_empty_boxes,1.5,3.0
1306,tare_pool_empty_boxes,2.5,3.0
1307,tare_pool_empty_boxes,0.5,1.0
1308,tare_pool_empty_boxes,2.0,3.0
1309,tare_pool_empty_boxes,2.5,3.0
1310,tare_pool_empty_boxes,2.5,5.0
1311,tare_pool_empty_boxes,3.0,4.0
1312,tare_pool_empty_boxes,2.5,3.0
1313,tare_pool_empty_boxes,3.5,5.0
1314,tare_pool_empty_boxes,2.0,3.0
1315,tare_pool_empty_boxes,3.0,4.0
1316,tare_pool_empty_boxes,1.5,3.0
1317,tare_pool_empty_boxes,1.5,2.0
1318,tare_pool_empty_boxes,2.5,3.0
1319,tare_pool_empty_boxes,0.0,0.0
1320,tare_pool_empty_boxes,3.0,4.0
1321,tare_pool_empty_boxes,0.0,0.0
1322,tare_pool_empty_boxes,0.0,0.0
1323,tare_pool_empty_boxes,2.0,3.0
1324,tare_pool_empty_boxes,3.0,6.0
1325,tare_pool_empty_boxes,3.5,4.0
1326,tare_pool_empty_boxes,2.0,4.0
1327,tare_pool_empty_boxes,3.0,3.0
1328,tare_pool_empty_boxes,3.5,4.0
1329,tare_pool_empty_boxes,1.5,3.0
1330,tare_pool_empty_boxes,4.0,4.0
1331,tare_pool_empty_boxes,2.5,5.0
1332,tare_pool_empty_boxes,2.5,5.0
1333,tare_pool_empty_boxes,3.0,4.0
1334,tare_pool_empty_boxes,3.5,7.0
1335,tare_pool_empty_boxes,5.0,10.0
1336,tare_pool_empty_boxes,3.0,4.0
1337,tare_pool_empty_boxes,6.0,8.0
1338,tare_pool_empty_boxes,2.0,3.0
1339,tare_pool_empty_boxes,2.0,2.0
1340,tare_pool_empty_boxes,2.0,3.0
1341,tare_pool_empty_boxes,4.0,7.0
1342,tare_pool_empty_boxes,2.5,5.0
1343,tare_pool_empty_boxes,1.5,3.0
1344,tare_pool_empty_boxes,2.5,3.0
1345,tare_pool_empty_boxes,1.0,2.0
1346,tare_pool_empty_boxes,1.0,2.0
1347,tare_pool_empty_boxes,4.0,5.0
1348,tare_pool_empty_boxes,3.0,6.0
1349,tare_pool_empty_boxes,1.5,3.0
1350,tare_pool_empty_boxes,4.0,5.0
1351,tare_pool_empty_boxes,0.5,1.0
1352,tare_pool_empty_boxes,4.0,4.0
1353,tare_pool_empty_boxes,2.0,3.0
1354,tare_pool_empty_boxes,1.5,3.0
1355,tare_pool_empty_boxes,1.0,1.0
1356,tare_pool_empty_boxes,1.5,3.0
1357,tare_pool_empty_boxes,3.5,5.0
1358,tare_pool_empty_boxes,1.0,2.0
1359,tare_pool_empty_boxes,8.0,10.0
1360,tare_pool_empty_boxes,4.5,6.0
1361,tare_pool_empty_boxes,2.5,5.0
1362,tare_pool_empty_boxes,6.5,8.0
1363,tare_pool_empty_boxes,2.5,3.0
1364,tare_pool_empty_boxes,1.5,3.0
1365,tare_pool_empty_boxes,2.0,3.0
1366,tare_pool_empty_boxes,2.0,3.0
1367,tare_pool_empty_boxes,0.0,0.0
1368,tare_pool_empty_boxes,1.0,2.0
1369,tare_pool_empty_boxes,2.0,4.0
1370,tare_pool_empty_boxes,1.0,1.0
1371,tare_pool_empty_boxes,0.0,0.0
1372,tare_pool_empty_boxes,3.0,4.0
1373,tare_pool_empty_boxes,4.0,8.0
1374,tare_pool_empty_boxes,2.5,3.0
1375,tare_pool_empty_boxes,4.0,7.0
1376,tare_pool_empty_boxes,2.0,4.0
1377,tare_pool_empty_boxes,2.5,4.0
1378,tare_pool_empty_boxes,2.5,5.0
1379,tare_pool_empty_boxes,1.0,2.0
1380,tare_pool_empty_boxes,1.5,2.0
1381,tare_pool_empty_boxes,1.5,3.0
1382,tare_pool_empty_boxes,0.0,0.0
1383,tare_pool_empty_boxes,1.0,1.0
1384,tare_pool_empty_boxes,1.0,2.0
1385,tare_pool_empty_boxes,2.5,3.0
1386,tare_pool_empty_boxes,2.5,3.0
1387,tare_pool_empty_boxes,3.5,4.0
1388,tare_pool_empty_boxes,4.5,6.0
1389,tare_pool_empty_boxes,2.0,4.0
1390,tare_pool_empty_boxes,7.0,8.0
1391,tare_pool_empty_boxes,3.0,6.0
1392,tare_pool_empty_boxes,2.0,4.0
1393,tare_pool_empty_boxes,3.5,4.0
1394,tare_pool_empty_boxes,0.5,1.0
1395,tare_pool_empty_boxes,0.5,1.0
1396,tare_pool_empty_boxes,4.0,7.0
1397,tare_pool_empty_boxes,2.0,4.0
1398,tare_pool_empty_boxes,5.5,11.0
1399,tare_pool_empty_boxes,3.5,7.0
1400,tare_pool_empty_boxes,7.0,9.0
1401,tare_pool_empty_boxes,7.0,8.0
1402,tare_pool_empty_boxes,0.5,1.0
1403,tare_pool_empty_boxes,1.0,1.0
1404,tare_pool_empty_boxes,0.0,0.0
1405,tare_pool_empty_boxes,1.0,1.0
1406,tare_pool_empty_boxes,0.0,0.0
1407,tare_pool_empty_boxes,1.0,2.0
1408,tare_pool_empty_boxes,3.0,3.0
1409,tare_pool_empty_boxes,1.5,3.0
1410,tare_pool_empty_boxes,1.5,2.0
1411,tare_pool_empty_boxes,2.5,4.0
1412,tare_pool_empty_boxes,3.5,4.0
1413,tare_pool_empty_boxes,4.0,5.0
1414,tare_pool_empty_boxes,3.5,7.0
1415,tare_pool_empty_boxes,2.5,3.0
1416,tare_pool_empty_boxes,1.5,2.0
1417,tare_pool_empty_boxes,1.0,2.0
1418,tare_pool_empty_boxes,1.0,2.0
1419,tare_pool_empty_boxes,1.5,2.0
1420,tare_pool_empty_boxes,3.0,4.0
1421,tare_pool_empty_boxes,3.0,4.0
1422,tare_pool_empty_boxes,2.5,3.0
1423,tare_pool_empty_boxes,7.0,9.0
1424,tare_pool_empty_boxes,2.5,4.0
1425,tare_pool_empty_boxes,4.0,6.0
1426,tare_pool_empty_boxes,2.0,4.0
1427,tare_pool_empty_boxes,0.5,1.0
1428,tare_pool_empty_boxes,0.5,1.0
1429,tare_pool_empty_boxes,2.0,2.0
1430,tare_pool_empty_boxes,0.5,1.0
1431,tare_pool_empty_boxes,0.5,1.0
1432,tare_pool_empty_boxes,5.5,7.0
1433,tare_pool_empty_boxes,6.0,7.0
1434,tare_pool_empty_boxes,3.5,5.0
1435,tare_pool_empty_boxes,1.0,1.0
1436,tare_pool_empty_boxes,5.0,6.0
1437,tare_pool_empty_boxes,1.0,2.0
1438,tare_pool_empty_boxes,4.0,6.0
1439,tare_pool_empty_boxes,1.5,3.0
