minute,queue,avg_length,max_length
0,infeed_queue_boxes,0.0,0.0
1,infeed_queue_boxes,0.0,0.0
2,infeed_queue_boxes,0.0,0.0
3,infeed_queue_boxes,0.0,0.0
4,infeed_queue_boxes,1.0,2.0
5,infeed_queue_boxes,0.0,0.0
6,infeed_queue_boxes,0.0,0.0
7,infeed_queue_boxes,1.0,2.0
8,infeed_queue_boxes,1.0,2.0
9,infeed_queue_boxes,0.0,0.0
10,infeed_queue_boxes,0.0,0.0
11,infeed_queue_boxes,1.0,2.0
12,infeed_queue_boxes,0.0,0.0
13,infeed_queue_boxes,0.0,0.0
14,infeed_queue_boxes,2.0,2.0
15,infeed_queue_boxes,0.0,0.0
16,infeed_queue_boxes,0.0,0.0
17,infeed_queue_boxes,0.0,0.0
18,infeed_queue_boxes,0.0,0.0
19,infeed_queue_boxes,1.0,2.0
20,infeed_queue_boxes,1.0,2.0
21,infeed_queue_boxes,0.0,0.0
22,infeed_queue_boxes,0.0,0.0
23,infeed_queue_boxes,1.0,2.0
24,infeed_queue_boxes,0.0,0.0
25,infeed_queue_boxes,0.0,0.0
26,infeed_queue_boxes,2.0,2.0
27,infeed_queue_boxes,0.0,0.0
28,infeed_queue_boxes,1.0,2.0
29,infeed_queue_boxes,0.0,0.0
30,infeed_queue_boxes,0.0,0.0
31,infeed_queue_boxes,1.0,2.0
32,infeed_queue_boxes,1.0,2.0
33,infeed_queue_boxes,0.0,0.0
34,infeed_queue_boxes,0.0,0.0
35,infeed_queue_boxes,1.0,2.0
36,infeed_queue_boxes,0.0,0.0
37,infeed_queue_boxes,0.0,0.0
38,infeed_queue_boxes,2.0,2.0
39,infeed_queue_boxes,0.0,0.0
40,infeed_queue_boxes,1.0,2.0
41,infeed_queue_boxes,0.0,0.0
42,infeed_queue_boxes,0.0,0.0
43,infeed_queue_boxes,1.0,2.0
44,infeed_queue_boxes,1.0,2.0
45,infeed_queue_boxes,0.0,0.0
46,infeed_queue_boxes,0.0,0.0
47,infeed_queue_boxes,1.0,2.0
48,infeed_queue_boxes,0.0,0.0
49,infeed_queue_boxes,0.0,0.0
50,infeed_queue_boxes,2.0,2.0
51,infeed_queue_boxes,0.0,0.0
52,infeed_queue_boxes,0.0,0.0
53,infeed_queue_boxes,0.0,0.0
54,infeed_queue_boxes,0.0,0.0
55,infeed_queue_boxes,1.0,2.0
56,infeed_queue_boxes,1.0,2.0
57,infeed_queue_boxes,0.0,0.0
58,infeed_queue_boxes,0.0,0.0
59,infeed_queue_boxes,1.0,2.0
60,infeed_queue_boxes,0.0,0.0
61,infeed_queue_boxes,0.0,0.0
62,infeed_queue_boxes,2.0,2.0
63,infeed_queue_boxes,0.0,0.0
64,infeed_queue_boxes,0.0,0.0
65,infeed_queue_boxes,0.0,0.0
66,infeed_queue_boxes,0.0,0.0
67,infeed_queue_boxes,1.0,2.0
68,infeed_queue_boxes,1.0,2.0
69,infeed_queue_boxes,0.0,0.0
70,infeed_queue_boxes,0.0,0.0
71,infeed_queue_boxes,1.0,2.0
72,infeed_queue_boxes,0.0,0.0
73,infeed_queue_boxes,0.0,0.0
74,infeed_queue_boxes,2.0,2.0
75,infeed_queue_boxes,0.0,0.0
76,infeed_queue_boxes,0.0,0.0
77,infeed_queue_boxes,0.0,0.0
78,infeed_queue_boxes,0.0,0.0
79,infeed_queue_boxes,1.0,2.0
80,infeed_queue_boxes,1.0,2.0
81,infeed_queue_boxes,0.0,0.0
82,infeed_queue_boxes,0.0,0.0
83,infeed_queue_boxes,1.0,2.0
84,infeed_queue_boxes,0.0,0.0
85,infeed_queue_boxes,0.0,0.0
86,infeed_queue_boxes,2.0,2.0
87,infeed_queue_boxes,0.0,0.0
88,infeed_queue_boxes,1.0,2.0
89,infeed_queue_boxes,0.0,0.0
90,infeed_queue_boxes,0.0,0.0
91,infeed_queue_boxes,1.0,2.0
92,infeed_queue_boxes,1.0,2.0
93,infeed_queue_boxes,0.0,0.0
94,infeed_queue_boxes,0.0,0.0
95,infeed_queue_boxes,1.0,2.0
96,infeed_queue_boxes,0.0,0.0
97,infeed_queue_boxes,0.0,0.0
98,infeed_queue_boxes,2.0,2.0
99,infeed_queue_boxes,0.0,0.0
100,infeed_queue_boxes,1.0,2.0
101,infeed_queue_boxes,0.0,0.0
102,infeed_queue_boxes,0.0,0.0
103,infeed_queue_boxes,1.0,2.0
104,infeed_queue_boxes,1.0,2.0
105,infeed_queue_boxes,0.0,0.0
106,infeed_queue_boxes,0.0,0.0
107,infeed_queue_boxes,1.0,2.0
108,infeed_queue_boxes,0.0,0.0
109,infeed_queue_boxes,0.0,0.0
110,infeed_queue_boxes,2.0,2.0
111,infeed_queue_boxes,0.0,0.0
112,infeed_queue_boxes,1.0,2.0
113,infeed_queue_boxes,0.0,0.0
114,infeed_queue_boxes,0.0,0.0
115,infeed_queue_boxes,1.0,2.0
116,infeed_queue_boxes,1.0,2.0
117,infeed_queue_boxes,0.0,0.0
118,infeed_queue_boxes,0.0,0.0
119,infeed_queue_boxes,1.0,2.0
120,infeed_queue_boxes,0.0,0.0
121,infeed_queue_boxes,0.0,0.0
122,infeed_queue_boxes,2.0,2.0
123,infeed_queue_boxes,0.0,0.0
124,infeed_queue_boxes,1.0,2.0
125,infeed_queue_boxes,0.0,0.0
126,infeed_queue_boxes,0.0,0.0
127,infeed_queue_boxes,1.0,2.0
128,infeed_queue_boxes,1.0,2.0
129,infeed_queue_boxes,0.0,0.0
130,infeed_queue_boxes,0.0,0.0
131,infeed_queue_boxes,1.0,2.0
132,infeed_queue_boxes,0.0,0.0
133,infeed_queue_boxes,0.0,0.0
134,infeed_queue_boxes,2.0,2.0
135,infeed_queue_boxes,0.0,0.0
136,infeed_queue_boxes,1.0,2.0
137,infeed_queue_boxes,0.0,0.0
138,infeed_queue_boxes,0.0,0.0
139,infeed_queue_boxes,1.0,2.0
140,infeed_queue_boxes,1.0,2.0
141,infeed_queue_boxes,0.0,0.0
142,infeed_queue_boxes,0.0,0.0
143,infeed_queue_boxes,1.0,2.0
144,infeed_queue_boxes,0.0,0.0
145,infeed_queue_boxes,0.0,0.0
146,infeed_queue_boxes,2.0,2.0
147,infeed_queue_boxes,0.0,0.0
148,infeed_queue_boxes,1.0,2.0
149,infeed_queue_boxes,0.0,0.0
150,infeed_queue_boxes,0.0,0.0
151,infeed_queue_boxes,1.0,2.0
152,infeed_queue_boxes,1.0,2.0
153,infeed_queue_boxes,0.0,0.0
154,infeed_queue_boxes,0.0,0.0
155,infeed_queue_boxes,1.0,2.0
156,infeed_queue_boxes,0.0,0.0
157,infeed_queue_boxes,0.0,0.0
158,infeed_queue_boxes,2.0,2.0
159,infeed_queue_boxes,0.0,0.0
160,infeed_queue_boxes,1.0,2.0
161,infeed_queue_boxes,0.0,0.0
162,infeed_queue_boxes,0.0,0.0
163,infeed_queue_boxes,1.0,2.0
164,infeed_queue_boxes,1.0,2.0
165,infeed_queue_boxes,0.0,0.0
166,infeed_queue_boxes,0.0,0.0
167,infeed_queue_boxes,1.0,2.0
168,infeed_queue_boxes,0.0,0.0
169,infeed_queue_boxes,0.0,0.0
170,infeed_queue_boxes,2.0,2.0
171,infeed_queue_boxes,0.0,0.0
172,infeed_queue_boxes,0.0,0.0
173,infeed_queue_boxes,0.0,0.0
174,infeed_queue_boxes,0.0,0.0
175,infeed_queue_boxes,1.0,2.0
176,infeed_queue_boxes,1.0,2.0
177,infeed_queue_boxes,0.0,0.0
178,infeed_queue_boxes,0.0,0.0
179,infeed_queue_boxes,1.0,2.0
180,infeed_queue_boxes,0.0,0.0
181,infeed_queue_boxes,0.0,0.0
182,infeed_queue_boxes,2.0,2.0
183,infeed_queue_boxes,0.0,0.0
184,infeed_queue_boxes,0.0,0.0
185,infeed_queue_boxes,0.0,0.0
186,infeed_queue_boxes,0.0,0.0
187,infeed_queue_boxes,1.0,2.0
188,infeed_queue_boxes,1.0,2.0
189,infeed_queue_boxes,0.0,0.0
190,infeed_queue_boxes,0.0,0.0
191,infeed_queue_boxes,1.0,2.0
192,infeed_queue_boxes,0.0,0.0
193,infeed_queue_boxes,0.0,0.0
194,infeed_queue_boxes,2.0,2.0
195,infeed_queue_boxes,0.0,0.0
196,infeed_queue_boxes,0.0,0.0
197,infeed_queue_boxes,0.0,0.0
198,infeed_queue_boxes,0.0,0.0
199,infeed_queue_boxes,1.0,2.0
200,infeed_queue_boxes,1.0,2.0
201,infeed_queue_boxes,0.0,0.0
202,infeed_queue_boxes,0.0,0.0
203,infeed_queue_boxes,1.0,2.0
204,infeed_queue_boxes,0.0,0.0
205,infeed_queue_boxes,0.0,0.0
206,infeed_queue_boxes,2.0,2.0
207,infeed_queue_boxes,0.0,0.0
208,infeed_queue_boxes,0.0,0.0
209,infeed_queue_boxes,0.0,0.0
210,infeed_queue_boxes,0.0,0.0
211,infeed_queue_boxes,1.0,2.0
212,infeed_queue_boxes,1.0,2.0
213,infeed_queue_boxes,0.0,0.0
214,infeed_queue_boxes,0.0,0.0
215,infeed_queue_boxes,1.0,2.0
216,infeed_queue_boxes,0.0,0.0
217,infeed_queue_boxes,0.0,0.0
218,infeed_queue_boxes,2.0,2.0
219,infeed_queue_boxes,0.0,0.0
220,infeed_queue_boxes,0.0,0.0
221,infeed_queue_boxes,0.0,0.0
222,infeed_queue_boxes,0.0,0.0
223,infeed_queue_boxes,1.0,2.0
224,infeed_queue_boxes,1.0,2.0
225,infeed_queue_boxes,0.0,0.0
226,infeed_queue_boxes,0.0,0.0
227,infeed_queue_boxes,1.0,2.0
228,infeed_queue_boxes,0.0,0.0
229,infeed_queue_boxes,0.0,0.0
230,infeed_queue_boxes,2.0,2.0
231,infeed_queue_boxes,0.0,0.0
232,infeed_queue_boxes,0.0,0.0
233,infeed_queue_boxes,0.0,0.0
234,infeed_queue_boxes,0.0,0.0
235,infeed_queue_boxes,1.0,2.0
236,infeed_queue_boxes,1.0,2.0
237,infeed_queue_boxes,0.0,0.0
238,infeed_queue_boxes,0.0,0.0
239,infeed_queue_boxes,1.0,2.0
240,infeed_queue_boxes,0.0,0.0
241,infeed_queue_boxes,0.0,0.0
242,infeed_queue_boxes,2.0,2.0
243,infeed_queue_boxes,0.0,0.0
244,infeed_queue_boxes,0.0,0.0
245,infeed_queue_boxes,0.0,0.0
246,infeed_queue_boxes,0.0,0.0
247,infeed_queue_boxes,1.0,2.0
248,infeed_queue_boxes,1.0,2.0
249,infeed_queue_boxes,0.0,0.0
250,infeed_queue_boxes,0.0,0.0
251,infeed_queue_boxes,1.0,2.0
252,infeed_queue_boxes,0.0,0.0
253,infeed_queue_boxes,0.0,0.0
254,infeed_queue_boxes,2.0,2.0
255,infeed_queue_boxes,0.0,0.0
256,infeed_queue_boxes,0.0,0.0
257,infeed_queue_boxes,0.0,0.0
258,infeed_queue_boxes,0.0,0.0
259,infeed_queue_boxes,1.0,2.0
260,infeed_queue_boxes,1.0,2.0
261,infeed_queue_boxes,0.0,0.0
262,infeed_queue_boxes,0.0,0.0
263,infeed_queue_boxes,1.0,2.0
264,infeed_queue_boxes,0.0,0.0
265,infeed_queue_boxes,0.0,0.0
266,infeed_queue_boxes,2.0,2.0
267,infeed_queue_boxes,0.0,0.0
268,infeed_queue_boxes,0.0,0.0
269,infeed_queue_boxes,0.0,0.0
270,infeed_queue_boxes,0.0,0.0
271,infeed_queue_boxes,1.0,2.0
272,infeed_queue_boxes,1.0,2.0
273,infeed_queue_boxes,0.0,0.0
274,infeed_queue_boxes,0.0,0.0
275,infeed_queue_boxes,1.0,2.0
276,infeed_queue_boxes,0.0,0.0
277,infeed_queue_boxes,0.0,0.0
278,infeed_queue_boxes,2.0,2.0
279,infeed_queue_boxes,0.0,0.0
280,infeed_queue_boxes,0.0,0.0
281,infeed_queue_boxes,0.0,0.0
282,infeed_queue_boxes,0.0,0.0
283,infeed_queue_boxes,1.0,2.0
284,infeed_queue_boxes,1.0,2.0
285,infeed_queue_boxes,0.0,0.0
286,infeed_queue_boxes,0.0,0.0
287,infeed_queue_boxes,1.0,2.0
288,infeed_queue_boxes,0.0,0.0
289,infeed_queue_boxes,0.0,0.0
290,infeed_queue_boxes,2.0,2.0
291,infeed_queue_boxes,0.0,0.0
292,infeed_queue_boxes,0.0,0.0
293,infeed_queue_boxes,0.0,0.0
294,infeed_queue_boxes,0.0,0.0
295,infeed_queue_boxes,1.0,2.0
296,infeed_queue_boxes,1.0,2.0
297,infeed_queue_boxes,0.0,0.0
298,infeed_queue_boxes,0.0,0.0
299,infeed_queue_boxes,1.0,2.0
300,infeed_queue_boxes,0.0,0.0
301,infeed_queue_boxes,0.0,0.0
302,infeed_queue_boxes,2.0,2.0
303,infeed_queue_boxes,0.0,0.0
304,infeed_queue_boxes,0.0,0.0
305,infeed_queue_boxes,0.0,0.0
306,infeed_queue_boxes,0.0,0.0
307,infeed_queue_boxes,1.0,2.0
308,infeed_queue_boxes,1.0,2.0
309,infeed_queue_boxes,0.0,0.0
310,infeed_queue_boxes,0.0,0.0
311,infeed_queue_boxes,1.0,2.0
312,infeed_queue_boxes,0.0,0.0
313,infeed_queue_boxes,0.0,0.0
314,infeed_queue_boxes,2.0,2.0
315,infeed_queue_boxes,0.0,0.0
316,infeed_queue_boxes,0.0,0.0
317,infeed_queue_boxes,0.0,0.0
318,infeed_queue_boxes,0.0,0.0
319,infeed_queue_boxes,1.0,2.0
320,infeed_queue_boxes,1.0,2.0
321,infeed_queue_boxes,0.0,0.0
322,infeed_queue_boxes,0.0,0.0
323,infeed_queue_boxes,1.0,2.0
324,infeed_queue_boxes,0.0,0.0
325,infeed_queue_boxes,0.0,0.0
326,infeed_queue_boxes,2.0,2.0
327,infeed_queue_boxes,0.0,0.0
328,infeed_queue_boxes,0.0,0.0
329,infeed_queue_boxes,0.0,0.0
330,infeed_queue_boxes,0.0,0.0
331,infeed_queue_boxes,1.0,2.0
332,infeed_queue_boxes,1.0,2.0
333,infeed_queue_boxes,0.0,0.0
334,infeed_queue_boxes,0.0,0.0
335,infeed_queue_boxes,1.0,2.0
336,infeed_queue_boxes,0.0,0.0
337,infeed_queue_boxes,0.0,0.0
338,infeed_queue_boxes,2.0,2.0
339,infeed_queue_boxes,0.0,0.0
340,infeed_queue_boxes,0.0,0.0
341,infeed_queue_boxes,0.0,0.0
342,infeed_queue_boxes,0.0,0.0
343,infeed_queue_boxes,1.0,2.0
344,infeed_queue_boxes,1.0,2.0
345,infeed_queue_boxes,0.0,0.0
346,infeed_queue_boxes,0.0,0.0
347,infeed_queue_boxes,1.0,2.0
348,infeed_queue_boxes,0.0,0.0
349,infeed_queue_boxes,0.0,0.0
350,infeed_queue_boxes,2.0,2.0
351,infeed_queue_boxes,0.0,0.0
352,infeed_queue_boxes,0.0,0.0
353,infeed_queue_boxes,0.0,0.0
354,infeed_queue_boxes,0.0,0.0
355,infeed_queue_boxes,1.0,2.0
356,infeed_queue_boxes,1.0,2.0
357,infeed_queue_boxes,0.0,0.0
358,infeed_queue_boxes,0.0,0.0
359,infeed_queue_boxes,1.0,2.0
360,infeed_queue_boxes,0.0,0.0
361,infeed_queue_boxes,0.0,0.0
362,infeed_queue_boxes,2.0,2.0
363,infeed_queue_boxes,0.0,0.0
364,infeed_queue_boxes,0.0,0.0
365,infeed_queue_boxes,0.0,0.0
366,infeed_queue_boxes,0.0,0.0
367,infeed_queue_boxes,1.0,2.0
368,infeed_queue_boxes,1.0,2.0
369,infeed_queue_boxes,0.0,0.0
370,infeed_queue_boxes,0.0,0.0
371,infeed_queue_boxes,1.0,2.0
372,infeed_queue_boxes,0.0,0.0
373,infeed_queue_boxes,0.0,0.0
374,infeed_queue_boxes,2.0,2.0
375,infeed_queue_boxes,0.0,0.0
376,infeed_queue_boxes,0.0,0.0
377,infeed_queue_boxes,0.0,0.0
378,infeed_queue_boxes,0.0,0.0
379,infeed_queue_boxes,1.0,2.0
380,infeed_queue_boxes,1.0,2.0
381,infeed_queue_boxes,0.0,0.0
382,infeed_queue_boxes,0.0,0.0
383,infeed_queue_boxes,1.0,2.0
384,infeed_queue_boxes,0.0,0.0
385,infeed_queue_boxes,0.0,0.0
386,infeed_queue_boxes,2.0,2.0
387,infeed_queue_boxes,0.0,0.0
388,infeed_queue_boxes,0.0,0.0
389,infeed_queue_boxes,0.0,0.0
390,infeed_queue_boxes,0.0,0.0
391,infeed_queue_boxes,1.0,2.0
392,infeed_queue_boxes,1.0,2.0
393,infeed_queue_boxes,0.0,0.0
394,infeed_queue_boxes,0.0,0.0
395,infeed_queue_boxes,1.0,2.0
396,infeed_queue_boxes,0.0,0.0
397,infeed_queue_boxes,0.0,0.0
398,infeed_queue_boxes,2.0,2.0
399,infeed_queue_boxes,0.0,0.0
400,infeed_queue_boxes,0.0,0.0
401,infeed_queue_boxes,0.0,0.0
402,infeed_queue_boxes,0.0,0.0
403,infeed_queue_boxes,1.0,2.0
404,infeed_queue_boxes,1.0,2.0
405,infeed_queue_boxes,0.0,0.0
406,infeed_queue_boxes,0.0,0.0
407,infeed_queue_boxes,1.0,2.0
408,infeed_queue_boxes,0.0,0.0
409,infeed_queue_boxes,0.0,0.0
410,infeed_queue_boxes,2.0,2.0
411,infeed_queue_boxes,0.0,0.0
412,infeed_queue_boxes,0.0,0.0
413,infeed_queue_boxes,0.0,0.0
414,infeed_queue_boxes,0.0,0.0
415,infeed_queue_boxes,1.0,2.0
416,infeed_queue_boxes,1.0,2.0
417,infeed_queue_boxes,0.0,0.0
418,infeed_queue_boxes,0.0,0.0
419,infeed_queue_boxes,1.0,2.0
420,infeed_queue_boxes,0.0,0.0
421,infeed_queue_boxes,0.0,0.0
422,infeed_queue_boxes,2.0,2.0
423,infeed_queue_boxes,0.0,0.0
424,infeed_queue_boxes,0.0,0.0
425,infeed_queue_boxes,0.0,0.0
426,infeed_queue_boxes,0.0,0.0
427,infeed_queue_boxes,1.0,2.0
428,infeed_queue_boxes,1.0,2.0
429,infeed_queue_boxes,0.0,0.0
430,infeed_queue_boxes,0.0,0.0
431,infeed_queue_boxes,1.0,2.0
432,infeed_queue_boxes,0.0,0.0
433,infeed_queue_boxes,0.0,0.0
434,infeed_queue_boxes,2.0,2.0
435,infeed_queue_boxes,0.0,0.0
436,infeed_queue_boxes,0.0,0.0
437,infeed_queue_boxes,0.0,0.0
438,infeed_queue_boxes,0.0,0.0
439,infeed_queue_boxes,1.0,2.0
440,infeed_queue_boxes,1.0,2.0
441,infeed_queue_boxes,0.0,0.0
442,infeed_queue_boxes,0.0,0.0
443,infeed_queue_boxes,1.0,2.0
444,infeed_queue_boxes,0.0,0.0
445,infeed_queue_boxes,0.0,0.0
446,infeed_queue_boxes,2.0,2.0
447,infeed_queue_boxes,0.0,0.0
448,infeed_queue_boxes,0.0,0.0
449,infeed_queue_boxes,0.0,0.0
450,infeed_queue_boxes,0.0,0.0
451,infeed_queue_boxes,1.0,2.0
452,infeed_queue_boxes,1.0,2.0
453,infeed_queue_boxes,0.0,0.0
454,infeed_queue_boxes,0.0,0.0
455,infeed_queue_boxes,1.0,2.0
456,infeed_queue_boxes,0.0,0.0
457,infeed_queue_boxes,0.0,0.0
458,infeed_queue_boxes,2.0,2.0
459,infeed_queue_boxes,0.0,0.0
460,infeed_queue_boxes,0.0,0.0
461,infeed_queue_boxes,0.0,0.0
462,infeed_queue_boxes,0.0,0.0
463,infeed_queue_boxes,1.0,2.0
464,infeed_queue_boxes,1.0,2.0
465,infeed_queue_boxes,0.0,0.0
466,infeed_queue_boxes,0.0,0.0
467,infeed_queue_boxes,1.0,2.0
468,infeed_queue_boxes,0.0,0.0
469,infeed_queue_boxes,0.0,0.0
470,infeed_queue_boxes,2.0,2.0
471,infeed_queue_boxes,0.0,0.0
472,infeed_queue_boxes,0.0,0.0
473,infeed_queue_boxes,0.0,0.0
474,infeed_queue_boxes,0.0,0.0
475,infeed_queue_boxes,1.0,2.0
476,infeed_queue_boxes,1.0,2.0
477,infeed_queue_boxes,0.0,0.0
478,infeed_queue_boxes,0.0,0.0
479,infeed_queue_boxes,1.0,2.0
480,infeed_queue_boxes,0.0,0.0
481,infeed_queue_boxes,0.0,0.0
482,infeed_queue_boxes,2.0,2.0
483,infeed_queue_boxes,0.0,0.0
484,infeed_queue_boxes,0.0,0.0
485,infeed_queue_boxes,0.0,0.0
486,infeed_queue_boxes,0.0,0.0
487,infeed_queue_boxes,1.0,2.0
488,infeed_queue_boxes,1.0,2.0
489,infeed_queue_boxes,0.0,0.0
490,infeed_queue_boxes,0.0,0.0
491,infeed_queue_boxes,1.0,2.0
492,infeed_queue_boxes,0.0,0.0
493,infeed_queue_boxes,0.0,0.0
494,infeed_queue_boxes,2.0,2.0
495,infeed_queue_boxes,0.0,0.0
496,infeed_queue_boxes,0.0,0.0
497,infeed_queue_boxes,0.0,0.0
498,infeed_queue_boxes,0.0,0.0
499,infeed_queue_boxes,1.0,2.0
500,infeed_queue_boxes,1.0,2.0
501,infeed_queue_boxes,0.0,0.0
502,infeed_queue_boxes,0.0,0.0
503,infeed_queue_boxes,1.0,2.0
504,infeed_queue_boxes,0.0,0.0
505,infeed_queue_boxes,0.0,0.0
506,infeed_queue_boxes,2.0,2.0
507,infeed_queue_boxes,0.0,0.0
508,infeed_queue_boxes,0.0,0.0
509,infeed_queue_boxes,0.0,0.0
510,infeed_queue_boxes,0.0,0.0
511,infeed_queue_boxes,1.0,2.0
512,infeed_queue_boxes,1.0,2.0
513,infeed_queue_boxes,0.0,0.0
514,infeed_queue_boxes,0.0,0.0
515,infeed_queue_boxes,1.0,2.0
516,infeed_queue_boxes,0.0,0.0
517,infeed_queue_boxes,0.0,0.0
518,infeed_queue_boxes,2.0,2.0
519,infeed_queue_boxes,0.0,0.0
520,infeed_queue_boxes,0.0,0.0
521,infeed_queue_boxes,0.0,0.0
522,infeed_queue_boxes,0.0,0.0
523,infeed_queue_boxes,1.0,2.0
524,infeed_queue_boxes,1.0,2.0
525,infeed_queue_boxes,0.0,0.0
526,infeed_queue_boxes,0.0,0.0
527,infeed_queue_boxes,1.0,2.0
528,infeed_queue_boxes,0.0,0.0
529,infeed_queue_boxes,0.0,0.0
530,infeed_queue_boxes,2.0,2.0
531,infeed_queue_boxes,0.0,0.0
532,infeed_queue_boxes,0.0,0.0
533,infeed_queue_boxes,0.0,0.0
534,infeed_queue_boxes,0.0,0.0
535,infeed_queue_boxes,1.0,2.0
536,infeed_queue_boxes,1.0,2.0
537,infeed_queue_boxes,0.0,0.0
538,infeed_queue_boxes,0.0,0.0
539,infeed_queue_boxes,1.0,2.0
540,infeed_queue_boxes,0.0,0.0
541,infeed_queue_boxes,0.0,0.0
542,infeed_queue_boxes,2.0,2.0
543,infeed_queue_boxes,0.0,0.0
544,infeed_queue_boxes,0.0,0.0
545,infeed_queue_boxes,0.0,0.0
546,infeed_queue_boxes,0.0,0.0
547,infeed_queue_boxes,1.0,2.0
548,infeed_queue_boxes,1.0,2.0
549,infeed_queue_boxes,0.0,0.0
550,infeed_queue_boxes,0.0,0.0
551,infeed_queue_boxes,1.0,2.0
552,infeed_queue_boxes,0.0,0.0
553,infeed_queue_boxes,0.0,0.0
554,infeed_queue_boxes,2.0,2.0
555,infeed_queue_boxes,0.0,0.0
556,infeed_queue_boxes,0.0,0.0
557,infeed_queue_boxes,0.0,0.0
558,infeed_queue_boxes,0.0,0.0
559,infeed_queue_boxes,1.0,2.0
560,infeed_queue_boxes,1.0,2.0
561,infeed_queue_boxes,0.0,0.0
562,infeed_queue_boxes,0.0,0.0
563,infeed_queue_boxes,1.0,2.0
564,infeed_queue_boxes,0.0,0.0
565,infeed_queue_boxes,0.0,0.0
566,infeed_queue_boxes,2.0,2.0
567,infeed_queue_boxes,0.0,0.0
568,infeed_queue_boxes,0.0,0.0
569,infeed_queue_boxes,0.0,0.0
570,infeed_queue_boxes,0.0,0.0
571,infeed_queue_boxes,1.0,2.0
572,infeed_queue_boxes,1.0,2.0
573,infeed_queue_boxes,0.0,0.0
574,infeed_queue_boxes,0.0,0.0
575,infeed_queue_boxes,1.0,2.0
576,infeed_queue_boxes,0.0,0.0
577,infeed_queue_boxes,0.0,0.0
578,infeed_queue_boxes,2.0,2.0
579,infeed_queue_boxes,0.0,0.0
580,infeed_queue_boxes,0.0,0.0
581,infeed_queue_boxes,0.0,0.0
582,infeed_queue_boxes,0.0,0.0
583,infeed_queue_boxes,1.0,2.0
584,infeed_queue_boxes,1.0,2.0
585,infeed_queue_boxes,0.0,0.0
586,infeed_queue_boxes,0.0,0.0
587,infeed_queue_boxes,1.0,2.0
588,infeed_queue_boxes,0.0,0.0
589,infeed_queue_boxes,0.0,0.0
590,infeed_queue_boxes,2.0,2.0
591,infeed_queue_boxes,0.0,0.0
592,infeed_queue_boxes,0.0,0.0
593,infeed_queue_boxes,0.0,0.0
594,infeed_queue_boxes,0.0,0.0
595,infeed_queue_boxes,1.0,2.0
596,infeed_queue_boxes,1.0,2.0
597,infeed_queue_boxes,0.0,0.0
598,infeed_queue_boxes,0.0,0.0
599,infeed_queue_boxes,1.0,2.0
600,infeed_queue_boxes,0.0,0.0
601,infeed_queue_boxes,0.0,0.0
602,infeed_queue_boxes,2.0,2.0
603,infeed_queue_boxes,0.0,0.0
604,infeed_queue_boxes,0.0,0.0
605,infeed_queue_boxes,0.0,0.0
606,infeed_queue_boxes,0.0,0.0
607,infeed_queue_boxes,1.0,2.0
608,infeed_queue_boxes,1.0,2.0
609,infeed_queue_boxes,0.0,0.0
610,infeed_queue_boxes,0.0,0.0
611,infeed_queue_boxes,1.0,2.0
612,infeed_queue_boxes,0.0,0.0
613,infeed_queue_boxes,0.0,0.0
614,infeed_queue_boxes,2.0,2.0
615,infeed_queue_boxes,0.0,0.0
616,infeed_queue_boxes,0.0,0.0
617,infeed_queue_boxes,0.0,0.0
618,infeed_queue_boxes,0.0,0.0
619,infeed_queue_boxes,1.0,2.0
620,infeed_queue_boxes,1.0,2.0
621,infeed_queue_boxes,0.0,0.0
622,infeed_queue_boxes,0.0,0.0
623,infeed_queue_boxes,1.0,2.0
624,infeed_queue_boxes,0.0,0.0
625,infeed_queue_boxes,0.0,0.0
626,infeed_queue_boxes,2.0,2.0
627,infeed_queue_boxes,0.0,0.0
628,infeed_queue_boxes,0.0,0.0
629,infeed_queue_boxes,0.0,0.0
630,infeed_queue_boxes,0.0,0.0
631,infeed_queue_boxes,1.0,2.0
632,infeed_queue_boxes,1.0,2.0
633,infeed_queue_boxes,0.0,0.0
634,infeed_queue_boxes,0.0,0.0
635,infeed_queue_boxes,1.0,2.0
636,infeed_queue_boxes,0.0,0.0
637,infeed_queue_boxes,0.0,0.0
638,infeed_queue_boxes,2.0,2.0
639,infeed_queue_boxes,0.0,0.0
640,infeed_queue_boxes,0.0,0.0
641,infeed_queue_boxes,0.0,0.0
642,infeed_queue_boxes,0.0,0.0
643,infeed_queue_boxes,1.0,2.0
644,infeed_queue_boxes,1.0,2.0
645,infeed_queue_boxes,0.0,0.0
646,infeed_queue_boxes,0.0,0.0
647,infeed_queue_boxes,1.0,2.0
648,infeed_queue_boxes,0.0,0.0
649,infeed_queue_boxes,0.0,0.0
650,infeed_queue_boxes,2.0,2.0
651,infeed_queue_boxes,0.0,0.0
652,infeed_queue_boxes,0.0,0.0
653,infeed_queue_boxes,0.0,0.0
654,infeed_queue_boxes,0.0,0.0
655,infeed_queue_boxes,1.0,2.0
656,infeed_queue_boxes,1.0,2.0
657,infeed_queue_boxes,0.0,0.0
658,infeed_queue_boxes,0.0,0.0
659,infeed_queue_boxes,1.0,2.0
660,infeed_queue_boxes,0.0,0.0
661,infeed_queue_boxes,0.0,0.0
662,infeed_queue_boxes,2.0,2.0
663,infeed_queue_boxes,0.0,0.0
664,infeed_queue_boxes,0.0,0.0
665,infeed_queue_boxes,0.0,0.0
666,infeed_queue_boxes,0.0,0.0
667,infeed_queue_boxes,1.0,2.0
668,infeed_queue_boxes,1.0,2.0
669,infeed_queue_boxes,0.0,0.0
670,infeed_queue_boxes,0.0,0.0
671,infeed_queue_boxes,1.0,2.0
672,infeed_queue_boxes,0.0,0.0
673,infeed_queue_boxes,0.0,0.0
674,infeed_queue_boxes,2.0,2.0
675,infeed_queue_boxes,0.0,0.0
676,infeed_queue_boxes,0.0,0.0
677,infeed_queue_boxes,0.0,0.0
678,infeed_queue_boxes,0.0,0.0
679,infeed_queue_boxes,1.0,2.0
680,infeed_queue_boxes,1.0,2.0
681,infeed_queue_boxes,0.0,0.0
682,infeed_queue_boxes,0.0,0.0
683,infeed_queue_boxes,1.0,2.0
684,infeed_queue_boxes,0.0,0.0
685,infeed_queue_boxes,0.0,0.0
686,infeed_queue_boxes,2.0,2.0
687,infeed_queue_boxes,0.0,0.0
688,infeed_queue_boxes,0.0,0.0
689,infeed_queue_boxes,0.0,0.0
690,infeed_queue_boxes,0.0,0.0
691,infeed_queue_boxes,1.0,2.0
692,infeed_queue_boxes,1.0,2.0
693,infeed_queue_boxes,0.0,0.0
694,infeed_queue_boxes,0.0,0.0
695,infeed_queue_boxes,1.0,2.0
696,infeed_queue_boxes,0.0,0.0
697,infeed_queue_boxes,0.0,0.0
698,infeed_queue_boxes,2.0,2.0
699,infeed_queue_boxes,0.0,0.0
700,infeed_queue_boxes,0.0,0.0
701,infeed_queue_boxes,0.0,0.0
702,infeed_queue_boxes,0.0,0.0
703,infeed_queue_boxes,1.0,2.0
704,infeed_queue_boxes,1.0,2.0
705,infeed_queue_boxes,0.0,0.0
706,infeed_queue_boxes,0.0,0.0
707,infeed_queue_boxes,1.0,2.0
708,infeed_queue_boxes,0.0,0.0
709,infeed_queue_boxes,0.0,0.0
710,infeed_queue_boxes,2.0,2.0
711,infeed_queue_boxes,0.0,0.0
712,infeed_queue_boxes,0.0,0.0
713,infeed_queue_boxes,0.0,0.0
714,infeed_queue_boxes,0.0,0.0
715,infeed_queue_boxes,1.0,2.0
716,infeed_queue_boxes,1.0,2.0
717,infeed_queue_boxes,0.0,0.0
718,infeed_queue_boxes,0.0,0.0
719,infeed_queue_boxes,1.0,2.0
720,infeed_queue_boxes,0.0,0.0
721,infeed_queue_boxes,0.0,0.0
722,infeed_queue_boxes,2.0,2.0
723,infeed_queue_boxes,0.0,0.0
724,infeed_queue_boxes,0.0,0.0
725,infeed_queue_boxes,0.0,0.0
726,infeed_queue_boxes,0.0,0.0
727,infeed_queue_boxes,1.0,2.0
728,infeed_queue_boxes,1.0,2.0
729,infeed_queue_boxes,0.0,0.0
730,infeed_queue_boxes,0.0,0.0
731,infeed_queue_boxes,1.0,2.0
732,infeed_queue_boxes,0.0,0.0
733,infeed_queue_boxes,0.0,0.0
734,infeed_queue_boxes,2.0,2.0
735,infeed_queue_boxes,0.0,0.0
736,infeed_queue_boxes,0.0,0.0
737,infeed_queue_boxes,0.0,0.0
738,infeed_queue_boxes,0.0,0.0
739,infeed_queue_boxes,1.0,2.0
740,infeed_queue_boxes,1.0,2.0
741,infeed_queue_boxes,0.0,0.0
742,infeed_queue_boxes,0.0,0.0
743,infeed_queue_boxes,1.0,2.0
744,infeed_queue_boxes,0.0,0.0
745,infeed_queue_boxes,0.0,0.0
746,infeed_queue_boxes,2.0,2.0
747,infeed_queue_boxes,0.0,0.0
748,infeed_queue_boxes,0.0,0.0
749,infeed_queue_boxes,0.0,0.0
750,infeed_queue_boxes,0.0,0.0
751,infeed_queue_boxes,1.0,2.0
752,infeed_queue_boxes,1.0,2.0
753,infeed_queue_boxes,0.0,0.0
754,infeed_queue_boxes,0.0,0.0
755,infeed_queue_boxes,1.0,2.0
756,infeed_queue_boxes,0.0,0.0
757,infeed_queue_boxes,0.0,0.0
758,infeed_queue_boxes,2.0,2.0
759,infeed_queue_boxes,0.0,0.0
760,infeed_queue_boxes,0.0,0.0
761,infeed_queue_boxes,0.0,0.0
762,infeed_queue_boxes,0.0,0.0
763,infeed_queue_boxes,1.0,2.0
764,infeed_queue_boxes,1.0,2.0
765,infeed_queue_boxes,0.0,0.0
766,infeed_queue_boxes,0.0,0.0
767,infeed_queue_boxes,1.0,2.0
768,infeed_queue_boxes,0.0,0.0
769,infeed_queue_boxes,0.0,0.0
770,infeed_queue_boxes,2.0,2.0
771,infeed_queue_boxes,0.0,0.0
772,infeed_queue_boxes,0.0,0.0
773,infeed_queue_boxes,0.0,0.0
774,infeed_queue_boxes,0.0,0.0
775,infeed_queue_boxes,1.0,2.0
776,infeed_queue_boxes,1.0,2.0
777,infeed_queue_boxes,0.0,0.0
778,infeed_queue_boxes,0.0,0.0
779,infeed_queue_boxes,1.0,2.0
780,infeed_queue_boxes,0.0,0.0
781,infeed_queue_boxes,0.0,0.0
782,infeed_queue_boxes,2.0,2.0
783,infeed_queue_boxes,0.0,0.0
784,infeed_queue_boxes,0.0,0.0
785,infeed_queue_boxes,0.0,0.0
786,infeed_queue_boxes,0.0,0.0
787,infeed_queue_boxes,1.0,2.0
788,infeed_queue_boxes,1.0,2.0
789,infeed_queue_boxes,0.0,0.0
790,infeed_queue_boxes,0.0,0.0
791,infeed_queue_boxes,1.0,2.0
792,infeed_queue_boxes,0.0,0.0
793,infeed_queue_boxes,0.0,0.0
794,infeed_queue_boxes,2.0,2.0
795,infeed_queue_boxes,0.0,0.0
796,infeed_queue_boxes,0.0,0.0
797,infeed_queue_boxes,0.0,0.0
798,infeed_queue_boxes,0.0,0.0
799,infeed_queue_boxes,1.0,2.0
800,infeed_queue_boxes,1.0,2.0
801,infeed_queue_boxes,0.0,0.0
802,infeed_queue_boxes,0.0,0.0
803,infeed_queue_boxes,1.0,2.0
804,infeed_queue_boxes,0.0,0.0
805,infeed_queue_boxes,0.0,0.0
806,infeed_queue_boxes,2.0,2.0
807,infeed_queue_boxes,0.0,0.0
808,infeed_queue_boxes,0.0,0.0
809,infeed_queue_boxes,0.0,0.0
810,infeed_queue_boxes,0.0,0.0
811,infeed_queue_boxes,1.0,2.0
812,infeed_queue_boxes,1.0,2.0
813,infeed_queue_boxes,0.0,0.0
814,infeed_queue_boxes,0.0,0.0
815,infeed_queue_boxes,1.0,2.0
816,infeed_queue_boxes,0.0,0.0
817,infeed_queue_boxes,0.0,0.0
818,infeed_queue_boxes,2.0,2.0
819,infeed_queue_boxes,0.0,0.0
820,infeed_queue_boxes,0.0,0.0
821,infeed_queue_boxes,0.0,0.0
822,infeed_queue_boxes,0.0,0.0
823,infeed_queue_boxes,1.0,2.0
824,infeed_queue_boxes,1.0,2.0
825,infeed_queue_boxes,0.0,0.0
826,infeed_queue_boxes,0.0,0.0
827,infeed_queue_boxes,1.0,2.0
828,infeed_queue_boxes,0.0,0.0
829,infeed_queue_boxes,0.0,0.0
830,infeed_queue_boxes,2.0,2.0
831,infeed_queue_boxes,0.0,0.0
832,infeed_queue_boxes,0.0,0.0
833,infeed_queue_boxes,0.0,0.0
834,infeed_queue_boxes,0.0,0.0
835,infeed_queue_boxes,1.0,2.0
836,infeed_queue_boxes,1.0,2.0
837,infeed_queue_boxes,0.0,0.0
838,infeed_queue_boxes,0.0,0.0
839,infeed_queue_boxes,1.0,2.0
840,infeed_queue_boxes,0.0,0.0
841,infeed_queue_boxes,0.0,0.0
842,infeed_queue_boxes,2.0,2.0
843,infeed_queue_boxes,0.0,0.0
844,infeed_queue_boxes,0.0,0.0
845,infeed_queue_boxes,0.0,0.0
846,infeed_queue_boxes,0.0,0.0
847,infeed_queue_boxes,1.0,2.0
848,infeed_queue_boxes,1.0,2.0
849,infeed_queue_boxes,0.0,0.0
850,infeed_queue_boxes,0.0,0.0
851,infeed_queue_boxes,1.0,2.0
852,infeed_queue_boxes,0.0,0.0
853,infeed_queue_boxes,0.0,0.0
854,infeed_queue_boxes,2.0,2.0
855,infeed_queue_boxes,0.0,0.0
856,infeed_queue_boxes,0.0,0.0
857,infeed_queue_boxes,0.0,0.0
858,infeed_queue_boxes,0.0,0.0
859,infeed_queue_boxes,1.0,2.0
860,infeed_queue_boxes,1.0,2.0
861,infeed_queue_boxes,0.0,0.0
862,infeed_queue_boxes,0.0,0.0
863,infeed_queue_boxes,1.0,2.0
864,infeed_queue_boxes,0.0,0.0
865,infeed_queue_boxes,0.0,0.0
866,infeed_queue_boxes,2.0,2.0
867,infeed_queue_boxes,0.0,0.0
868,infeed_queue_boxes,0.0,0.0
869,infeed_queue_boxes,0.0,0.0
870,infeed_queue_boxes,0.0,0.0
871,infeed_queue_boxes,1.0,2.0
872,infeed_queue_boxes,1.0,2.0
873,infeed_queue_boxes,0.0,0.0
874,infeed_queue_boxes,0.0,0.0
875,infeed_queue_boxes,1.0,2.0
876,infeed_queue_boxes,0.0,0.0
877,infeed_queue_boxes,0.0,0.0
878,infeed_queue_boxes,2.0,2.0
879,infeed_queue_boxes,0.0,0.0
880,infeed_queue_boxes,0.0,0.0
881,infeed_queue_boxes,0.0,0.0
882,infeed_queue_boxes,0.0,0.0
883,infeed_queue_boxes,1.0,2.0
884,infeed_queue_boxes,1.0,2.0
885,infeed_queue_boxes,0.0,0.0
886,infeed_queue_boxes,0.0,0.0
887,infeed_queue_boxes,1.0,2.0
888,infeed_queue_boxes,0.0,0.0
889,infeed_queue_boxes,0.0,0.0
890,infeed_queue_boxes,2.0,2.0
891,infeed_queue_boxes,0.0,0.0
892,infeed_queue_boxes,0.0,0.0
893,infeed_queue_boxes,0.0,0.0
894,infeed_queue_boxes,0.0,0.0
895,infeed_queue_boxes,1.0,2.0
896,infeed_queue_boxes,1.0,2.0
897,infeed_queue_boxes,0.0,0.0
898,infeed_queue_boxes,0.0,0.0
899,infeed_queue_boxes,1.0,2.0
900,infeed_queue_boxes,0.0,0.0
901,infeed_queue_boxes,0.0,0.0
902,infeed_queue_boxes,2.0,2.0
903,infeed_queue_boxes,0.0,0.0
904,infeed_queue_boxes,0.0,0.0
905,infeed_queue_boxes,0.0,0.0
906,infeed_queue_boxes,0.0,0.0
907,infeed_queue_boxes,1.0,2.0
908,infeed_queue_boxes,1.0,2.0
909,infeed_queue_boxes,0.0,0.0
910,infeed_queue_boxes,0.0,0.0
911,infeed_queue_boxes,1.0,2.0
912,infeed_queue_boxes,0.0,0.0
913,infeed_queue_boxes,0.0,0.0
914,infeed_queue_boxes,2.0,2.0
915,infeed_queue_boxes,0.0,0.0
916,infeed_queue_boxes,0.0,0.0
917,infeed_queue_boxes,0.0,0.0
918,infeed_queue_boxes,0.0,0.0
919,infeed_queue_boxes,1.0,2.0
920,infeed_queue_boxes,1.0,2.0
921,infeed_queue_boxes,0.0,0.0
922,infeed_queue_boxes,0.0,0.0
923,infeed_queue_boxes,1.0,2.0
924,infeed_queue_boxes,0.0,0.0
925,infeed_queue_boxes,0.0,0.0
926,infeed_queue_boxes,2.0,2.0
927,infeed_queue_boxes,0.0,0.0
928,infeed_queue_boxes,0.0,0.0
929,infeed_queue_boxes,0.0,0.0
930,infeed_queue_boxes,0.0,0.0
931,infeed_queue_boxes,1.0,2.0
932,infeed_queue_boxes,1.0,2.0
933,infeed_queue_boxes,0.0,0.0
934,infeed_queue_boxes,0.0,0.0
935,infeed_queue_boxes,1.0,2.0
936,infeed_queue_boxes,0.0,0.0
937,infeed_queue_boxes,0.0,0.0
938,infeed_queue_boxes,2.0,2.0
939,infeed_queue_boxes,0.0,0.0
940,infeed_queue_boxes,0.0,0.0
941,infeed_queue_boxes,0.0,0.0
942,infeed_queue_boxes,0.0,0.0
943,infeed_queue_boxes,1.0,2.0
944,infeed_queue_boxes,1.0,2.0
945,infeed_queue_boxes,0.0,0.0
946,infeed_queue_boxes,0.0,0.0
947,infeed_queue_boxes,1.0,2.0
948,infeed_queue_boxes,0.0,0.0
949,infeed_queue_boxes,0.0,0.0
950,infeed_queue_boxes,2.0,2.0
951,infeed_queue_boxes,0.0,0.0
952,infeed_queue_boxes,0.0,0.0
953,infeed_queue_boxes,0.0,0.0
954,infeed_queue_boxes,0.0,0.0
955,infeed_queue_boxes,1.0,2.0
956,infeed_queue_boxes,1.0,2.0
957,infeed_queue_boxes,0.0,0.0
958,infeed_queue_boxes,0.0,0.0
959,infeed_queue_boxes,1.0,2.0
960,infeed_queue_boxes,0.0,0.0
961,infeed_queue_boxes,0.0,0.0
962,infeed_queue_boxes,2.0,2.0
963,infeed_queue_boxes,0.0,0.0
964,infeed_queue_boxes,0.0,0.0
965,infeed_queue_boxes,0.0,0.0
966,infeed_queue_boxes,0.0,0.0
967,infeed_queue_boxes,1.0,2.0
968,infeed_queue_boxes,1.0,2.0
969,infeed_queue_boxes,0.0,0.0
970,infeed_queue_boxes,0.0,0.0
971,infeed_queue_boxes,1.0,2.0
972,infeed_queue_boxes,0.0,0.0
973,infeed_queue_boxes,0.0,0.0
974,infeed_queue_boxes,2.0,2.0
975,infeed_queue_boxes,0.0,0.0
976,infeed_queue_boxes,0.0,0.0
977,infeed_queue_boxes,0.0,0.0
978,infeed_queue_boxes,0.0,0.0
979,infeed_queue_boxes,1.0,2.0
980,infeed_queue_boxes,1.0,2.0
981,infeed_queue_boxes,0.0,0.0
982,infeed_queue_boxes,0.0,0.0
983,infeed_queue_boxes,1.0,2.0
984,infeed_queue_boxes,0.0,0.0
985,infeed_queue_boxes,0.0,0.0
986,infeed_queue_boxes,2.0,2.0
987,infeed_queue_boxes,0.0,0.0
988,infeed_queue_boxes,0.0,0.0
989,infeed_queue_boxes,0.0,0.0
990,infeed_queue_boxes,0.0,0.0
991,infeed_queue_boxes,1.0,2.0
992,infeed_queue_boxes,1.0,2.0
993,infeed_queue_boxes,0.0,0.0
994,infeed_queue_boxes,0.0,0.0
995,infeed_queue_boxes,1.0,2.0
996,infeed_queue_boxes,0.0,0.0
997,infeed_queue_boxes,0.0,0.0
998,infeed_queue_boxes,2.0,2.0
999,infeed_queue_boxes,0.0,0.0
1000,infeed_queue_boxes,0.0,0.0
1001,infeed_queue_boxes,0.0,0.0
1002,infeed_queue_boxes,0.0,0.0
1003,infeed_queue_boxes,1.0,2.0
1004,infeed_queue_boxes,1.0,2.0
1005,infeed_queue_boxes,0.0,0.0
1006,infeed_queue_boxes,0.0,0.0
1007,infeed_queue_boxes,1.0,2.0
1008,infeed_queue_boxes,0.0,0.0
1009,infeed_queue_boxes,0.0,0.0
1010,infeed_queue_boxes,2.0,2.0
1011,infeed_queue_boxes,0.0,0.0
1012,infeed_queue_boxes,0.0,0.0
1013,infeed_queue_boxes,0.0,0.0
1014,infeed_queue_boxes,0.0,0.0
1015,infeed_queue_boxes,1.0,2.0
1016,infeed_queue_boxes,1.0,2.0
1017,infeed_queue_boxes,0.0,0.0
1018,infeed_queue_boxes,0.0,0.0
1019,infeed_queue_boxes,1.0,2.0
1020,infeed_queue_boxes,0.0,0.0
1021,infeed_queue_boxes,0.0,0.0
1022,infeed_queue_boxes,2.0,2.0
1023,infeed_queue_boxes,0.0,0.0
1024,infeed_queue_boxes,0.0,0.0
1025,infeed_queue_boxes,0.0,0.0
1026,infeed_queue_boxes,0.0,0.0
1027,infeed_queue_boxes,1.0,2.0
1028,infeed_queue_boxes,1.0,2.0
1029,infeed_queue_boxes,0.0,0.0
1030,infeed_queue_boxes,0.0,0.0
1031,infeed_queue_boxes,1.0,2.0
1032,infeed_queue_boxes,0.0,0.0
1033,infeed_queue_boxes,0.0,0.0
1034,infeed_queue_boxes,2.0,2.0
1035,infeed_queue_boxes,0.0,0.0
1036,infeed_queue_boxes,0.0,0.0
1037,infeed_queue_boxes,0.0,0.0
1038,infeed_queue_boxes,0.0,0.0
1039,infeed_queue_boxes,1.0,2.0
1040,infeed_queue_boxes,1.0,2.0
1041,infeed_queue_boxes,0.0,0.0
1042,infeed_queue_boxes,0.0,0.0
1043,infeed_queue_boxes,1.0,2.0
1044,infeed_queue_boxes,0.0,0.0
1045,infeed_queue_boxes,0.0,0.0
1046,infeed_queue_boxes,2.0,2.0
1047,infeed_queue_boxes,0.0,0.0
1048,infeed_queue_boxes,0.0,0.0
1049,infeed_queue_boxes,0.0,0.0
1050,infeed_queue_boxes,0.0,0.0
1051,infeed_queue_boxes,1.0,2.0
1052,infeed_queue_boxes,1.0,2.0
1053,infeed_queue_boxes,0.0,0.0
1054,infeed_queue_boxes,0.0,0.0
1055,infeed_queue_boxes,1.0,2.0
1056,infeed_queue_boxes,0.0,0.0
1057,infeed_queue_boxes,0.0,0.0
1058,infeed_queue_boxes,2.0,2.0
1059,infeed_queue_boxes,0.0,0.0
1060,infeed_queue_boxes,0.0,0.0
1061,infeed_queue_boxes,0.0,0.0
1062,infeed_queue_boxes,0.0,0.0
1063,infeed_queue_boxes,1.0,2.0
1064,infeed_queue_boxes,1.0,2.0
1065,infeed_queue_boxes,0.0,0.0
1066,infeed_queue_boxes,0.0,0.0
1067,infeed_queue_boxes,1.0,2.0
1068,infeed_queue_boxes,0.0,0.0
1069,infeed_queue_boxes,0.0,0.0
1070,infeed_queue_boxes,2.0,2.0
1071,infeed_queue_boxes,0.0,0.0
1072,infeed_queue_boxes,0.0,0.0
1073,infeed_queue_boxes,0.0,0.0
1074,infeed_queue_boxes,0.0,0.0
1075,infeed_queue_boxes,1.0,2.0
1076,infeed_queue_boxes,1.0,2.0
1077,infeed_queue_boxes,0.0,0.0
1078,infeed_queue_boxes,0.0,0.0
1079,infeed_queue_boxes,1.0,2.0
1080,infeed_queue_boxes,0.0,0.0
1081,infeed_queue_boxes,0.0,0.0
1082,infeed_queue_boxes,2.0,2.0
1083,infeed_queue_boxes,0.0,0.0
1084,infeed_queue_boxes,0.0,0.0
1085,infeed_queue_boxes,0.0,0.0
1086,infeed_queue_boxes,0.0,0.0
1087,infeed_queue_boxes,1.0,2.0
1088,infeed_queue_boxes,1.0,2.0
1089,infeed_queue_boxes,0.0,0.0
1090,infeed_queue_boxes,0.0,0.0
1091,infeed_queue_boxes,1.0,2.0
1092,infeed_queue_boxes,0.0,0.0
1093,infeed_queue_boxes,0.0,0.0
1094,infeed_queue_boxes,2.0,2.0
1095,infeed_queue_boxes,0.0,0.0
1096,infeed_queue_boxes,0.0,0.0
1097,infeed_queue_boxes,0.0,0.0
1098,infeed_queue_boxes,0.0,0.0
1099,infeed_queue_boxes,1.0,2.0
1100,infeed_queue_boxes,1.0,2.0
1101,infeed_queue_boxes,0.0,0.0
1102,infeed_queue_boxes,0.0,0.0
1103,infeed_queue_boxes,1.0,2.0
1104,infeed_queue_boxes,0.0,0.0
1105,infeed_queue_boxes,0.0,0.0
1106,infeed_queue_boxes,2.0,2.0
1107,infeed_queue_boxes,0.0,0.0
1108,infeed_queue_boxes,0.0,0.0
1109,infeed_queue_boxes,0.0,0.0
1110,infeed_queue_boxes,0.0,0.0
1111,infeed_queue_boxes,1.0,2.0
1112,infeed_queue_boxes,1.0,2.0
1113,infeed_queue_boxes,0.0,0.0
1114,infeed_queue_boxes,0.0,0.0
1115,infeed_queue_boxes,1.0,2.0
1116,infeed_queue_boxes,0.0,0.0
1117,infeed_queue_boxes,0.0,0.0
1118,infeed_queue_boxes,2.0,2.0
1119,infeed_queue_boxes,0.0,0.0
1120,infeed_queue_boxes,0.0,0.0
1121,infeed_queue_boxes,0.0,0.0
1122,infeed_queue_boxes,0.0,0.0
1123,infeed_queue_boxes,1.0,2.0
1124,infeed_queue_boxes,1.0,2.0
1125,infeed_queue_boxes,0.0,0.0
1126,infeed_queue_boxes,0.0,0.0
1127,infeed_queue_boxes,1.0,2.0
1128,infeed_queue_boxes,0.0,0.0
1129,infeed_queue_boxes,0.0,0.0
1130,infeed_queue_boxes,2.0,2.0
1131,infeed_queue_boxes,0.0,0.0
1132,infeed_queue_boxes,0.0,0.0
1133,infeed_queue_boxes,0.0,0.0
1134,infeed_queue_boxes,0.0,0.0
1135,infeed_queue_boxes,1.0,2.0
1136,infeed_queue_boxes,1.0,2.0
1137,infeed_queue_boxes,0.0,0.0
1138,infeed_queue_boxes,0.0,0.0
1139,infeed_queue_boxes,1.0,2.0
1140,infeed_queue_boxes,0.0,0.0
1141,infeed_queue_boxes,0.0,0.0
1142,infeed_queue_boxes,2.0,2.0
1143,infeed_queue_boxes,0.0,0.0
1144,infeed_queue_boxes,0.0,0.0
1145,infeed_queue_boxes,0.0,0.0
1146,infeed_queue_boxes,0.0,0.0
1147,infeed_queue_boxes,1.0,2.0
1148,infeed_queue_boxes,1.0,2.0
1149,infeed_queue_boxes,0.0,0.0
1150,infeed_queue_boxes,0.0,0.0
1151,infeed_queue_boxes,1.0,2.0
1152,infeed_queue_boxes,0.0,0.0
1153,infeed_queue_boxes,0.0,0.0
1154,infeed_queue_boxes,2.0,2.0
1155,infeed_queue_boxes,0.0,0.0
1156,infeed_queue_boxes,0.0,0.0
1157,infeed_queue_boxes,0.0,0.0
1158,infeed_queue_boxes,0.0,0.0
1159,infeed_queue_boxes,1.0,2.0
1160,infeed_queue_boxes,1.0,2.0
1161,infeed_queue_boxes,0.0,0.0
1162,infeed_queue_boxes,0.0,0.0
1163,infeed_queue_boxes,1.0,2.0
1164,infeed_queue_boxes,0.0,0.0
1165,infeed_queue_boxes,0.0,0.0
1166,infeed_queue_boxes,2.0,2.0
1167,infeed_queue_boxes,0.0,0.0
1168,infeed_queue_boxes,0.0,0.0
1169,infeed_queue_boxes,0.0,0.0
1170,infeed_queue_boxes,0.0,0.0
1171,infeed_queue_boxes,1.0,2.0
1172,infeed_queue_boxes,1.0,2.0
1173,infeed_queue_boxes,0.0,0.0
1174,infeed_queue_boxes,0.0,0.0
1175,infeed_queue_boxes,1.0,2.0
1176,infeed_queue_boxes,0.0,0.0
1177,infeed_queue_boxes,0.0,0.0
1178,infeed_queue_boxes,2.0,2.0
1179,infeed_queue_boxes,0.0,0.0
1180,infeed_queue_boxes,1.0,2.0
1181,infeed_queue_boxes,0.0,0.0
1182,infeed_queue_boxes,0.0,0.0
1183,infeed_queue_boxes,1.0,2.0
1184,infeed_queue_boxes,1.0,2.0
1185,infeed_queue_boxes,0.0,0.0
1186,infeed_queue_boxes,0.0,0.0
1187,infeed_queue_boxes,1.0,2.0
1188,infeed_queue_boxes,0.0,0.0
1189,infeed_queue_boxes,0.0,0.0
1190,infeed_queue_boxes,2.0,2.0
1191,infeed_queue_boxes,0.0,0.0
1192,infeed_queue_boxes,1.0,2.0
1193,infeed_queue_boxes,0.0,0.0
1194,infeed_queue_boxes,0.0,0.0
1195,infeed_queue_boxes,1.0,2.0
1196,infeed_queue_boxes,1.0,2.0
1197,infeed_queue_boxes,0.0,0.0
1198,infeed_queue_boxes,0.0,0.0
1199,infeed_queue_boxes,1.0,2.0
1200,infeed_queue_boxes,0.0,0.0
1201,infeed_queue_boxes,0.0,0.0
1202,infeed_queue_boxes,2.0,2.0
1203,infeed_queue_boxes,0.0,0.0
1204,infeed_queue_boxes,1.0,2.0
1205,infeed_queue_boxes,0.0,0.0
1206,infeed_queue_boxes,0.0,0.0
1207,infeed_queue_boxes,1.0,2.0
1208,infeed_queue_boxes,1.0,2.0
1209,infeed_queue_boxes,0.0,0.0
1210,infeed_queue_boxes,0.0,0.0
1211,infeed_queue_boxes,1.0,2.0
1212,infeed_queue_boxes,0.0,0.0
1213,infeed_queue_boxes,0.0,0.0
1214,infeed_queue_boxes,2.0,2.0
1215,infeed_queue_boxes,0.0,0.0
1216,infeed_queue_boxes,1.0,2.0
1217,infeed_queue_boxes,0.0,0.0
1218,infeed_queue_boxes,0.0,0.0
1219,infeed_queue_boxes,1.0,2.0
1220,infeed_queue_boxes,1.0,2.0
1221,infeed_queue_boxes,0.0,0.0
1222,infeed_queue_boxes,0.0,0.0
1223,infeed_queue_boxes,1.0,2.0
1224,infeed_queue_boxes,0.0,0.0
1225,infeed_queue_boxes,0.0,0.0
1226,infeed_queue_boxes,2.0,2.0
1227,infeed_queue_boxes,0.0,0.0
1228,infeed_queue_boxes,1.0,2.0
1229,infeed_queue_boxes,0.0,0.0
1230,infeed_queue_boxes,0.0,0.0
1231,infeed_queue_boxes,1.0,2.0
1232,infeed_queue_boxes,1.0,2.0
1233,infeed_queue_boxes,0.0,0.0
1234,infeed_queue_boxes,0.0,0.0
1235,infeed_queue_boxes,1.0,2.0
1236,infeed_queue_boxes,0.0,0.0
1237,infeed_queue_boxes,0.0,0.0
1238,infeed_queue_boxes,2.0,2.0
1239,infeed_queue_boxes,0.0,0.0
1240,infeed_queue_boxes,1.0,2.0
1241,infeed_queue_boxes,0.0,0.0
1242,infeed_queue_boxes,0.0,0.0
1243,infeed_queue_boxes,1.0,2.0
1244,infeed_queue_boxes,1.0,2.0
1245,infeed_queue_boxes,0.0,0.0
1246,infeed_queue_boxes,0.0,0.0
1247,infeed_queue_boxes,1.0,2.0
1248,infeed_queue_boxes,0.0,0.0
1249,infeed_queue_boxes,0.0,0.0
1250,infeed_queue_boxes,2.0,2.0
1251,infeed_queue_boxes,0.0,0.0
1252,infeed_queue_boxes,1.0,2.0
1253,infeed_queue_boxes,0.0,0.0
1254,infeed_queue_boxes,0.0,0.0
1255,infeed_queue_boxes,1.0,2.0
1256,infeed_queue_boxes,1.0,2.0
1257,infeed_queue_boxes,0.0,0.0
1258,infeed_queue_boxes,0.0,0.0
1259,infeed_queue_boxes,1.0,2.0
1260,infeed_queue_boxes,0.0,0.0
1261,infeed_queue_boxes,0.0,0.0
1262,infeed_queue_boxes,2.0,2.0
1263,infeed_queue_boxes,0.0,0.0
1264,infeed_queue_boxes,1.0,2.0
1265,infeed_queue_boxes,0.0,0.0
1266,infeed_queue_boxes,0.0,0.0
1267,infeed_queue_boxes,1.0,2.0
1268,infeed_queue_boxes,1.0,2.0
1269,infeed_queue_boxes,0.0,0.0
1270,infeed_queue_boxes,0.0,0.0
1271,infeed_queue_boxes,1.0,2.0
1272,infeed_queue_boxes,0.0,0.0
1273,infeed_queue_boxes,0.0,0.0
1274,infeed_queue_boxes,2.0,2.0
1275,infeed_queue_boxes,0.0,0.0
1276,infeed_queue_boxes,1.0,2.0
1277,infeed_queue_boxes,0.0,0.0
1278,infeed_queue_boxes,0.0,0.0
1279,infeed_queue_boxes,1.0,2.0
1280,infeed_queue_boxes,1.0,2.0
1281,infeed_queue_boxes,0.0,0.0
1282,infeed_queue_boxes,0.0,0.0
1283,infeed_queue_boxes,1.0,2.0
1284,infeed_queue_boxes,0.0,0.0
1285,infeed_queue_boxes,0.0,0.0
1286,infeed_queue_boxes,2.0,2.0
1287,infeed_queue_boxes,0.0,0.0
1288,infeed_queue_boxes,1.0,2.0
1289,infeed_queue_boxes,0.0,0.0
1290,infeed_queue_boxes,0.0,0.0
1291,infeed_queue_boxes,1.0,2.0
1292,infeed_queue_boxes,1.0,2.0
1293,infeed_queue_boxes,0.0,0.0
1294,infeed_queue_boxes,0.0,0.0
1295,infeed_queue_boxes,1.0,2.0
1296,infeed_queue_boxes,0.0,0.0
1297,infeed_queue_boxes,0.0,0.0
1298,infeed_queue_boxes,2.0,2.0
1299,infeed_queue_boxes,0.0,0.0
1300,infeed_queue_boxes,1.0,2.0
1301,infeed_queue_boxes,0.0,0.0
1302,infeed_queue_boxes,0.0,0.0
1303,infeed_queue_boxes,1.0,2.0
1304,infeed_queue_boxes,1.0,2.0
1305,infeed_queue_boxes,0.0,0.0
1306,infeed_queue_boxes,0.0,0.0
1307,infeed_queue_boxes,1.0,2.0
1308,infeed_queue_boxes,0.0,0.0
1309,infeed_queue_boxes,0.0,0.0
1310,infeed_queue_boxes,2.0,2.0
1311,infeed_queue_boxes,0.0,0.0
1312,infeed_queue_boxes,1.0,2.0
1313,infeed_queue_boxes,0.0,0.0
1314,infeed_queue_boxes,0.0,0.0
1315,infeed_queue_boxes,1.0,2.0
1316,infeed_queue_boxes,1.0,2.0
1317,infeed_queue_boxes,0.0,0.0
1318,infeed_queue_boxes,0.0,0.0
1319,infeed_queue_boxes,1.0,2.0
1320,infeed_queue_boxes,0.0,0.0
1321,infeed_queue_boxes,0.0,0.0
1322,infeed_queue_boxes,2.0,2.0
1323,infeed_queue_boxes,0.0,0.0
1324,infeed_queue_boxes,1.0,2.0
1325,infeed_queue_boxes,0.0,0.0
1326,infeed_queue_boxes,0.0,0.0
1327,infeed_queue_boxes,1.0,2.0
1328,infeed_queue_boxes,1.0,2.0
1329,infeed_queue_boxes,0.0,0.0
1330,infeed_queue_boxes,0.0,0.0
1331,infeed_queue_boxes,1.0,2.0
1332,infeed_queue_boxes,0.0,0.0
1333,infeed_queue_boxes,0.0,0.0
1334,infeed_queue_boxes,2.0,2.0
1335,infeed_queue_boxes,0.0,0.0
1336,infeed_queue_boxes,1.0,2.0
1337,infeed_queue_boxes,0.0,0.0
1338,infeed_queue_boxes,0.0,0.0
1339,infeed_queue_boxes,1.0,2.0
1340,infeed_queue_boxes,1.0,2.0
1341,infeed_queue_boxes,0.0,0.0
1342,infeed_queue_boxes,0.0,0.0
1343,infeed_queue_boxes,1.0,2.0
1344,infeed_queue_boxes,0.0,0.0
1345,infeed_queue_boxes,0.0,0.0
1346,infeed_queue_boxes,2.0,2.0
1347,infeed_queue_boxes,0.0,0.0
1348,infeed_queue_boxes,1.0,2.0
1349,infeed_queue_boxes,0.0,0.0
1350,infeed_queue_boxes,0.0,0.0
1351,infeed_queue_boxes,1.0,2.0
1352,infeed_queue_boxes,1.0,2.0
1353,infeed_queue_boxes,0.0,0.0
1354,infeed_queue_boxes,0.0,0.0
1355,infeed_queue_boxes,1.0,2.0
1356,infeed_queue_boxes,0.0,0.0
1357,infeed_queue_boxes,0.0,0.0
1358,infeed_queue_boxes,2.0,2.0
1359,infeed_queue_boxes,0.0,0.0
1360,infeed_queue_boxes,1.0,2.0
1361,infeed_queue_boxes,0.0,0.0
1362,infeed_queue_boxes,0.0,0.0
1363,infeed_queue_boxes,1.0,2.0
1364,infeed_queue_boxes,1.0,2.0
1365,infeed_queue_boxes,0.0,0.0
1366,infeed_queue_boxes,0.0,0.0
1367,infeed_queue_boxes,1.0,2.0
1368,infeed_queue_boxes,0.0,0.0
1369,infeed_queue_boxes,0.0,0.0
1370,infeed_queue_boxes,2.0,2.0
1371,infeed_queue_boxes,0.0,0.0
1372,infeed_queue_boxes,1.0,2.0
1373,infeed_queue_boxes,0.0,0.0
1374,infeed_queue_boxes,0.0,0.0
1375,infeed_queue_boxes,1.0,2.0
1376,infeed_queue_boxes,1.0,2.0
1377,infeed_queue_boxes,0.0,0.0
1378,infeed_queue_boxes,0.0,0.0
1379,infeed_queue_boxes,1.0,2.0
1380,infeed_queue_boxes,0.0,0.0
1381,infeed_queue_boxes,0.0,0.0
1382,infeed_queue_boxes,2.0,2.0
1383,infeed_queue_boxes,0.0,0.0
1384,infeed_queue_boxes,1.0,2.0
1385,infeed_queue_boxes,0.0,0.0
1386,infeed_queue_boxes,0.0,0.0
1387,infeed_queue_boxes,1.0,2.0
1388,infeed_queue_boxes,1.0,2.0
1389,infeed_queue_boxes,0.0,0.0
1390,infeed_queue_boxes,0.0,0.0
1391,infeed_queue_boxes,1.0,2.0
1392,infeed_queue_boxes,0.0,0.0
1393,infeed_queue_boxes,0.0,0.0
1394,infeed_queue_boxes,2.0,2.0
1395,infeed_queue_boxes,0.0,0.0
1396,infeed_queue_boxes,1.0,2.0
1397,infeed_queue_boxes,0.0,0.0
1398,infeed_queue_boxes,0.0,0.0
1399,infeed_queue_boxes,1.0,2.0
1400,infeed_queue_boxes,1.0,2.0
1401,infeed_queue_boxes,0.0,0.0
1402,infeed_queue_boxes,0.0,0.0
1403,infeed_queue_boxes,1.0,2.0
1404,infeed_queue_boxes,0.0,0.0
1405,infeed_queue_boxes,0.0,0.0
1406,infeed_queue_boxes,2.0,2.0
1407,infeed_queue_boxes,0.0,0.0
1408,infeed_queue_boxes,1.0,2.0
1409,infeed_queue_boxes,0.0,0.0
1410,infeed_queue_boxes,0.0,0.0
1411,infeed_queue_boxes,1.0,2.0
1412,infeed_queue_boxes,1.0,2.0
1413,infeed_queue_boxes,0.0,0.0
1414,infeed_queue_boxes,0.0,0.0
1415,infeed_queue_boxes,1.0,2.0
1416,infeed_queue_boxes,0.0,0.0
1417,infeed_queue_boxes,0.0,0.0
1418,infeed_queue_boxes,2.0,2.0
1419,infeed_queue_boxes,0.0,0.0
1420,infeed_queue_boxes,1.0,2.0
1421,infeed_queue_boxes,0.0,0.0
1422,infeed_queue_boxes,0.0,0.0
1423,infeed_queue_boxes,1.0,2.0
1424,infeed_queue_boxes,1.0,2.0
1425,infeed_queue_boxes,0.0,0.0
1426,infeed_queue_boxes,0.0,0.0
1427,infeed_queue_boxes,1.0,2.0
1428,infeed_queue_boxes,0.0,0.0
1429,infeed_queue_boxes,0.0,0.0
1430,infeed_queue_boxes,2.0,2.0
1431,infeed_queue_boxes,0.0,0.0
1432,infeed_queue_boxes,1.0,2.0
1433,infeed_queue_boxes,0.0,0.0
1434,infeed_queue_boxes,0.0,0.0
1435,infeed_queue_boxes,1.0,2.0
1436,infeed_queue_boxes,1.0,2.0
1437,infeed_queue_boxes,0.0,0.0
1438,infeed_queue_boxes,0.0,0.0
1439,infeed_queue_boxes,1.0,2.0
0,nonsort_batches,0.0,0.0
1,nonsort_batches,0.0,0.0
2,nonsort_batches,0.0,0.0
3,nonsort_batches,0.0,0.0
4,nonsort_batches,0.0,0.0
5,nonsort_batches,2.5,5.0
6,nonsort_batches,5.5,7.0
7,nonsort_batches,7.0,9.0
8,nonsort_batches,5.5,10.0
9,nonsort_batches,10.5,12.0
10,nonsort_batches,7.0,9.0
11,nonsort_batches,4.0,8.0
12,nonsort_batches,0.0,0.0
13,nonsort_batches,1.0,2.0
14,nonsort_batches,0.0,0.0
15,nonsort_batches,0.0,0.0
16,nonsort_batches,0.5,1.0
17,nonsort_batches,0.0,0.0
18,nonsort_batches,0.0,0.0
19,nonsort_batches,0.0,0.0
20,nonsort_batches,1.5,3.0
21,nonsort_batches,2.5,3.0
22,nonsort_batches,0.0,0.0
23,nonsort_batches,0.0,0.0
24,nonsort_batches,1.0,2.0
25,nonsort_batches,0.0,0.0
26,nonsort_batches,0.0,0.0
27,nonsort_batches,0.0,0.0
28,nonsort_batches,0.0,0.0
29,nonsort_batches,1.0,2.0
30,nonsort_batches,0.0,0.0
31,nonsort_batches,2.5,5.0
32,nonsort_batches,0.0,0.0
33,nonsort_batches,1.5,3.0
34,nonsort_batches,1.0,2.0
35,nonsort_batches,0.0,0.0
36,nonsort_batches,2.5,5.0
37,nonsort_batches,7.5,8.0
38,nonsort_batches,0.0,0.0
39,nonsort_batches,0.0,0.0
40,nonsort_batches,0.5,1.0
41,nonsort_batches,2.5,4.0
42,nonsort_batches,0.5,1.0
43,nonsort_batches,0.5,1.0
44,nonsort_batches,0.0,0.0
45,nonsort_batches,0.0,0.0
46,nonsort_batches,0.5,1.0
47,nonsort_batches,0.0,0.0
48,nonsort_batches,0.0,0.0
49,nonsort_batches,3.0,6.0
50,nonsort_batches,1.0,2.0
51,nonsort_batches,1.5,2.0
52,nonsort_batches,0.0,0.0
53,nonsort_batches,0.5,1.0
54,nonsort_batches,0.5,1.0
55,nonsort_batches,0.0,0.0
56,nonsort_batches,4.0,4.0
57,nonsort_batches,2.5,4.0
58,nonsort_batches,5.0,5.0
59,nonsort_batches,0.0,0.0
60,nonsort_batches,0.0,0.0
61,nonsort_batches,1.0,2.0
62,nonsort_batches,0.5,1.0
63,nonsort_batches,1.5,3.0
64,nonsort_batches,5.0,6.0
65,nonsort_batches,0.5,1.0
66,nonsort_batches,2.0,4.0
67,nonsort_batches,0.0,0.0
68,nonsort_batches,0.0,0.0
69,nonsort_batches,1.0,2.0
70,nonsort_batches,7.0,10.0
71,nonsort_batches,1.5,3.0
72,nonsort_batches,2.0,4.0
73,nonsort_batches,0.0,0.0
74,nonsort_batches,0.0,0.0
75,nonsort_batches,0.0,0.0
76,nonsort_batches,0.0,0.0
77,nonsort_batches,1.0,2.0
78,nonsort_batches,0.0,0.0
79,nonsort_batches,0.5,1.0
80,nonsort_batches,2.5,3.0
81,nonsort_batches,6.5,8.0
82,nonsort_batches,3.5,5.0
83,nonsort_batches,0.5,1.0
84,nonsort_batches,0.0,0.0
85,nonsort_batches,0.0,0.0
86,nonsort_batches,0.5,1.0
87,nonsort_batches,0.0,0.0
88,nonsort_batches,1.5,3.0
89,nonsort_batches,3.5,7.0
90,nonsort_batches,0.0,0.0
91,nonsort_batches,1.5,3.0
92,nonsort_batches,4.0,5.0
93,nonsort_batches,6.0,9.0
94,nonsort_batches,11.0,12.0
95,nonsort_batches,11.5,12.0
96,nonsort_batches,11.0,13.0
97,nonsort_batches,5.0,7.0
98,nonsort_batches,1.5,3.0
99,nonsort_batches,0.0,0.0
100,nonsort_batches,0.0,0.0
101,nonsort_batches,0.0,0.0
102,nonsort_batches,5.5,9.0
103,nonsort_batches,5.0,9.0
104,nonsort_batches,0.0,0.0
105,nonsort_batches,0.0,0.0
106,nonsort_batches,2.0,2.0
107,nonsort_batches,0.0,0.0
108,nonsort_batches,0.0,0.0
109,nonsort_batches,0.0,0.0
110,nonsort_batches,0.0,0.0
111,nonsort_batches,0.0,0.0
112,nonsort_batches,0.0,0.0
113,nonsort_batches,1.5,3.0
114,nonsort_batches,2.0,2.0
115,nonsort_batches,0.0,0.0
116,nonsort_batches,0.0,0.0
117,nonsort_batches,1.0,2.0
118,nonsort_batches,3.0,5.0
119,nonsort_batches,0.0,0.0
120,nonsort_batches,0.0,0.0
121,nonsort_batches,1.0,2.0
122,nonsort_batches,0.0,0.0
123,nonsort_batches,0.0,0.0
124,nonsort_batches,0.0,0.0
125,nonsort_batches,0.5,1.0
126,nonsort_batches,0.0,0.0
127,nonsort_batches,0.0,0.0
128,nonsort_batches,0.0,0.0
129,nonsort_batches,0.0,0.0
130,nonsort_batches,1.0,2.0
131,nonsort_batches,0.5,1.0
132,nonsort_batches,1.5,3.0
133,nonsort_batches,0.5,1.0
134,nonsort_batches,0.0,0.0
135,nonsort_batches,1.0,2.0
136,nonsort_batches,0.5,1.0
137,nonsort_batches,1.5,3.0
138,nonsort_batches,0.0,0.0
139,nonsort_batches,0.5,1.0
140,nonsort_batches,0.0,0.0
141,nonsort_batches,1.5,2.0
142,nonsort_batches,0.0,0.0
143,nonsort_batches,0.0,0.0
144,nonsort_batches,4.0,7.0
145,nonsort_batches,2.0,3.0
146,nonsort_batches,0.0,0.0
147,nonsort_batches,0.0,0.0
148,nonsort_batches,0.0,0.0
149,nonsort_batches,0.5,1.0
150,nonsort_batches,0.0,0.0
151,nonsort_batches,0.5,1.0
152,nonsort_batches,0.0,0.0
153,nonsort_batches,0.0,0.0
154,nonsort_batches,4.5,6.0
155,nonsort_batches,3.5,5.0
156,nonsort_batches,1.0,2.0
157,nonsort_batches,0.0,0.0
158,nonsort_batches,0.0,0.0
159,nonsort_batches,0.0,0.0
160,nonsort_batches,0.0,0.0
161,nonsort_batches,0.5,1.0
162,nonsort_batches,0.0,0.0
163,nonsort_batches,0.5,1.0
164,nonsort_batches,0.0,0.0
165,nonsort_batches,0.0,0.0
166,nonsort_batches,3.5,7.0
167,nonsort_batches,7.0,9.0
168,nonsort_batches,10.5,11.0
169,nonsort_batches,13.0,13.0
170,nonsort_batches,13.5,14.0
171,nonsort_batches,2.0,4.0
172,nonsort_batches,2.0,3.0
173,nonsort_batches,3.0,3.0
174,nonsort_batches,0.0,0.0
175,nonsort_batches,0.5,1.0
176,nonsort_batches,1.5,3.0
177,nonsort_batches,0.0,0.0
178,nonsort_batches,0.0,0.0
179,nonsort_batches,0.5,1.0
180,nonsort_batches,0.5,1.0
181,nonsort_batches,3.0,3.0
182,nonsort_batches,0.0,0.0
183,nonsort_batches,0.5,1.0
184,nonsort_batches,0.0,0.0
185,nonsort_batches,0.0,0.0
186,nonsort_batches,0.5,1.0
187,nonsort_batches,1.5,3.0
188,nonsort_batches,0.0,0.0
189,nonsort_batches,0.5,1.0
190,nonsort_batches,0.0,0.0
191,nonsort_batches,0.0,0.0
192,nonsort_batches,0.0,0.0
193,nonsort_batches,2.0,4.0
194,nonsort_batches,0.0,0.0
195,nonsort_batches,0.0,0.0
196,nonsort_batches,5.0,6.0
197,nonsort_batches,3.5,5.0
198,nonsort_batches,4.5,5.0
199,nonsort_batches,1.5,3.0
200,nonsort_batches,0.0,0.0
201,nonsort_batches,4.5,6.0
202,nonsort_batches,0.0,0.0
203,nonsort_batches,0.0,0.0
204,nonsort_batches,0.0,0.0
205,nonsort_batches,0.0,0.0
206,nonsort_batches,1.5,3.0
207,nonsort_batches,1.0,1.0
208,nonsort_batches,2.5,5.0
209,nonsort_batches,0.0,0.0
210,nonsort_batches,1.5,3.0
211,nonsort_batches,0.5,1.0
212,nonsort_batches,0.0,0.0
213,nonsort_batches,0.0,0.0
214,nonsort_batches,5.5,7.0
215,nonsort_batches,5.5,6.0
216,nonsort_batches,1.0,2.0
217,nonsort_batches,1.0,2.0
218,nonsort_batches,0.5,1.0
219,nonsort_batches,0.0,0.0
220,nonsort_batches,1.0,2.0
221,nonsort_batches,5.0,9.0
222,nonsort_batches,3.5,6.0
223,nonsort_batches,0.0,0.0
224,nonsort_batches,0.5,1.0
225,nonsort_batches,2.0,4.0
226,nonsort_batches,0.0,0.0
227,nonsort_batches,0.0,0.0
228,nonsort_batches,0.0,0.0
229,nonsort_batches,1.5,2.0
230,nonsort_batches,1.0,2.0
231,nonsort_batches,0.0,0.0
232,nonsort_batches,2.5,4.0
233,nonsort_batches,1.5,2.0
234,nonsort_batches,6.0,6.0
235,nonsort_batches,5.0,6.0
236,nonsort_batches,5.5,7.0
237,nonsort_batches,3.0,3.0
238,nonsort_batches,1.0,2.0
239,nonsort_batches,0.0,0.0
240,nonsort_batches,0.5,1.0
241,nonsort_batches,6.5,7.0
242,nonsort_batches,2.0,2.0
243,nonsort_batches,6.5,8.0
244,nonsort_batches,6.0,8.0
245,nonsort_batches,0.5,1.0
246,nonsort_batches,0.0,0.0
247,nonsort_batches,0.0,0.0
248,nonsort_batches,0.0,0.0
249,nonsort_batches,0.0,0.0
250,nonsort_batches,3.5,4.0
251,nonsort_batches,0.0,0.0
252,nonsort_batches,1.5,2.0
253,nonsort_batches,0.0,0.0
254,nonsort_batches,0.0,0.0
255,nonsort_batches,0.0,0.0
256,nonsort_batches,0.5,1.0
257,nonsort_batches,1.0,2.0
258,nonsort_batches,0.0,0.0
259,nonsort_batches,0.0,0.0
260,nonsort_batches,0.0,0.0
261,nonsort_batches,0.0,0.0
262,nonsort_batches,0.0,0.0
263,nonsort_batches,0.0,0.0
264,nonsort_batches,0.0,0.0
265,nonsort_batches,1.0,2.0
266,nonsort_batches,5.0,5.0
267,nonsort_batches,5.5,7.0
268,nonsort_batches,0.0,0.0
269,nonsort_batches,2.0,4.0
270,nonsort_batches,0.0,0.0
271,nonsort_batches,0.0,0.0
272,nonsort_batches,1.0,2.0
273,nonsort_batches,0.0,0.0
274,nonsort_batches,0.5,1.0
275,nonsort_batches,0.0,0.0
276,nonsort_batches,0.0,0.0
277,nonsort_batches,1.0,2.0
278,nonsort_batches,0.5,1.0
279,nonsort_batches,0.0,0.0
280,nonsort_batches,2.5,3.0
281,nonsort_batches,3.0,3.0
282,nonsort_batches,0.0,0.0
283,nonsort_batches,0.0,0.0
284,nonsort_batches,0.0,0.0
285,nonsort_batches,2.5,3.0
286,nonsort_batches,2.5,5.0
287,nonsort_batches,0.0,0.0
288,nonsort_batches,0.5,1.0
289,nonsort_batches,0.0,0.0
290,nonsort_batches,0.0,0.0
291,nonsort_batches,0.0,0.0
292,nonsort_batches,0.0,0.0
293,nonsort_batches,1.5,3.0
294,nonsort_batches,0.5,1.0
295,nonsort_batches,0.0,0.0
296,nonsort_batches,1.0,2.0
297,nonsort_batches,0.5,1.0
298,nonsort_batches,1.0,2.0
299,nonsort_batches,2.0,4.0
300,nonsort_batches,3.0,6.0
301,nonsort_batches,0.0,0.0
302,nonsort_batches,0.0,0.0
303,nonsort_batches,1.0,2.0
304,nonsort_batches,6.5,8.0
305,nonsort_batches,13.5,16.0
306,nonsort_batches,11.5,12.0
307,nonsort_batches,1.5,2.0
308,nonsort_batches,1.5,3.0
309,nonsort_batches,2.0,4.0
310,nonsort_batches,0.0,0.0
311,nonsort_batches,1.0,2.0
312,nonsort_batches,0.0,0.0
313,nonsort_batches,0.0,0.0
314,nonsort_batches,0.0,0.0
315,nonsort_batches,1.5,3.0
316,nonsort_batches,0.0,0.0
317,nonsort_batches,0.0,0.0
318,nonsort_batches,0.5,1.0
319,nonsort_batches,0.0,0.0
320,nonsort_batches,0.0,0.0
321,nonsort_batches,0.0,0.0
322,nonsort_batches,0.0,0.0
323,nonsort_batches,0.0,0.0
324,nonsort_batches,1.0,1.0
325,nonsort_batches,4.0,8.0
326,nonsort_batches,0.0,0.0
327,nonsort_batches,1.5,3.0
328,nonsort_batches,2.5,3.0
329,nonsort_batches,10.5,13.0
330,nonsort_batches,20.0,22.0
331,nonsort_batches,12.0,17.0
332,nonsort_batches,5.0,5.0
333,nonsort_batches,6.0,7.0
334,nonsort_batches,5.5,6.0
335,nonsort_batches,0.0,0.0
336,nonsort_batches,2.0,4.0
337,nonsort_batches,0.0,0.0
338,nonsort_batches,0.0,0.0
339,nonsort_batches,0.0,0.0
340,nonsort_batches,0.0,0.0
341,nonsort_batches,0.5,1.0
342,nonsort_batches,1.5,3.0
343,nonsort_batches,0.0,0.0
344,nonsort_batches,0.0,0.0
345,nonsort_batches,4.5,6.0
346,nonsort_batches,5.0,6.0
347,nonsort_batches,0.0,0.0
348,nonsort_batches,0.0,0.0
349,nonsort_batches,0.0,0.0
350,nonsort_batches,0.0,0.0
351,nonsort_batches,0.0,0.0
352,nonsort_batches,7.5,9.0
353,nonsort_batches,5.5,9.0
354,nonsort_batches,5.5,7.0
355,nonsort_batches,0.0,0.0
356,nonsort_batches,0.0,0.0
357,nonsort_batches,0.0,0.0
358,nonsort_batches,0.0,0.0
359,nonsort_batches,0.5,1.0
360,nonsort_batches,0.5,1.0
361,nonsort_batches,0.0,0.0
362,nonsort_batches,0.0,0.0
363,nonsort_batches,0.0,0.0
364,nonsort_batches,0.0,0.0
365,nonsort_batches,3.0,3.0
366,nonsort_batches,3.5,4.0
367,nonsort_batches,0.5,1.0
368,nonsort_batches,0.0,0.0
369,nonsort_batches,0.0,0.0
370,nonsort_batches,0.0,0.0
371,nonsort_batches,0.0,0.0
372,nonsort_batches,0.5,1.0
373,nonsort_batches,0.5,1.0
374,nonsort_batches,0.0,0.0
375,nonsort_batches,0.0,0.0
376,nonsort_batches,0.0,0.0
377,nonsort_batches,0.0,0.0
378,nonsort_batches,0.0,0.0
379,nonsort_batches,2.0,4.0
380,nonsort_batches,1.5,3.0
381,nonsort_batches,6.5,9.0
382,nonsort_batches,1.5,3.0
383,nonsort_batches,1.5,3.0
384,nonsort_batches,4.0,6.0
385,nonsort_batches,0.5,1.0
386,nonsort_batches,0.0,0.0
387,nonsort_batches,1.0,2.0
388,nonsort_batches,0.0,0.0
389,nonsort_batches,0.0,0.0
390,nonsort_batches,1.0,2.0
391,nonsort_batches,1.5,3.0
392,nonsort_batches,0.0,0.0
393,nonsort_batches,0.0,0.0
394,nonsort_batches,1.0,2.0
395,nonsort_batches,0.0,0.0
396,nonsort_batches,1.5,3.0
397,nonsort_batches,0.0,0.0
398,nonsort_batches,0.0,0.0
399,nonsort_batches,0.0,0.0
400,nonsort_batches,4.5,5.0
401,nonsort_batches,0.5,1.0
402,nonsort_batches,0.5,1.0
403,nonsort_batches,1.0,2.0
404,nonsort_batches,0.0,0.0
405,nonsort_batches,0.5,1.0
406,nonsort_batches,3.5,7.0
407,nonsort_batches,3.5,4.0
408,nonsort_batches,5.0,6.0
409,nonsort_batches,2.0,4.0
410,nonsort_batches,0.0,0.0
411,nonsort_batches,0.0,0.0
412,nonsort_batches,0.0,0.0
413,nonsort_batches,0.0,0.0
414,nonsort_batches,1.5,3.0
415,nonsort_batches,0.0,0.0
416,nonsort_batches,0.0,0.0
417,nonsort_batches,0.0,0.0
418,nonsort_batches,0.0,0.0
419,nonsort_batches,0.0,0.0
420,nonsort_batches,1.0,2.0
421,nonsort_batches,0.0,0.0
422,nonsort_batches,0.0,0.0
423,nonsort_batches,0.0,0.0
424,nonsort_batches,0.0,0.0
425,nonsort_batches,3.0,6.0
426,nonsort_batches,0.0,0.0
427,nonsort_batches,0.0,0.0
428,nonsort_batches,0.0,0.0
429,nonsort_batches,0.0,0.0
430,nonsort_batches,0.0,0.0
431,nonsort_batches,0.0,0.0
432,nonsort_batches,0.0,0.0
433,nonsort_batches,0.0,0.0
434,nonsort_batches,0.0,0.0
435,nonsort_batches,0.0,0.0
436,nonsort_batches,0.0,0.0
437,nonsort_batches,0.0,0.0
438,nonsort_batches,1.0,1.0
439,nonsort_batches,0.0,0.0
440,nonsort_batches,0.5,1.0
441,nonsort_batches,3.0,5.0
442,nonsort_batches,0.0,0.0
443,nonsort_batches,1.0,2.0
444,nonsort_batches,0.0,0.0
445,nonsort_batches,0.0,0.0
446,nonsort_batches,0.0,0.0
447,nonsort_batches,0.0,0.0
448,nonsort_batches,0.0,0.0
449,nonsort_batches,2.0,4.0
450,nonsort_batches,0.0,0.0
451,nonsort_batches,1.0,2.0
452,nonsort_batches,0.0,0.0
453,nonsort_batches,5.0,6.0
454,nonsort_batches,0.5,1.0
455,nonsort_batches,1.5,3.0
456,nonsort_batches,1.5,2.0
457,nonsort_batches,0.0,0.0
458,nonsort_batches,0.0,0.0
459,nonsort_batches,0.0,0.0
460,nonsort_batches,0.0,0.0
461,nonsort_batches,0.0,0.0
462,nonsort_batches,2.0,4.0
463,nonsort_batches,0.0,0.0
464,nonsort_batches,0.0,0.0
465,nonsort_batches,0.5,1.0
466,nonsort_batches,0.0,0.0
467,nonsort_batches,0.0,0.0
468,nonsort_batches,0.5,1.0
469,nonsort_batches,2.0,4.0
470,nonsort_batches,0.5,1.0
471,nonsort_batches,0.0,0.0
472,nonsort_batches,2.0,3.0
473,nonsort_batches,0.0,0.0
474,nonsort_batches,0.0,0.0
475,nonsort_batches,0.0,0.0
476,nonsort_batches,1.0,2.0
477,nonsort_batches,0.0,0.0
478,nonsort_batches,0.0,0.0
479,nonsort_batches,1.0,2.0
480,nonsort_batches,1.0,2.0
481,nonsort_batches,0.5,1.0
482,nonsort_batches,0.0,0.0
483,nonsort_batches,0.0,0.0
484,nonsort_batches,1.0,2.0
485,nonsort_batches,0.0,0.0
486,nonsort_batches,0.0,0.0
487,nonsort_batches,1.5,3.0
488,nonsort_batches,1.0,2.0
489,nonsort_batches,0.5,1.0
490,nonsort_batches,1.0,2.0
491,nonsort_batches,0.5,1.0
492,nonsort_batches,0.0,0.0
493,nonsort_batches,1.0,2.0
494,nonsort_batches,0.0,0.0
495,nonsort_batches,0.5,1.0
496,nonsort_batches,0.0,0.0
497,nonsort_batches,1.5,3.0
498,nonsort_batches,0.0,0.0
499,nonsort_batches,0.0,0.0
500,nonsort_batches,0.0,0.0
501,nonsort_batches,0.0,0.0
502,nonsort_batches,1.0,2.0
503,nonsort_batches,1.5,2.0
504,nonsort_batches,0.5,1.0
505,nonsort_batches,0.0,0.0
506,nonsort_batches,0.0,0.0
507,nonsort_batches,0.0,0.0
508,nonsort_batches,0.5,1.0
509,nonsort_batches,3.5,4.0
510,nonsort_batches,8.0,8.0
511,nonsort_batches,7.0,8.0
512,nonsort_batches,10.0,10.0
513,nonsort_batches,11.5,12.0
514,nonsort_batches,13.5,14.0
515,nonsort_batches,3.5,4.0
516,nonsort_batches,1.0,2.0
517,nonsort_batches,2.5,5.0
518,nonsort_batches,0.0,0.0
519,nonsort_batches,7.5,11.0
520,nonsort_batches,5.5,8.0
521,nonsort_batches,3.0,6.0
522,nonsort_batches,0.0,0.0
523,nonsort_batches,0.5,1.0
524,nonsort_batches,0.0,0.0
525,nonsort_batches,0.5,1.0
526,nonsort_batches,0.0,0.0
527,nonsort_batches,0.0,0.0
528,nonsort_batches,0.0,0.0
529,nonsort_batches,0.0,0.0
530,nonsort_batches,0.0,0.0
531,nonsort_batches,0.0,0.0
532,nonsort_batches,0.0,0.0
533,nonsort_batches,1.5,2.0
534,nonsort_batches,0.0,0.0
535,nonsort_batches,1.0,2.0
536,nonsort_batches,0.5,1.0
537,nonsort_batches,0.0,0.0
538,nonsort_batches,0.0,0.0
539,nonsort_batches,0.0,0.0
540,nonsort_batches,0.0,0.0
541,nonsort_batches,0.0,0.0
542,nonsort_batches,0.0,0.0
543,nonsort_batches,0.0,0.0
544,nonsort_batches,0.5,1.0
545,nonsort_batches,0.0,0.0
546,nonsort_batches,1.0,2.0
547,nonsort_batches,0.0,0.0
548,nonsort_batches,0.0,0.0
549,nonsort_batches,2.0,2.0
550,nonsort_batches,3.0,4.0
551,nonsort_batches,0.5,1.0
552,nonsort_batches,0.0,0.0
553,nonsort_batches,0.0,0.0
554,nonsort_batches,0.0,0.0
555,nonsort_batches,4.0,7.0
556,nonsort_batches,6.0,7.0
557,nonsort_batches,7.5,8.0
558,nonsort_batches,9.5,11.0
559,nonsort_batches,7.0,8.0
560,nonsort_batches,2.0,4.0
561,nonsort_batches,0.0,0.0
562,nonsort_batches,0.5,1.0
563,nonsort_batches,0.0,0.0
564,nonsort_batches,0.0,0.0
565,nonsort_batches,1.0,2.0
566,nonsort_batches,0.0,0.0
567,nonsort_batches,0.0,0.0
568,nonsort_batches,1.0,2.0
569,nonsort_batches,2.5,4.0
570,nonsort_batches,2.0,4.0
571,nonsort_batches,0.0,0.0
572,nonsort_batches,0.5,1.0
573,nonsort_batches,0.0,0.0
574,nonsort_batches,0.0,0.0
575,nonsort_batches,0.0,0.0
576,nonsort_batches,0.5,1.0
577,nonsort_batches,0.5,1.0
578,nonsort_batches,6.0,11.0
579,nonsort_batches,5.0,6.0
580,nonsort_batches,0.5,1.0
581,nonsort_batches,0.5,1.0
582,nonsort_batches,0.0,0.0
583,nonsort_batches,0.0,0.0
584,nonsort_batches,0.0,0.0
585,nonsort_batches,0.0,0.0
586,nonsort_batches,0.0,0.0
587,nonsort_batches,0.0,0.0
588,nonsort_batches,0.0,0.0
589,nonsort_batches,0.0,0.0
590,nonsort_batches,0.0,0.0
591,nonsort_batches,0.0,0.0
592,nonsort_batches,1.5,3.0
593,nonsort_batches,1.5,3.0
594,nonsort_batches,0.0,0.0
595,nonsort_batches,2.0,4.0
596,nonsort_batches,0.0,0.0
597,nonsort_batches,1.5,3.0
598,nonsort_batches,2.5,4.0
599,nonsort_batches,0.0,0.0
600,nonsort_batches,0.5,1.0
601,nonsort_batches,0.0,0.0
602,nonsort_batches,0.0,0.0
603,nonsort_batches,0.5,1.0
604,nonsort_batches,1.0,1.0
605,nonsort_batches,2.0,3.0
606,nonsort_batches,1.5,3.0
607,nonsort_batches,0.0,0.0
608,nonsort_batches,0.0,0.0
609,nonsort_batches,1.0,2.0
610,nonsort_batches,1.0,2.0
611,nonsort_batches,0.0,0.0
612,nonsort_batches,0.5,1.0
613,nonsort_batches,0.0,0.0
614,nonsort_batches,0.0,0.0
615,nonsort_batches,0.0,0.0
616,nonsort_batches,0.0,0.0
617,nonsort_batches,9.0,11.0
618,nonsort_batches,1.0,2.0
619,nonsort_batches,0.5,1.0
620,nonsort_batches,2.0,4.0
621,nonsort_batches,0.0,0.0
622,nonsort_batches,1.0,1.0
623,nonsort_batches,0.0,0.0
624,nonsort_batches,0.0,0.0
625,nonsort_batches,0.0,0.0
626,nonsort_batches,0.0,0.0
627,nonsort_batches,3.0,4.0
628,nonsort_batches,5.5,6.0
629,nonsort_batches,0.0,0.0
630,nonsort_batches,2.0,3.0
631,nonsort_batches,4.0,6.0
632,nonsort_batches,0.5,1.0
633,nonsort_batches,0.0,0.0
634,nonsort_batches,2.0,4.0
635,nonsort_batches,0.0,0.0
636,nonsort_batches,2.0,4.0
637,nonsort_batches,1.0,2.0
638,nonsort_batches,0.0,0.0
639,nonsort_batches,4.5,5.0
640,nonsort_batches,0.0,0.0
641,nonsort_batches,1.5,2.0
642,nonsort_batches,0.0,0.0
643,nonsort_batches,0.0,0.0
644,nonsort_batches,0.0,0.0
645,nonsort_batches,0.0,0.0
646,nonsort_batches,0.0,0.0
647,nonsort_batches,1.0,2.0
648,nonsort_batches,0.0,0.0
649,nonsort_batches,2.0,4.0
650,nonsort_batches,0.5,1.0
651,nonsort_batches,0.0,0.0
652,nonsort_batches,0.0,0.0
653,nonsort_batches,1.0,2.0
654,nonsort_batches,1.0,2.0
655,nonsort_batches,0.0,0.0
656,nonsort_batches,0.0,0.0
657,nonsort_batches,1.5,2.0
658,nonsort_batches,0.0,0.0
659,nonsort_batches,0.0,0.0
660,nonsort_batches,0.0,0.0
661,nonsort_batches,0.0,0.0
662,nonsort_batches,0.0,0.0
663,nonsort_batches,0.0,0.0
664,nonsort_batches,0.0,0.0
665,nonsort_batches,0.5,1.0
666,nonsort_batches,0.0,0.0
667,nonsort_batches,1.0,2.0
668,nonsort_batches,0.5,1.0
669,nonsort_batches,0.0,0.0
670,nonsort_batches,0.0,0.0
671,nonsort_batches,0.0,0.0
672,nonsort_batches,2.5,4.0
673,nonsort_batches,0.5,1.0
674,nonsort_batches,0.0,0.0
675,nonsort_batches,0.0,0.0
676,nonsort_batches,0.0,0.0
677,nonsort_batches,0.0,0.0
678,nonsort_batches,0.5,1.0
679,nonsort_batches,0.0,0.0
680,nonsort_batches,3.0,4.0
681,nonsort_batches,6.0,6.0
682,nonsort_batches,3.5,7.0
683,nonsort_batches,0.0,0.0
684,nonsort_batches,0.0,0.0
685,nonsort_batches,0.0,0.0
686,nonsort_batches,0.0,0.0
687,nonsort_batches,4.0,4.0
688,nonsort_batches,1.0,2.0
689,nonsort_batches,3.5,7.0
690,nonsort_batches,0.5,1.0
691,nonsort_batches,1.5,2.0
692,nonsort_batches,2.5,5.0
693,nonsort_batches,0.5,1.0
694,nonsort_batches,0.0,0.0
695,nonsort_batches,0.0,0.0
696,nonsort_batches,0.0,0.0
697,nonsort_batches,1.5,3.0
698,nonsort_batches,3.0,5.0
699,nonsort_batches,0.0,0.0
700,nonsort_batches,0.0,0.0
701,nonsort_batches,0.0,0.0
702,nonsort_batches,0.0,0.0
703,nonsort_batches,3.0,6.0
704,nonsort_batches,4.5,7.0
705,nonsort_batches,0.5,1.0
706,nonsort_batches,1.5,3.0
707,nonsort_batches,0.0,0.0
708,nonsort_batches,0.0,0.0
709,nonsort_batches,0.0,0.0
710,nonsort_batches,0.0,0.0
711,nonsort_batches,0.0,0.0
712,nonsort_batches,1.0,2.0
713,nonsort_batches,4.5,6.0
714,nonsort_batches,2.5,3.0
715,nonsort_batches,2.0,4.0
716,nonsort_batches,0.5,1.0
717,nonsort_batches,3.5,7.0
718,nonsort_batches,2.0,2.0
719,nonsort_batches,1.5,2.0
720,nonsort_batches,2.0,4.0
721,nonsort_batches,1.0,2.0
722,nonsort_batches,3.5,4.0
723,nonsort_batches,1.5,3.0
724,nonsort_batches,0.0,0.0
725,nonsort_batches,0.0,0.0
726,nonsort_batches,1.0,2.0
727,nonsort_batches,0.0,0.0
728,nonsort_batches,0.0,0.0
729,nonsort_batches,2.5,5.0
730,nonsort_batches,7.5,11.0
731,nonsort_batches,3.5,4.0
732,nonsort_batches,0.5,1.0
733,nonsort_batches,0.5,1.0
734,nonsort_batches,0.0,0.0
735,nonsort_batches,0.0,0.0
736,nonsort_batches,0.0,0.0
737,nonsort_batches,0.0,0.0
738,nonsort_batches,10.0,10.0
739,nonsort_batches,9.0,10.0
740,nonsort_batches,2.5,5.0
741,nonsort_batches,0.0,0.0
742,nonsort_batches,0.0,0.0
743,nonsort_batches,0.0,0.0
744,nonsort_batches,0.0,0.0
745,nonsort_batches,3.5,5.0
746,nonsort_batches,0.5,1.0
747,nonsort_batches,0.0,0.0
748,nonsort_batches,3.0,5.0
749,nonsort_batches,1.5,3.0
750,nonsort_batches,6.0,8.0
751,nonsort_batches,5.0,9.0
752,nonsort_batches,3.5,6.0
753,nonsort_batches,0.0,0.0
754,nonsort_batches,0.0,0.0
755,nonsort_batches,0.0,0.0
756,nonsort_batches,0.0,0.0
757,nonsort_batches,0.0,0.0
758,nonsort_batches,0.5,1.0
759,nonsort_batches,0.0,0.0
760,nonsort_batches,0.0,0.0
761,nonsort_batches,0.5,1.0
762,nonsort_batches,0.0,0.0
763,nonsort_batches,0.0,0.0
764,nonsort_batches,0.5,1.0
765,nonsort_batches,1.0,2.0
766,nonsort_batches,1.5,2.0
767,nonsort_batches,0.0,0.0
768,nonsort_batches,0.0,0.0
769,nonsort_batches,1.0,2.0
770,nonsort_batches,0.0,0.0
771,nonsort_batches,0.0,0.0
772,nonsort_batches,0.0,0.0
773,nonsort_batches,2.0,3.0
774,nonsort_batches,0.0,0.0
775,nonsort_batches,3.0,6.0
776,nonsort_batches,0.0,0.0
777,nonsort_batches,1.0,2.0
778,nonsort_batches,1.0,2.0
779,nonsort_batches,1.5,3.0
780,nonsort_batches,1.5,3.0
781,nonsort_batches,0.0,0.0
782,nonsort_batches,0.0,0.0
783,nonsort_batches,2.0,4.0
784,nonsort_batches,4.0,5.0
785,nonsort_batches,0.5,1.0
786,nonsort_batches,0.0,0.0
787,nonsort_batches,0.5,1.0
788,nonsort_batches,1.0,2.0
789,nonsort_batches,2.5,4.0
790,nonsort_batches,2.5,4.0
791,nonsort_batches,0.0,0.0
792,nonsort_batches,0.0,0.0
793,nonsort_batches,1.0,2.0
794,nonsort_batches,0.5,1.0
795,nonsort_batches,0.0,0.0
796,nonsort_batches,0.0,0.0
797,nonsort_batches,5.0,8.0
798,nonsort_batches,5.5,6.0
799,nonsort_batches,2.5,5.0
800,nonsort_batches,1.5,3.0
801,nonsort_batches,0.5,1.0
802,nonsort_batches,2.0,4.0
803,nonsort_batches,7.0,8.0
804,nonsort_batches,0.0,0.0
805,nonsort_batches,0.0,0.0
806,nonsort_batches,0.5,1.0
807,nonsort_batches,4.0,7.0
808,nonsort_batches,7.0,11.0
809,nonsort_batches,12.0,13.0
810,nonsort_batches,14.5,15.0
811,nonsort_batches,15.5,20.0
812,nonsort_batches,6.0,7.0
813,nonsort_batches,0.5,1.0
814,nonsort_batches,0.0,0.0
815,nonsort_batches,0.0,0.0
816,nonsort_batches,0.5,1.0
817,nonsort_batches,0.0,0.0
818,nonsort_batches,0.0,0.0
819,nonsort_batches,0.0,0.0
820,nonsort_batches,3.5,5.0
821,nonsort_batches,0.0,0.0
822,nonsort_batches,0.0,0.0
823,nonsort_batches,0.5,1.0
824,nonsort_batches,0.0,0.0
825,nonsort_batches,0.0,0.0
826,nonsort_batches,0.0,0.0
827,nonsort_batches,0.0,0.0
828,nonsort_batches,0.0,0.0
829,nonsort_batches,3.5,5.0
830,nonsort_batches,0.0,0.0
831,nonsort_batches,0.0,0.0
832,nonsort_batches,0.0,0.0
833,nonsort_batches,4.0,6.0
834,nonsort_batches,3.0,6.0
835,nonsort_batches,5.5,6.0
836,nonsort_batches,0.0,0.0
837,nonsort_batches,0.5,1.0
838,nonsort_batches,2.0,4.0
839,nonsort_batches,0.0,0.0
840,nonsort_batches,0.5,1.0
841,nonsort_batches,2.5,3.0
842,nonsort_batches,0.0,0.0
843,nonsort_batches,0.0,0.0
844,nonsort_batches,0.0,0.0
845,nonsort_batches,0.0,0.0
846,nonsort_batches,0.0,0.0
847,nonsort_batches,0.0,0.0
848,nonsort_batches,0.0,0.0
849,nonsort_batches,0.0,0.0
850,nonsort_batches,2.0,4.0
851,nonsort_batches,0.0,0.0
852,nonsort_batches,0.0,0.0
853,nonsort_batches,0.0,0.0
854,nonsort_batches,2.0,3.0
855,nonsort_batches,3.0,3.0
856,nonsort_batches,1.0,2.0
857,nonsort_batches,1.0,2.0
858,nonsort_batches,1.5,3.0
859,nonsort_batches,6.0,7.0
860,nonsort_batches,4.0,5.0
861,nonsort_batches,8.0,8.0
862,nonsort_batches,5.0,6.0
863,nonsort_batches,0.0,0.0
864,nonsort_batches,0.0,0.0
865,nonsort_batches,0.0,0.0
866,nonsort_batches,0.0,0.0
867,nonsort_batches,2.5,4.0
868,nonsort_batches,3.5,6.0
869,nonsort_batches,12.5,16.0
870,nonsort_batches,15.0,16.0
871,nonsort_batches,4.0,6.0
872,nonsort_batches,4.0,8.0
873,nonsort_batches,2.0,4.0
874,nonsort_batches,1.0,2.0
875,nonsort_batches,0.0,0.0
876,nonsort_batches,3.0,4.0
877,nonsort_batches,0.0,0.0
878,nonsort_batches,2.0,4.0
879,nonsort_batches,1.0,2.0
880,nonsort_batches,4.0,5.0
881,nonsort_batches,0.5,1.0
882,nonsort_batches,0.0,0.0
883,nonsort_batches,2.5,5.0
884,nonsort_batches,0.0,0.0
885,nonsort_batches,0.0,0.0
886,nonsort_batches,0.0,0.0
887,nonsort_batches,1.5,2.0
888,nonsort_batches,0.5,1.0
889,nonsort_batches,0.0,0.0
890,nonsort_batches,0.0,0.0
891,nonsort_batches,0.0,0.0
892,nonsort_batches,0.0,0.0
893,nonsort_batches,0.0,0.0
894,nonsort_batches,2.5,4.0
895,nonsort_batches,1.5,3.0
896,nonsort_batches,3.5,4.0
897,nonsort_batches,0.0,0.0
898,nonsort_batches,0.0,0.0
899,nonsort_batches,0.0,0.0
900,nonsort_batches,0.0,0.0
901,nonsort_batches,0.0,0.0
902,nonsort_batches,0.0,0.0
903,nonsort_batches,0.5,1.0
904,nonsort_batches,0.0,0.0
905,nonsort_batches,0.5,1.0
906,nonsort_batches,0.0,0.0
907,nonsort_batches,0.0,0.0
908,nonsort_batches,0.0,0.0
909,nonsort_batches,1.0,2.0
910,nonsort_batches,0.0,0.0
911,nonsort_batches,0.0,0.0
912,nonsort_batches,0.0,0.0
913,nonsort_batches,2.0,4.0
914,nonsort_batches,0.0,0.0
915,nonsort_batches,0.0,0.0
916,nonsort_batches,1.0,2.0
917,nonsort_batches,2.5,5.0
918,nonsort_batches,2.0,4.0
919,nonsort_batches,2.0,3.0
920,nonsort_batches,3.0,6.0
921,nonsort_batches,1.0,2.0
922,nonsort_batches,1.0,2.0
923,nonsort_batches,0.0,0.0
924,nonsort_batches,1.0,2.0
925,nonsort_batches,0.0,0.0
926,nonsort_batches,0.0,0.0
927,nonsort_batches,1.0,2.0
928,nonsort_batches,0.0,0.0
929,nonsort_batches,0.0,0.0
930,nonsort_batches,0.5,1.0
931,nonsort_batches,0.0,0.0
932,nonsort_batches,0.0,0.0
933,nonsort_batches,0.0,0.0
934,nonsort_batches,0.0,0.0
935,nonsort_batches,0.0,0.0
936,nonsort_batches,0.0,0.0
937,nonsort_batches,3.5,4.0
938,nonsort_batches,1.5,2.0
939,nonsort_batches,0.5,1.0
940,nonsort_batches,4.5,5.0
941,nonsort_batches,4.5,5.0
942,nonsort_batches,3.5,5.0
943,nonsort_batches,0.0,0.0
944,nonsort_batches,4.5,6.0
945,nonsort_batches,0.0,0.0
946,nonsort_batches,7.5,11.0
947,nonsort_batches,4.5,6.0
948,nonsort_batches,0.0,0.0
949,nonsort_batches,0.0,0.0
950,nonsort_batches,0.5,1.0
951,nonsort_batches,0.0,0.0
952,nonsort_batches,0.5,1.0
953,nonsort_batches,2.0,4.0
954,nonsort_batches,0.5,1.0
955,nonsort_batches,3.5,7.0
956,nonsort_batches,0.0,0.0
957,nonsort_batches,0.0,0.0
958,nonsort_batches,0.0,0.0
959,nonsort_batches,0.0,0.0
960,nonsort_batches,2.0,4.0
961,nonsort_batches,0.0,0.0
962,nonsort_batches,0.0,0.0
963,nonsort_batches,0.0,0.0
964,nonsort_batches,1.5,3.0
965,nonsort_batches,0.5,1.0
966,nonsort_batches,0.0,0.0
967,nonsort_batches,4.0,5.0
968,nonsort_batches,1.0,2.0
969,nonsort_batches,1.5,2.0
970,nonsort_batches,0.0,0.0
971,nonsort_batches,1.5,2.0
972,nonsort_batches,0.5,1.0
973,nonsort_batches,0.5,1.0
974,nonsort_batches,0.0,0.0
975,nonsort_batches,1.5,3.0
976,nonsort_batches,0.0,0.0
977,nonsort_batches,1.0,2.0
978,nonsort_batches,0.0,0.0
979,nonsort_batches,0.0,0.0
980,nonsort_batches,2.0,3.0
981,nonsort_batches,4.0,8.0
982,nonsort_batches,1.0,2.0
983,nonsort_batches,0.0,0.0
984,nonsort_batches,0.5,1.0
985,nonsort_batches,2.5,5.0
986,nonsort_batches,3.5,6.0
987,nonsort_batches,9.5,12.0
988,nonsort_batches,6.5,9.0
989,nonsort_batches,1.0,2.0
990,nonsort_batches,0.0,0.0
991,nonsort_batches,1.0,2.0
992,nonsort_batches,0.0,0.0
993,nonsort_batches,0.0,0.0
994,nonsort_batches,0.0,0.0
995,nonsort_batches,0.0,0.0
996,nonsort_batches,1.5,2.0
997,nonsort_batches,1.5,2.0
998,nonsort_batches,0.0,0.0
999,nonsort_batches,0.0,0.0
1000,nonsort_batches,0.0,0.0
1001,nonsort_batches,1.0,2.0
1002,nonsort_batches,0.0,0.0
1003,nonsort_batches,0.0,0.0
1004,nonsort_batches,0.5,1.0
1005,nonsort_batches,0.0,0.0
1006,nonsort_batches,0.0,0.0
1007,nonsort_batches,0.0,0.0
1008,nonsort_batches,2.5,4.0
1009,nonsort_batches,0.0,0.0
1010,nonsort_batches,0.0,0.0
1011,nonsort_batches,0.0,0.0
1012,nonsort_batches,0.0,0.0
1013,nonsort_batches,1.5,3.0
1014,nonsort_batches,5.0,5.0
1015,nonsort_batches,7.0,7.0
1016,nonsort_batches,3.0,3.0
1017,nonsort_batches,1.0,2.0
1018,nonsort_batches,2.0,4.0
1019,nonsort_batches,0.0,0.0
1020,nonsort_batches,0.0,0.0
1021,nonsort_batches,0.0,0.0
1022,nonsort_batches,0.0,0.0
1023,nonsort_batches,0.5,1.0
1024,nonsort_batches,0.5,1.0
1025,nonsort_batches,2.0,4.0
1026,nonsort_batches,0.0,0.0
1027,nonsort_batches,1.5,3.0
1028,nonsort_batches,4.5,5.0
1029,nonsort_batches,8.0,9.0
1030,nonsort_batches,3.0,6.0
1031,nonsort_batches,0.0,0.0
1032,nonsort_batches,0.0,0.0
1033,nonsort_batches,4.0,5.0
1034,nonsort_batches,0.0,0.0
1035,nonsort_batches,3.0,3.0
1036,nonsort_batches,6.5,8.0
1037,nonsort_batches,3.5,7.0
1038,nonsort_batches,6.0,8.0
1039,nonsort_batches,2.5,5.0
1040,nonsort_batches,3.5,5.0
1041,nonsort_batches,1.5,3.0
1042,nonsort_batches,6.0,12.0
1043,nonsort_batches,1.0,2.0
1044,nonsort_batches,0.0,0.0
1045,nonsort_batches,0.0,0.0
1046,nonsort_batches,0.0,0.0
1047,nonsort_batches,0.5,1.0
1048,nonsort_batches,5.0,6.0
1049,nonsort_batches,3.0,4.0
1050,nonsort_batches,0.0,0.0
1051,nonsort_batches,0.0,0.0
1052,nonsort_batches,1.0,2.0
1053,nonsort_batches,0.0,0.0
1054,nonsort_batches,0.0,0.0
1055,nonsort_batches,0.5,1.0
1056,nonsort_batches,0.0,0.0
1057,nonsort_batches,0.5,1.0
1058,nonsort_batches,0.0,0.0
1059,nonsort_batches,0.0,0.0
1060,nonsort_batches,0.5,1.0
1061,nonsort_batches,2.5,3.0
1062,nonsort_batches,0.0,0.0
1063,nonsort_batches,0.0,0.0
1064,nonsort_batches,0.5,1.0
1065,nonsort_batches,0.0,0.0
1066,nonsort_batches,0.5,1.0
1067,nonsort_batches,1.0,2.0
1068,nonsort_batches,0.5,1.0
1069,nonsort_batches,0.0,0.0
1070,nonsort_batches,0.0,0.0
1071,nonsort_batches,0.0,0.0
1072,nonsort_batches,2.0,3.0
1073,nonsort_batches,5.0,5.0
1074,nonsort_batches,0.0,0.0
1075,nonsort_batches,0.0,0.0
1076,nonsort_batches,1.5,3.0
1077,nonsort_batches,0.0,0.0
1078,nonsort_batches,0.0,0.0
1079,nonsort_batches,1.0,2.0
1080,nonsort_batches,0.5,1.0
1081,nonsort_batches,0.5,1.0
1082,nonsort_batches,0.0,0.0
1083,nonsort_batches,2.0,4.0
1084,nonsort_batches,0.0,0.0
1085,nonsort_batches,0.0,0.0
1086,nonsort_batches,1.0,2.0
1087,nonsort_batches,0.0,0.0
1088,nonsort_batches,1.0,2.0
1089,nonsort_batches,2.5,5.0
1090,nonsort_batches,4.0,6.0
1091,nonsort_batches,0.0,0.0
1092,nonsort_batches,3.0,6.0
1093,nonsort_batches,3.5,5.0
1094,nonsort_batches,2.0,2.0
1095,nonsort_batches,0.0,0.0
1096,nonsort_batches,0.0,0.0
1097,nonsort_batches,0.0,0.0
1098,nonsort_batches,1.0,2.0
1099,nonsort_batches,1.5,3.0
1100,nonsort_batches,0.0,0.0
1101,nonsort_batches,0.0,0.0
1102,nonsort_batches,0.0,0.0
1103,nonsort_batches,0.0,0.0
1104,nonsort_batches,0.0,0.0
1105,nonsort_batches,0.0,0.0
1106,nonsort_batches,0.0,0.0
1107,nonsort_batches,0.0,0.0
1108,nonsort_batches,0.0,0.0
1109,nonsort_batches,1.0,2.0
1110,nonsort_batches,2.0,2.0
1111,nonsort_batches,4.5,6.0
1112,nonsort_batches,4.5,6.0
1113,nonsort_batches,1.5,3.0
1114,nonsort_batches,1.5,3.0
1115,nonsort_batches,0.0,0.0
1116,nonsort_batches,0.0,0.0
1117,nonsort_batches,1.5,3.0
1118,nonsort_batches,0.0,0.0
1119,nonsort_batches,0.0,0.0
1120,nonsort_batches,0.0,0.0
1121,nonsort_batches,1.0,2.0
1122,nonsort_batches,2.0,3.0
1123,nonsort_batches,0.5,1.0
1124,nonsort_batches,0.5,1.0
1125,nonsort_batches,0.0,0.0
1126,nonsort_batches,1.5,3.0
1127,nonsort_batches,1.5,3.0
1128,nonsort_batches,0.0,0.0
1129,nonsort_batches,0.5,1.0
1130,nonsort_batches,0.0,0.0
1131,nonsort_batches,0.0,0.0
1132,nonsort_batches,0.0,0.0
1133,nonsort_batches,0.0,0.0
1134,nonsort_batches,0.0,0.0
1135,nonsort_batches,0.0,0.0
1136,nonsort_batches,1.5,3.0
1137,nonsort_batches,0.0,0.0
1138,nonsort_batches,0.0,0.0
1139,nonsort_batches,0.0,0.0
1140,nonsort_batches,0.0,0.0
1141,nonsort_batches,3.0,5.0
1142,nonsort_batches,0.5,1.0
1143,nonsort_batches,0.0,0.0
1144,nonsort_batches,0.0,0.0
1145,nonsort_batches,1.5,3.0
1146,nonsort_batches,2.0,3.0
1147,nonsort_batches,0.5,1.0
1148,nonsort_batches,0.0,0.0
1149,nonsort_batches,0.0,0.0
1150,nonsort_batches,0.5,1.0
1151,nonsort_batches,0.0,0.0
1152,nonsort_batches,0.0,0.0
1153,nonsort_batches,0.0,0.0
1154,nonsort_batches,0.0,0.0
1155,nonsort_batches,1.5,3.0
1156,nonsort_batches,0.0,0.0
1157,nonsort_batches,0.0,0.0
1158,nonsort_batches,1.5,3.0
1159,nonsort_batches,0.0,0.0
1160,nonsort_batches,0.0,0.0
1161,nonsort_batches,0.5,1.0
1162,nonsort_batches,1.0,2.0
1163,nonsort_batches,1.5,3.0
1164,nonsort_batches,4.0,6.0
1165,nonsort_batches,4.5,5.0
1166,nonsort_batches,3.0,5.0
1167,nonsort_batches,3.5,5.0
1168,nonsort_batches,0.0,0.0
1169,nonsort_batches,4.5,7.0
1170,nonsort_batches,2.0,3.0
1171,nonsort_batches,0.0,0.0
1172,nonsort_batches,1.0,2.0
1173,nonsort_batches,2.0,4.0
1174,nonsort_batches,2.0,4.0
1175,nonsort_batches,2.0,3.0
1176,nonsort_batches,0.0,0.0
1177,nonsort_batches,0.0,0.0
1178,nonsort_batches,0.0,0.0
1179,nonsort_batches,0.5,1.0
1180,nonsort_batches,0.0,0.0
1181,nonsort_batches,2.0,3.0
1182,nonsort_batches,3.5,5.0
1183,nonsort_batches,0.5,1.0
1184,nonsort_batches,1.5,3.0
1185,nonsort_batches,6.5,9.0
1186,nonsort_batches,15.5,16.0
1187,nonsort_batches,14.5,16.0
1188,nonsort_batches,13.5,14.0
1189,nonsort_batches,0.0,0.0
1190,nonsort_batches,0.0,0.0
1191,nonsort_batches,0.0,0.0
1192,nonsort_batches,0.0,0.0
1193,nonsort_batches,1.0,2.0
1194,nonsort_batches,0.0,0.0
1195,nonsort_batches,0.0,0.0
1196,nonsort_batches,0.0,0.0
1197,nonsort_batches,0.0,0.0
1198,nonsort_batches,0.0,0.0
1199,nonsort_batches,0.0,0.0
1200,nonsort_batches,0.0,0.0
1201,nonsort_batches,0.0,0.0
1202,nonsort_batches,0.5,1.0
1203,nonsort_batches,0.0,0.0
1204,nonsort_batches,0.0,0.0
1205,nonsort_batches,0.0,0.0
1206,nonsort_batches,3.0,4.0
1207,nonsort_batches,0.0,0.0
1208,nonsort_batches,4.0,7.0
1209,nonsort_batches,0.0,0.0
1210,nonsort_batches,4.0,6.0
1211,nonsort_batches,2.5,5.0
1212,nonsort_batches,7.5,9.0
1213,nonsort_batches,7.5,8.0
1214,nonsort_batches,8.0,10.0
1215,nonsort_batches,9.5,10.0
1216,nonsort_batches,10.0,12.0
1217,nonsort_batches,10.5,11.0
1218,nonsort_batches,10.0,10.0
1219,nonsort_batches,5.0,5.0
1220,nonsort_batches,2.5,3.0
1221,nonsort_batches,0.0,0.0
1222,nonsort_batches,0.0,0.0
1223,nonsort_batches,0.0,0.0
1224,nonsort_batches,5.5,6.0
1225,nonsort_batches,5.0,6.0
1226,nonsort_batches,2.0,3.0
1227,nonsort_batches,4.5,5.0
1228,nonsort_batches,0.5,1.0
1229,nonsort_batches,1.5,3.0
1230,nonsort_batches,1.5,3.0
1231,nonsort_batches,1.5,3.0
1232,nonsort_batches,0.0,0.0
1233,nonsort_batches,0.5,1.0
1234,nonsort_batches,0.0,0.0
1235,nonsort_batches,1.0,2.0
1236,nonsort_batches,0.5,1.0
1237,nonsort_batches,0.0,0.0
1238,nonsort_batches,0.0,0.0
1239,nonsort_batches,0.0,0.0
1240,nonsort_batches,0.0,0.0
1241,nonsort_batches,0.5,1.0
1242,nonsort_batches,0.0,0.0
1243,nonsort_batches,4.5,6.0
1244,nonsort_batches,0.0,0.0
1245,nonsort_batches,4.0,6.0
1246,nonsort_batches,4.5,8.0
1247,nonsort_batches,0.0,0.0
1248,nonsort_batches,0.0,0.0
1249,nonsort_batches,0.0,0.0
1250,nonsort_batches,0.0,0.0
1251,nonsort_batches,0.0,0.0
1252,nonsort_batches,0.0,0.0
1253,nonsort_batches,1.5,3.0
1254,nonsort_batches,3.0,4.0
1255,nonsort_batches,3.5,7.0
1256,nonsort_batches,0.5,1.0
1257,nonsort_batches,0.0,0.0
1258,nonsort_batches,0.0,0.0
1259,nonsort_batches,0.0,0.0
1260,nonsort_batches,1.0,2.0
1261,nonsort_batches,0.0,0.0
1262,nonsort_batches,0.0,0.0
1263,nonsort_batches,0.0,0.0
1264,nonsort_batches,1.0,2.0
1265,nonsort_batches,0.0,0.0
1266,nonsort_batches,0.5,1.0
1267,nonsort_batches,0.0,0.0
1268,nonsort_batches,0.0,0.0
1269,nonsort_batches,3.0,3.0
1270,nonsort_batches,4.0,8.0
1271,nonsort_batches,1.0,2.0
1272,nonsort_batches,1.5,3.0
1273,nonsort_batches,0.0,0.0
1274,nonsort_batches,0.0,0.0
1275,nonsort_batches,0.5,1.0
1276,nonsort_batches,0.0,0.0
1277,nonsort_batches,0.0,0.0
1278,nonsort_batches,0.0,0.0
1279,nonsort_batches,0.0,0.0
1280,nonsort_batches,0.0,0.0
1281,nonsort_batches,0.5,1.0
1282,nonsort_batches,0.0,0.0
1283,nonsort_batches,0.0,0.0
1284,nonsort_batches,1.5,3.0
1285,nonsort_batches,0.0,0.0
1286,nonsort_batches,0.0,0.0
1287,nonsort_batches,4.0,8.0
1288,nonsort_batches,0.5,1.0
1289,nonsort_batches,1.5,3.0
1290,nonsort_batches,2.5,3.0
1291,nonsort_batches,0.0,0.0
1292,nonsort_batches,2.0,3.0
1293,nonsort_batches,1.5,3.0
1294,nonsort_batches,0.0,0.0
1295,nonsort_batches,4.0,5.0
1296,nonsort_batches,5.0,5.0
1297,nonsort_batches,1.5,2.0
1298,nonsort_batches,2.5,5.0
1299,nonsort_batches,0.0,0.0
1300,nonsort_batches,1.0,2.0
1301,nonsort_batches,3.5,4.0
1302,nonsort_batches,4.0,7.0
1303,nonsort_batches,1.0,1.0
1304,nonsort_batches,1.5,3.0
1305,nonsort_batches,0.0,0.0
1306,nonsort_batches,2.5,3.0
1307,nonsort_batches,0.0,0.0
1308,nonsort_batches,0.0,0.0
1309,nonsort_batches,0.5,1.0
1310,nonsort_batches,0.0,0.0
1311,nonsort_batches,3.5,7.0
1312,nonsort_batches,0.0,0.0
1313,nonsort_batches,0.0,0.0
1314,nonsort_batches,0.5,1.0
1315,nonsort_batches,0.0,0.0
1316,nonsort_batches,2.5,5.0
1317,nonsort_batches,0.0,0.0
1318,nonsort_batches,1.5,2.0
1319,nonsort_batches,0.0,0.0
1320,nonsort_batches,0.0,0.0
1321,nonsort_batches,2.5,5.0
1322,nonsort_batches,0.5,1.0
1323,nonsort_batches,2.0,3.0
1324,nonsort_batches,1.0,2.0
1325,nonsort_batches,0.0,0.0
1326,nonsort_batches,0.0,0.0
1327,nonsort_batches,0.0,0.0
1328,nonsort_batches,1.0,2.0
1329,nonsort_batches,0.0,0.0
1330,nonsort_batches,0.5,1.0
1331,nonsort_batches,0.0,0.0
1332,nonsort_batches,0.5,1.0
1333,nonsort_batches,0.0,0.0
1334,nonsort_batches,1.5,3.0
1335,nonsort_batches,1.5,3.0
1336,nonsort_batches,0.0,0.0
1337,nonsort_batches,1.5,2.0
1338,nonsort_batches,0.0,0.0
1339,nonsort_batches,1.0,2.0
1340,nonsort_batches,0.0,0.0
1341,nonsort_batches,6.0,9.0
1342,nonsort_batches,5.0,8.0
1343,nonsort_batches,0.0,0.0
1344,nonsort_batches,2.5,4.0
1345,nonsort_batches,0.0,0.0
1346,nonsort_batches,0.0,0.0
1347,nonsort_batches,0.0,0.0
1348,nonsort_batches,1.0,2.0
1349,nonsort_batches,0.5,1.0
1350,nonsort_batches,0.0,0.0
1351,nonsort_batches,3.0,6.0
1352,nonsort_batches,2.0,4.0
1353,nonsort_batches,1.0,2.0
1354,nonsort_batches,0.0,0.0
1355,nonsort_batches,0.0,0.0
1356,nonsort_batches,0.0,0.0
1357,nonsort_batches,0.0,0.0
1358,nonsort_batches,0.0,0.0
1359,nonsort_batches,0.0,0.0
1360,nonsort_batches,1.0,2.0
1361,nonsort_batches,0.5,1.0
1362,nonsort_batches,0.5,1.0
1363,nonsort_batches,0.0,0.0
1364,nonsort_batches,0.5,1.0
1365,nonsort_batches,0.0,0.0
1366,nonsort_batches,7.0,8.0
1367,nonsort_batches,0.0,0.0
1368,nonsort_batches,2.0,4.0
1369,nonsort_batches,0.0,0.0
1370,nonsort_batches,0.0,0.0
1371,nonsort_batches,4.0,4.0
1372,nonsort_batches,2.0,2.0
1373,nonsort_batches,2.5,5.0
1374,nonsort_batches,0.5,1.0
1375,nonsort_batches,1.5,3.0
1376,nonsort_batches,0.0,0.0
1377,nonsort_batches,0.0,0.0
1378,nonsort_batches,2.0,4.0
1379,nonsort_batches,1.5,3.0
1380,nonsort_batches,0.0,0.0
1381,nonsort_batches,0.0,0.0
1382,nonsort_batches,1.0,2.0
1383,nonsort_batches,3.5,5.0
1384,nonsort_batches,0.0,0.0
1385,nonsort_batches,2.5,5.0
1386,nonsort_batches,1.5,2.0
1387,nonsort_batches,0.0,0.0
1388,nonsort_batches,0.0,0.0
1389,nonsort_batches,0.5,1.0
1390,nonsort_batches,0.0,0.0
1391,nonsort_batches,2.0,4.0
1392,nonsort_batches,0.0,0.0
1393,nonsort_batches,0.0,0.0
1394,nonsort_batches,0.0,0.0
1395,nonsort_batches,0.0,0.0
1396,nonsort_batches,0.0,0.0
1397,nonsort_batches,3.0,6.0
1398,nonsort_batches,0.0,0.0
1399,nonsort_batches,0.5,1.0
1400,nonsort_batches,2.0,3.0
1401,nonsort_batches,1.0,2.0
1402,nonsort_batches,0.0,0.0
1403,nonsort_batches,1.5,3.0
1404,nonsort_batches,0.5,1.0
1405,nonsort_batches,1.0,2.0
1406,nonsort_batches,0.0,0.0
1407,nonsort_batches,3.5,4.0
1408,nonsort_batches,4.0,8.0
1409,nonsort_batches,1.0,2.0
1410,nonsort_batches,1.0,2.0
1411,nonsort_batches,0.0,0.0
1412,nonsort_batches,0.0,0.0
1413,nonsort_batches,2.0,4.0
1414,nonsort_batches,3.0,4.0
1415,nonsort_batches,0.0,0.0
1416,nonsort_batches,0.0,0.0
1417,nonsort_batches,0.0,0.0
1418,nonsort_batches,0.0,0.0
1419,nonsort_batches,0.0,0.0
1420,nonsort_batches,0.0,0.0
1421,nonsort_batches,0.0,0.0
1422,nonsort_batches,0.0,0.0
1423,nonsort_batches,0.0,0.0
1424,nonsort_batches,0.0,0.0
1425,nonsort_batches,1.0,2.0
1426,nonsort_batches,0.0,0.0
1427,nonsort_batches,1.5,3.0
1428,nonsort_batches,2.5,5.0
1429,nonsort_batches,2.0,4.0
1430,nonsort_batches,0.5,1.0
1431,nonsort_batches,0.0,0.0
1432,nonsort_batches,0.0,0.0
1433,nonsort_batches,0.0,0.0
1434,nonsort_batches,0.0,0.0
1435,nonsort_batches,0.0,0.0
1436,nonsort_batches,2.5,3.0
1437,nonsort_batches,3.0,4.0
1438,nonsort_batches,1.5,2.0
1439,nonsort_batches,0.0,0.0
0,opening_queue_boxes,0.0,0.0
1,opening_queue_boxes,0.0,0.0
2,opening_queue_boxes,0.0,0.0
3,opening_queue_boxes,0.0,0.0
4,opening_queue_boxes,8.0,12.0
5,opening_queue_boxes,8.0,12.0
6,opening_queue_boxes,8.0,12.0
7,opening_queue_boxes,4.0,8.0
8,opening_queue_boxes,4.0,8.0
9,opening_queue_boxes,4.0,8.0
10,opening_queue_boxes,10.0,16.0
11,opening_queue_boxes,8.0,12.0
12,opening_queue_boxes,8.0,12.0
13,opening_queue_boxes,6.0,12.0
14,opening_queue_boxes,4.0,8.0
15,opening_queue_boxes,4.0,8.0
16,opening_queue_boxes,12.0,16.0
17,opening_queue_boxes,8.0,12.0
18,opening_queue_boxes,8.0,12.0
19,opening_queue_boxes,4.0,8.0
20,opening_queue_boxes,4.0,8.0
21,opening_queue_boxes,4.0,8.0
22,opening_queue_boxes,10.0,16.0
23,opening_queue_boxes,8.0,12.0
24,opening_queue_boxes,8.0,12.0
25,opening_queue_boxes,6.0,12.0
26,opening_queue_boxes,4.0,8.0
27,opening_queue_boxes,12.0,16.0
28,opening_queue_boxes,8.0,12.0
29,opening_queue_boxes,8.0,12.0
30,opening_queue_boxes,8.0,12.0
31,opening_queue_boxes,4.0,8.0
32,opening_queue_boxes,4.0,8.0
33,opening_queue_boxes,4.0,8.0
34,opening_queue_boxes,10.0,16.0
35,opening_queue_boxes,8.0,12.0
36,opening_queue_boxes,8.0,12.0
37,opening_queue_boxes,6.0,12.0
38,opening_queue_boxes,4.0,8.0
39,opening_queue_boxes,12.0,16.0
40,opening_queue_boxes,8.0,12.0
41,opening_queue_boxes,8.0,12.0
42,opening_queue_boxes,8.0,12.0
43,opening_queue_boxes,4.0,8.0
44,opening_queue_boxes,4.0,8.0
45,opening_queue_boxes,4.0,8.0
46,opening_queue_boxes,10.0,16.0
47,opening_queue_boxes,8.0,12.0
48,opening_queue_boxes,8.0,12.0
49,opening_queue_boxes,6.0,12.0
50,opening_queue_boxes,4.0,8.0
51,opening_queue_boxes,4.0,8.0
52,opening_queue_boxes,12.0,16.0
53,opening_queue_boxes,8.0,12.0
54,opening_queue_boxes,8.0,12.0
55,opening_queue_boxes,4.0,8.0
56,opening_queue_boxes,4.0,8.0
57,opening_queue_boxes,4.0,8.0
58,opening_queue_boxes,10.0,16.0
59,opening_queue_boxes,8.0,12.0
60,opening_queue_boxes,8.0,12.0
61,opening_queue_boxes,6.0,12.0
62,opening_queue_boxes,4.0,8.0
63,opening_queue_boxes,4.0,8.0
64,opening_queue_boxes,12.0,16.0
65,opening_queue_boxes,8.0,12.0
66,opening_queue_boxes,8.0,12.0
67,opening_queue_boxes,4.0,8.0
68,opening_queue_boxes,4.0,8.0
69,opening_queue_boxes,4.0,8.0
70,opening_queue_boxes,10.0,16.0
71,opening_queue_boxes,8.0,12.0
72,opening_queue_boxes,8.0,12.0
73,opening_queue_boxes,6.0,12.0
74,opening_queue_boxes,4.0,8.0
75,opening_queue_boxes,4.0,8.0
76,opening_queue_boxes,12.0,16.0
77,opening_queue_boxes,8.0,12.0
78,opening_queue_boxes,8.0,12.0
79,opening_queue_boxes,4.0,8.0
80,opening_queue_boxes,4.0,8.0
81,opening_queue_boxes,4.0,8.0
82,opening_queue_boxes,10.0,16.0
83,opening_queue_boxes,8.0,12.0
84,opening_queue_boxes,8.0,12.0
85,opening_queue_boxes,6.0,12.0
86,opening_queue_boxes,4.0,8.0
87,opening_queue_boxes,12.0,16.0
88,opening_queue_boxes,8.0,12.0
89,opening_queue_boxes,8.0,12.0
90,opening_queue_boxes,8.0,12.0
91,opening_queue_boxes,4.0,8.0
92,opening_queue_boxes,4.0,8.0
93,opening_queue_boxes,4.0,8.0
94,opening_queue_boxes,10.0,16.0
95,opening_queue_boxes,8.0,12.0
96,opening_queue_boxes,8.0,12.0
97,opening_queue_boxes,6.0,12.0
98,opening_queue_boxes,4.0,8.0
99,opening_queue_boxes,12.0,16.0
100,opening_queue_boxes,8.0,12.0
101,opening_queue_boxes,8.0,12.0
102,opening_queue_boxes,8.0,12.0
103,opening_queue_boxes,4.0,8.0
104,opening_queue_boxes,4.0,8.0
105,opening_queue_boxes,4.0,8.0
106,opening_queue_boxes,10.0,16.0
107,opening_queue_boxes,8.0,12.0
108,opening_queue_boxes,8.0,12.0
109,opening_queue_boxes,6.0,12.0
110,opening_queue_boxes,4.0,8.0
111,opening_queue_boxes,12.0,16.0
112,opening_queue_boxes,8.0,12.0
113,opening_queue_boxes,8.0,12.0
114,opening_queue_boxes,8.0,12.0
115,opening_queue_boxes,4.0,8.0
116,opening_queue_boxes,4.0,8.0
117,opening_queue_boxes,4.0,8.0
118,opening_queue_boxes,10.0,16.0
119,opening_queue_boxes,8.0,12.0
120,opening_queue_boxes,8.0,12.0
121,opening_queue_boxes,6.0,12.0
122,opening_queue_boxes,4.0,8.0
123,opening_queue_boxes,12.0,16.0
124,opening_queue_boxes,8.0,12.0
125,opening_queue_boxes,8.0,12.0
126,opening_queue_boxes,8.0,12.0
127,opening_queue_boxes,4.0,8.0
128,opening_queue_boxes,4.0,8.0
129,opening_queue_boxes,4.0,8.0
130,opening_queue_boxes,10.0,16.0
131,opening_queue_boxes,8.0,12.0
132,opening_queue_boxes,8.0,12.0
133,opening_queue_boxes,6.0,12.0
134,opening_queue_boxes,4.0,8.0
135,opening_queue_boxes,12.0,16.0
136,opening_queue_boxes,8.0,12.0
137,opening_queue_boxes,8.0,12.0
138,opening_queue_boxes,8.0,12.0
139,opening_queue_boxes,4.0,8.0
140,opening_queue_boxes,4.0,8.0
141,opening_queue_boxes,4.0,8.0
142,opening_queue_boxes,10.0,16.0
143,opening_queue_boxes,8.0,12.0
144,opening_queue_boxes,8.0,12.0
145,opening_queue_boxes,6.0,12.0
146,opening_queue_boxes,4.0,8.0
147,opening_queue_boxes,12.0,16.0
148,opening_queue_boxes,8.0,12.0
149,opening_queue_boxes,8.0,12.0
150,opening_queue_boxes,8.0,12.0
151,opening_queue_boxes,4.0,8.0
152,opening_queue_boxes,4.0,8.0
153,opening_queue_boxes,4.0,8.0
154,opening_queue_boxes,10.0,16.0
155,opening_queue_boxes,8.0,12.0
156,opening_queue_boxes,8.0,12.0
157,opening_queue_boxes,6.0,12.0
158,opening_queue_boxes,4.0,8.0
159,opening_queue_boxes,12.0,16.0
160,opening_queue_boxes,8.0,12.0
161,opening_queue_boxes,8.0,12.0
162,opening_queue_boxes,8.0,12.0
163,opening_queue_boxes,4.0,8.0
164,opening_queue_boxes,4.0,8.0
165,opening_queue_boxes,4.0,8.0
166,opening_queue_boxes,10.0,16.0
167,opening_queue_boxes,8.0,12.0
168,opening_queue_boxes,8.0,12.0
169,opening_queue_boxes,6.0,12.0
170,opening_queue_boxes,4.0,8.0
171,opening_queue_boxes,14.0,20.0
172,opening_queue_boxes,12.0,16.0
173,opening_queue_boxes,8.0,12.0
174,opening_queue_boxes,8.0,12.0
175,opening_queue_boxes,4.0,8.0
176,opening_queue_boxes,4.0,8.0
177,opening_queue_boxes,4.0,8.0
178,opening_queue_boxes,10.0,16.0
179,opening_queue_boxes,8.0,12.0
180,opening_queue_boxes,8.0,12.0
181,opening_queue_boxes,6.0,12.0
182,opening_queue_boxes,4.0,8.0
183,opening_queue_boxes,4.0,8.0
184,opening_queue_boxes,12.0,16.0
185,opening_queue_boxes,8.0,12.0
186,opening_queue_boxes,8.0,12.0
187,opening_queue_boxes,4.0,8.0
188,opening_queue_boxes,4.0,8.0
189,opening_queue_boxes,4.0,8.0
190,opening_queue_boxes,10.0,16.0
191,opening_queue_boxes,8.0,12.0
192,opening_queue_boxes,8.0,12.0
193,opening_queue_boxes,6.0,12.0
194,opening_queue_boxes,4.0,8.0
195,opening_queue_boxes,4.0,8.0
196,opening_queue_boxes,12.0,16.0
197,opening_queue_boxes,8.0,12.0
198,opening_queue_boxes,8.0,12.0
199,opening_queue_boxes,4.0,8.0
200,opening_queue_boxes,4.0,8.0
201,opening_queue_boxes,4.0,8.0
202,opening_queue_boxes,10.0,16.0
203,opening_queue_boxes,8.0,12.0
204,opening_queue_boxes,8.0,12.0
205,opening_queue_boxes,6.0,12.0
206,opening_queue_boxes,4.0,8.0
207,opening_queue_boxes,4.0,8.0
208,opening_queue_boxes,12.0,16.0
209,opening_queue_boxes,8.0,12.0
210,opening_queue_boxes,8.0,12.0
211,opening_queue_boxes,4.0,8.0
212,opening_queue_boxes,4.0,8.0
213,opening_queue_boxes,4.0,8.0
214,opening_queue_boxes,10.0,16.0
215,opening_queue_boxes,8.0,12.0
216,opening_queue_boxes,8.0,12.0
217,opening_queue_boxes,6.0,12.0
218,opening_queue_boxes,4.0,8.0
219,opening_queue_boxes,4.0,8.0
220,opening_queue_boxes,12.0,16.0
221,opening_queue_boxes,8.0,12.0
222,opening_queue_boxes,8.0,12.0
223,opening_queue_boxes,4.0,8.0
224,opening_queue_boxes,4.0,8.0
225,opening_queue_boxes,4.0,8.0
226,opening_queue_boxes,10.0,16.0
227,opening_queue_boxes,8.0,12.0
228,opening_queue_boxes,8.0,12.0
229,opening_queue_boxes,6.0,12.0
230,opening_queue_boxes,4.0,8.0
231,opening_queue_boxes,4.0,8.0
232,opening_queue_boxes,12.0,16.0
233,opening_queue_boxes,8.0,12.0
234,opening_queue_boxes,8.0,12.0
235,opening_queue_boxes,4.0,8.0
236,opening_queue_boxes,4.0,8.0
237,opening_queue_boxes,4.0,8.0
238,opening_queue_boxes,10.0,16.0
239,opening_queue_boxes,8.0,12.0
240,opening_queue_boxes,8.0,12.0
241,opening_queue_boxes,6.0,12.0
242,opening_queue_boxes,4.0,8.0
243,opening_queue_boxes,4.0,8.0
244,opening_queue_boxes,12.0,16.0
245,opening_queue_boxes,8.0,12.0
246,opening_queue_boxes,8.0,12.0
247,opening_queue_boxes,4.0,8.0
248,opening_queue_boxes,4.0,8.0
249,opening_queue_boxes,4.0,8.0
250,opening_queue_boxes,10.0,16.0
251,opening_queue_boxes,8.0,12.0
252,opening_queue_boxes,8.0,12.0
253,opening_queue_boxes,6.0,12.0
254,opening_queue_boxes,4.0,8.0
255,opening_queue_boxes,4.0,8.0
256,opening_queue_boxes,12.0,16.0
257,opening_queue_boxes,8.0,12.0
258,opening_queue_boxes,8.0,12.0
259,opening_queue_boxes,4.0,8.0
260,opening_queue_boxes,4.0,8.0
261,opening_queue_boxes,4.0,8.0
262,opening_queue_boxes,10.0,16.0
263,opening_queue_boxes,8.0,12.0
264,opening_queue_boxes,8.0,12.0
265,opening_queue_boxes,6.0,12.0
266,opening_queue_boxes,4.0,8.0
267,opening_queue_boxes,4.0,8.0
268,opening_queue_boxes,12.0,16.0
269,opening_queue_boxes,8.0,12.0
270,opening_queue_boxes,8.0,12.0
271,opening_queue_boxes,4.0,8.0
272,opening_queue_boxes,4.0,8.0
273,opening_queue_boxes,4.0,8.0
274,opening_queue_boxes,10.0,16.0
275,opening_queue_boxes,8.0,12.0
276,opening_queue_boxes,8.0,12.0
277,opening_queue_boxes,6.0,12.0
278,opening_queue_boxes,4.0,8.0
279,opening_queue_boxes,4.0,8.0
280,opening_queue_boxes,12.0,16.0
281,opening_queue_boxes,8.0,12.0
282,opening_queue_boxes,8.0,12.0
283,opening_queue_boxes,4.0,8.0
284,opening_queue_boxes,4.0,8.0
285,opening_queue_boxes,4.0,8.0
286,opening_queue_boxes,10.0,16.0
287,opening_queue_boxes,8.0,12.0
288,opening_queue_boxes,8.0,12.0
289,opening_queue_boxes,6.0,12.0
290,opening_queue_boxes,4.0,8.0
291,opening_queue_boxes,4.0,8.0
292,opening_queue_boxes,12.0,16.0
293,opening_queue_boxes,8.0,12.0
294,opening_queue_boxes,8.0,12.0
295,opening_queue_boxes,4.0,8.0
296,opening_queue_boxes,4.0,8.0
297,opening_queue_boxes,4.0,8.0
298,opening_queue_boxes,10.0,16.0
299,opening_queue_boxes,8.0,12.0
300,opening_queue_boxes,8.0,12.0
301,opening_queue_boxes,6.0,12.0
302,opening_queue_boxes,4.0,8.0
303,opening_queue_boxes,4.0,8.0
304,opening_queue_boxes,12.0,16.0
305,opening_queue_boxes,8.0,12.0
306,opening_queue_boxes,8.0,12.0
307,opening_queue_boxes,4.0,8.0
308,opening_queue_boxes,4.0,8.0
309,opening_queue_boxes,4.0,8.0
310,opening_queue_boxes,10.0,16.0
311,opening_queue_boxes,8.0,12.0
312,opening_queue_boxes,8.0,12.0
313,opening_queue_boxes,6.0,12.0
314,opening_queue_boxes,4.0,8.0
315,opening_queue_boxes,4.0,8.0
316,opening_queue_boxes,12.0,16.0
317,opening_queue_boxes,8.0,12.0
318,opening_queue_boxes,8.0,12.0
319,opening_queue_boxes,4.0,8.0
320,opening_queue_boxes,4.0,8.0
321,opening_queue_boxes,4.0,8.0
322,opening_queue_boxes,10.0,16.0
323,opening_queue_boxes,8.0,12.0
324,opening_queue_boxes,8.0,12.0
325,opening_queue_boxes,6.0,12.0
326,opening_queue_boxes,4.0,8.0
327,opening_queue_boxes,4.0,8.0
328,opening_queue_boxes,12.0,16.0
329,opening_queue_boxes,8.0,12.0
330,opening_queue_boxes,8.0,12.0
331,opening_queue_boxes,4.0,8.0
332,opening_queue_boxes,4.0,8.0
333,opening_queue_boxes,4.0,8.0
334,opening_queue_boxes,10.0,16.0
335,opening_queue_boxes,8.0,12.0
336,opening_queue_boxes,8.0,12.0
337,opening_queue_boxes,6.0,12.0
338,opening_queue_boxes,4.0,8.0
339,opening_queue_boxes,4.0,8.0
340,opening_queue_boxes,12.0,16.0
341,opening_queue_boxes,8.0,12.0
342,opening_queue_boxes,8.0,12.0
343,opening_queue_boxes,4.0,8.0
344,opening_queue_boxes,4.0,8.0
345,opening_queue_boxes,4.0,8.0
346,opening_queue_boxes,10.0,16.0
347,opening_queue_boxes,8.0,12.0
348,opening_queue_boxes,8.0,12.0
349,opening_queue_boxes,6.0,12.0
350,opening_queue_boxes,4.0,8.0
351,opening_queue_boxes,4.0,8.0
352,opening_queue_boxes,12.0,16.0
353,opening_queue_boxes,8.0,12.0
354,opening_queue_boxes,8.0,12.0
355,opening_queue_boxes,4.0,8.0
356,opening_queue_boxes,4.0,8.0
357,opening_queue_boxes,4.0,8.0
358,opening_queue_boxes,10.0,16.0
359,opening_queue_boxes,8.0,12.0
360,opening_queue_boxes,8.0,12.0
361,opening_queue_boxes,6.0,12.0
362,opening_queue_boxes,4.0,8.0
363,opening_queue_boxes,4.0,8.0
364,opening_queue_boxes,12.0,16.0
365,opening_queue_boxes,8.0,12.0
366,opening_queue_boxes,8.0,12.0
367,opening_queue_boxes,4.0,8.0
368,opening_queue_boxes,4.0,8.0
369,opening_queue_boxes,4.0,8.0
370,opening_queue_boxes,10.0,16.0
371,opening_queue_boxes,8.0,12.0
372,opening_queue_boxes,8.0,12.0
373,opening_queue_boxes,6.0,12.0
374,opening_queue_boxes,4.0,8.0
375,opening_queue_boxes,4.0,8.0
376,opening_queue_boxes,12.0,16.0
377,opening_queue_boxes,8.0,12.0
378,opening_queue_boxes,8.0,12.0
379,opening_queue_boxes,4.0,8.0
380,opening_queue_boxes,4.0,8.0
381,opening_queue_boxes,4.0,8.0
382,opening_queue_boxes,10.0,16.0
383,opening_queue_boxes,8.0,12.0
384,opening_queue_boxes,8.0,12.0
385,opening_queue_boxes,6.0,12.0
386,opening_queue_boxes,4.0,8.0
387,opening_queue_boxes,4.0,8.0
388,opening_queue_boxes,12.0,16.0
389,opening_queue_boxes,8.0,12.0
390,opening_queue_boxes,8.0,12.0
391,opening_queue_boxes,4.0,8.0
392,opening_queue_boxes,4.0,8.0
393,opening_queue_boxes,4.0,8.0
394,opening_queue_boxes,10.0,16.0
395,opening_queue_boxes,8.0,12.0
396,opening_queue_boxes,8.0,12.0
397,opening_queue_boxes,6.0,12.0
398,opening_queue_boxes,4.0,8.0
399,opening_queue_boxes,4.0,8.0
400,opening_queue_boxes,12.0,16.0
401,opening_queue_boxes,8.0,12.0
402,opening_queue_boxes,8.0,12.0
403,opening_queue_boxes,4.0,8.0
404,opening_queue_boxes,4.0,8.0
405,opening_queue_boxes,4.0,8.0
406,opening_queue_boxes,10.0,16.0
407,opening_queue_boxes,8.0,12.0
408,opening_queue_boxes,8.0,12.0
409,opening_queue_boxes,6.0,12.0
410,opening_queue_boxes,4.0,8.0
411,opening_queue_boxes,4.0,8.0
412,opening_queue_boxes,12.0,16.0
413,opening_queue_boxes,8.0,12.0
414,opening_queue_boxes,8.0,12.0
415,opening_queue_boxes,4.0,8.0
416,opening_queue_boxes,4.0,8.0
417,opening_queue_boxes,4.0,8.0
418,opening_queue_boxes,10.0,16.0
419,opening_queue_boxes,8.0,12.0
420,opening_queue_boxes,8.0,12.0
421,opening_queue_boxes,6.0,12.0
422,opening_queue_boxes,4.0,8.0
423,opening_queue_boxes,4.0,8.0
424,opening_queue_boxes,12.0,16.0
425,opening_queue_boxes,8.0,12.0
426,opening_queue_boxes,8.0,12.0
427,opening_queue_boxes,4.0,8.0
428,opening_queue_boxes,4.0,8.0
429,opening_queue_boxes,4.0,8.0
430,opening_queue_boxes,10.0,16.0
431,opening_queue_boxes,8.0,12.0
432,opening_queue_boxes,8.0,12.0
433,opening_queue_boxes,6.0,12.0
434,opening_queue_boxes,4.0,8.0
435,opening_queue_boxes,4.0,8.0
436,opening_queue_boxes,12.0,16.0
437,opening_queue_boxes,8.0,12.0
438,opening_queue_boxes,8.0,12.0
439,opening_queue_boxes,4.0,8.0
440,opening_queue_boxes,4.0,8.0
441,opening_queue_boxes,4.0,8.0
442,opening_queue_boxes,10.0,16.0
443,opening_queue_boxes,8.0,12.0
444,opening_queue_boxes,8.0,12.0
445,opening_queue_boxes,6.0,12.0
446,opening_queue_boxes,4.0,8.0
447,opening_queue_boxes,4.0,8.0
448,opening_queue_boxes,12.0,16.0
449,opening_queue_boxes,8.0,12.0
450,opening_queue_boxes,8.0,12.0
451,opening_queue_boxes,4.0,8.0
452,opening_queue_boxes,4.0,8.0
453,opening_queue_boxes,4.0,8.0
454,opening_queue_boxes,10.0,16.0
455,opening_queue_boxes,8.0,12.0
456,opening_queue_boxes,8.0,12.0
457,opening_queue_boxes,6.0,12.0
458,opening_queue_boxes,4.0,8.0
459,opening_queue_boxes,4.0,8.0
460,opening_queue_boxes,12.0,16.0
461,opening_queue_boxes,8.0,12.0
462,opening_queue_boxes,8.0,12.0
463,opening_queue_boxes,4.0,8.0
464,opening_queue_boxes,4.0,8.0
465,opening_queue_boxes,4.0,8.0
466,opening_queue_boxes,10.0,16.0
467,opening_queue_boxes,8.0,12.0
468,opening_queue_boxes,8.0,12.0
469,opening_queue_boxes,6.0,12.0
470,opening_queue_boxes,4.0,8.0
471,opening_queue_boxes,4.0,8.0
472,opening_queue_boxes,12.0,16.0
473,opening_queue_boxes,8.0,12.0
474,opening_queue_boxes,8.0,12.0
475,opening_queue_boxes,4.0,8.0
476,opening_queue_boxes,4.0,8.0
477,opening_queue_boxes,4.0,8.0
478,opening_queue_boxes,10.0,16.0
479,opening_queue_boxes,8.0,12.0
480,opening_queue_boxes,8.0,12.0
481,opening_queue_boxes,6.0,12.0
482,opening_queue_boxes,4.0,8.0
483,opening_queue_boxes,4.0,8.0
484,opening_queue_boxes,12.0,16.0
485,opening_queue_boxes,8.0,12.0
486,opening_queue_boxes,8.0,12.0
487,opening_queue_boxes,4.0,8.0
488,opening_queue_boxes,4.0,8.0
489,opening_queue_boxes,4.0,8.0
490,opening_queue_boxes,10.0,16.0
491,opening_queue_boxes,8.0,12.0
492,opening_queue_boxes,8.0,12.0
493,opening_queue_boxes,6.0,12.0
494,opening_queue_boxes,4.0,8.0
495,opening_queue_boxes,4.0,8.0
496,opening_queue_boxes,12.0,16.0
497,opening_queue_boxes,8.0,12.0
498,opening_queue_boxes,8.0,12.0
499,opening_queue_boxes,4.0,8.0
500,opening_queue_boxes,4.0,8.0
501,opening_queue_boxes,4.0,8.0
502,opening_queue_boxes,10.0,16.0
503,opening_queue_boxes,8.0,12.0
504,opening_queue_boxes,8.0,12.0
505,opening_queue_boxes,6.0,12.0
506,opening_queue_boxes,4.0,8.0
507,opening_queue_boxes,4.0,8.0
508,opening_queue_boxes,12.0,16.0
509,opening_queue_boxes,8.0,12.0
510,opening_queue_boxes,8.0,12.0
511,opening_queue_boxes,4.0,8.0
512,opening_queue_boxes,4.0,8.0
513,opening_queue_boxes,4.0,8.0
514,opening_queue_boxes,10.0,16.0
515,opening_queue_boxes,8.0,12.0
516,opening_queue_boxes,8.0,12.0
517,opening_queue_boxes,6.0,12.0
518,opening_queue_boxes,4.0,8.0
519,opening_queue_boxes,4.0,8.0
520,opening_queue_boxes,12.0,16.0
521,opening_queue_boxes,8.0,12.0
522,opening_queue_boxes,8.0,12.0
523,opening_queue_boxes,4.0,8.0
524,opening_queue_boxes,4.0,8.0
525,opening_queue_boxes,4.0,8.0
526,opening_queue_boxes,10.0,16.0
527,opening_queue_boxes,8.0,12.0
528,opening_queue_boxes,8.0,12.0
529,opening_queue_boxes,6.0,12.0
530,opening_queue_boxes,4.0,8.0
531,opening_queue_boxes,4.0,8.0
532,opening_queue_boxes,12.0,16.0
533,opening_queue_boxes,8.0,12.0
534,opening_queue_boxes,8.0,12.0
535,opening_queue_boxes,4.0,8.0
536,opening_queue_boxes,4.0,8.0
537,opening_queue_boxes,4.0,8.0
538,opening_queue_boxes,10.0,16.0
539,opening_queue_boxes,8.0,12.0
540,opening_queue_boxes,8.0,12.0
541,opening_queue_boxes,6.0,12.0
542,opening_queue_boxes,4.0,8.0
543,opening_queue_boxes,4.0,8.0
544,opening_queue_boxes,12.0,16.0
545,opening_queue_boxes,8.0,12.0
546,opening_queue_boxes,8.0,12.0
547,opening_queue_boxes,4.0,8.0
548,opening_queue_boxes,4.0,8.0
549,opening_queue_boxes,4.0,8.0
550,opening_queue_boxes,10.0,16.0
551,opening_queue_boxes,8.0,12.0
552,opening_queue_boxes,8.0,12.0
553,opening_queue_boxes,6.0,12.0
554,opening_queue_boxes,4.0,8.0
555,opening_queue_boxes,4.0,8.0
556,opening_queue_boxes,12.0,16.0
557,opening_queue_boxes,8.0,12.0
558,opening_queue_boxes,8.0,12.0
559,opening_queue_boxes,4.0,8.0
560,opening_queue_boxes,4.0,8.0
561,opening_queue_boxes,4.0,8.0
562,opening_queue_boxes,10.0,16.0
563,opening_queue_boxes,8.0,12.0
564,opening_queue_boxes,8.0,12.0
565,opening_queue_boxes,6.0,12.0
566,opening_queue_boxes,4.0,8.0
567,opening_queue_boxes,4.0,8.0
568,opening_queue_boxes,12.0,16.0
569,opening_queue_boxes,8.0,12.0
570,opening_queue_boxes,8.0,12.0
571,opening_queue_boxes,4.0,8.0
572,opening_queue_boxes,4.0,8.0
573,opening_queue_boxes,4.0,8.0
574,opening_queue_boxes,10.0,16.0
575,opening_queue_boxes,8.0,12.0
576,opening_queue_boxes,8.0,12.0
577,opening_queue_boxes,6.0,12.0
578,opening_queue_boxes,4.0,8.0
579,opening_queue_boxes,4.0,8.0
580,opening_queue_boxes,12.0,16.0
581,opening_queue_boxes,8.0,12.0
582,opening_queue_boxes,8.0,12.0
583,opening_queue_boxes,4.0,8.0
584,opening_queue_boxes,4.0,8.0
585,opening_queue_boxes,4.0,8.0
586,opening_queue_boxes,10.0,16.0
587,opening_queue_boxes,8.0,12.0
588,opening_queue_boxes,8.0,12.0
589,opening_queue_boxes,6.0,12.0
590,opening_queue_boxes,4.0,8.0
591,opening_queue_boxes,4.0,8.0
592,opening_queue_boxes,12.0,16.0
593,opening_queue_boxes,8.0,12.0
594,opening_queue_boxes,8.0,12.0
595,opening_queue_boxes,4.0,8.0
596,opening_queue_boxes,4.0,8.0
597,opening_queue_boxes,4.0,8.0
598,opening_queue_boxes,10.0,16.0
599,opening_queue_boxes,8.0,12.0
600,opening_queue_boxes,8.0,12.0
601,opening_queue_boxes,6.0,12.0
602,opening_queue_boxes,4.0,8.0
603,opening_queue_boxes,4.0,8.0
604,opening_queue_boxes,12.0,16.0
605,opening_queue_boxes,8.0,12.0
606,opening_queue_boxes,8.0,12.0
607,opening_queue_boxes,4.0,8.0
608,opening_queue_boxes,4.0,8.0
609,opening_queue_boxes,4.0,8.0
610,opening_queue_boxes,10.0,16.0
611,opening_queue_boxes,8.0,12.0
612,opening_queue_boxes,8.0,12.0
613,opening_queue_boxes,6.0,12.0
614,opening_queue_boxes,4.0,8.0
615,opening_queue_boxes,4.0,8.0
616,opening_queue_boxes,12.0,16.0
617,opening_queue_boxes,8.0,12.0
618,opening_queue_boxes,8.0,12.0
619,opening_queue_boxes,4.0,8.0
620,opening_queue_boxes,4.0,8.0
621,opening_queue_boxes,4.0,8.0
622,opening_queue_boxes,10.0,16.0
623,opening_queue_boxes,8.0,12.0
624,opening_queue_boxes,8.0,12.0
625,opening_queue_boxes,6.0,12.0
626,opening_queue_boxes,4.0,8.0
627,opening_queue_boxes,4.0,8.0
628,opening_queue_boxes,12.0,16.0
629,opening_queue_boxes,8.0,12.0
630,opening_queue_boxes,8.0,12.0
631,opening_queue_boxes,4.0,8.0
632,opening_queue_boxes,4.0,8.0
633,opening_queue_boxes,4.0,8.0
634,opening_queue_boxes,10.0,16.0
635,opening_queue_boxes,8.0,12.0
636,opening_queue_boxes,8.0,12.0
637,opening_queue_boxes,6.0,12.0
638,opening_queue_boxes,4.0,8.0
639,opening_queue_boxes,4.0,8.0
640,opening_queue_boxes,12.0,16.0
641,opening_queue_boxes,8.0,12.0
642,opening_queue_boxes,8.0,12.0
643,opening_queue_boxes,4.0,8.0
644,opening_queue_boxes,4.0,8.0
645,opening_queue_boxes,4.0,8.0
646,opening_queue_boxes,10.0,16.0
647,opening_queue_boxes,8.0,12.0
648,opening_queue_boxes,8.0,12.0
649,opening_queue_boxes,6.0,12.0
650,opening_queue_boxes,4.0,8.0
651,opening_queue_boxes,4.0,8.0
652,opening_queue_boxes,12.0,16.0
653,opening_queue_boxes,8.0,12.0
654,opening_queue_boxes,8.0,12.0
655,opening_queue_boxes,4.0,8.0
656,opening_queue_boxes,4.0,8.0
657,opening_queue_boxes,4.0,8.0
658,opening_queue_boxes,10.0,16.0
659,opening_queue_boxes,8.0,12.0
660,opening_queue_boxes,8.0,12.0
661,opening_queue_boxes,6.0,12.0
662,opening_queue_boxes,4.0,8.0
663,opening_queue_boxes,4.0,8.0
664,opening_queue_boxes,12.0,16.0
665,opening_queue_boxes,8.0,12.0
666,opening_queue_boxes,8.0,12.0
667,opening_queue_boxes,4.0,8.0
668,opening_queue_boxes,4.0,8.0
669,opening_queue_boxes,4.0,8.0
670,opening_queue_boxes,10.0,16.0
671,opening_queue_boxes,8.0,12.0
672,opening_queue_boxes,8.0,12.0
673,opening_queue_boxes,6.0,12.0
674,opening_queue_boxes,4.0,8.0
675,opening_queue_boxes,4.0,8.0
676,opening_queue_boxes,12.0,16.0
677,opening_queue_boxes,8.0,12.0
678,opening_queue_boxes,8.0,12.0
679,opening_queue_boxes,4.0,8.0
680,opening_queue_boxes,4.0,8.0
681,opening_queue_boxes,4.0,8.0
682,opening_queue_boxes,10.0,16.0
683,opening_queue_boxes,8.0,12.0
684,opening_queue_boxes,8.0,12.0
685,opening_queue_boxes,6.0,12.0
686,opening_queue_boxes,4.0,8.0
687,opening_queue_boxes,4.0,8.0
688,opening_queue_boxes,12.0,16.0
689,opening_queue_boxes,8.0,12.0
690,opening_queue_boxes,8.0,12.0
691,opening_queue_boxes,4.0,8.0
692,opening_queue_boxes,4.0,8.0
693,opening_queue_boxes,4.0,8.0
694,opening_queue_boxes,10.0,16.0
695,opening_queue_boxes,8.0,12.0
696,opening_queue_boxes,8.0,12.0
697,opening_queue_boxes,6.0,12.0
698,opening_queue_boxes,4.0,8.0
699,opening_queue_boxes,4.0,8.0
700,opening_queue_boxes,12.0,16.0
701,opening_queue_boxes,8.0,12.0
702,opening_queue_boxes,8.0,12.0
703,opening_queue_boxes,4.0,8.0
704,opening_queue_boxes,4.0,8.0
705,opening_queue_boxes,4.0,8.0
706,opening_queue_boxes,10.0,16.0
707,opening_queue_boxes,8.0,12.0
708,opening_queue_boxes,8.0,12.0
709,opening_queue_boxes,6.0,12.0
710,opening_queue_boxes,4.0,8.0
711,opening_queue_boxes,4.0,8.0
712,opening_queue_boxes,12.0,16.0
713,opening_queue_boxes,8.0,12.0
714,opening_queue_boxes,8.0,12.0
715,opening_queue_boxes,4.0,8.0
716,opening_queue_boxes,4.0,8.0
717,opening_queue_boxes,4.0,8.0
718,opening_queue_boxes,10.0,16.0
719,opening_queue_boxes,8.0,12.0
720,opening_queue_boxes,8.0,12.0
721,opening_queue_boxes,6.0,12.0
722,opening_queue_boxes,4.0,8.0
723,opening_queue_boxes,4.0,8.0
724,opening_queue_boxes,12.0,16.0
725,opening_queue_boxes,8.0,12.0
726,opening_queue_boxes,8.0,12.0
727,opening_queue_boxes,4.0,8.0
728,opening_queue_boxes,4.0,8.0
729,opening_queue_boxes,4.0,8.0
730,opening_queue_boxes,10.0,16.0
731,opening_queue_boxes,8.0,12.0
732,opening_queue_boxes,8.0,12.0
733,opening_queue_boxes,6.0,12.0
734,opening_queue_boxes,4.0,8.0
735,opening_queue_boxes,4.0,8.0
736,opening_queue_boxes,12.0,16.0
737,opening_queue_boxes,8.0,12.0
738,opening_queue_boxes,8.0,12.0
739,opening_queue_boxes,4.0,8.0
740,opening_queue_boxes,4.0,8.0
741,opening_queue_boxes,4.0,8.0
742,opening_queue_boxes,10.0,16.0
743,opening_queue_boxes,8.0,12.0
744,opening_queue_boxes,8.0,12.0
745,opening_queue_boxes,6.0,12.0
746,opening_queue_boxes,4.0,8.0
747,opening_queue_boxes,4.0,8.0
748,opening_queue_boxes,12.0,16.0
749,opening_queue_boxes,8.0,12.0
750,opening_queue_boxes,8.0,12.0
751,opening_queue_boxes,4.0,8.0
752,opening_queue_boxes,4.0,8.0
753,opening_queue_boxes,4.0,8.0
754,opening_queue_boxes,10.0,16.0
755,opening_queue_boxes,8.0,12.0
756,opening_queue_boxes,8.0,12.0
757,opening_queue_boxes,6.0,12.0
758,opening_queue_boxes,4.0,8.0
759,opening_queue_boxes,4.0,8.0
760,opening_queue_boxes,12.0,16.0
761,opening_queue_boxes,8.0,12.0
762,opening_queue_boxes,8.0,12.0
763,opening_queue_boxes,4.0,8.0
764,opening_queue_boxes,4.0,8.0
765,opening_queue_boxes,4.0,8.0
766,opening_queue_boxes,10.0,16.0
767,opening_queue_boxes,8.0,12.0
768,opening_queue_boxes,8.0,12.0
769,opening_queue_boxes,6.0,12.0
770,opening_queue_boxes,4.0,8.0
771,opening_queue_boxes,4.0,8.0
772,opening_queue_boxes,12.0,16.0
773,opening_queue_boxes,8.0,12.0
774,opening_queue_boxes,8.0,12.0
775,opening_queue_boxes,4.0,8.0
776,opening_queue_boxes,4.0,8.0
777,opening_queue_boxes,4.0,8.0
778,opening_queue_boxes,10.0,16.0
779,opening_queue_boxes,8.0,12.0
780,opening_queue_boxes,8.0,12.0
781,opening_queue_boxes,6.0,12.0
782,opening_queue_boxes,4.0,8.0
783,opening_queue_boxes,4.0,8.0
784,opening_queue_boxes,12.0,16.0
785,opening_queue_boxes,8.0,12.0
786,opening_queue_boxes,8.0,12.0
787,opening_queue_boxes,4.0,8.0
788,opening_queue_boxes,4.0,8.0
789,opening_queue_boxes,4.0,8.0
790,opening_queue_boxes,10.0,16.0
791,opening_queue_boxes,8.0,12.0
792,opening_queue_boxes,8.0,12.0
793,opening_queue_boxes,6.0,12.0
794,opening_queue_boxes,4.0,8.0
795,opening_queue_boxes,4.0,8.0
796,opening_queue_boxes,12.0,16.0
797,opening_queue_boxes,8.0,12.0
798,opening_queue_boxes,8.0,12.0
799,opening_queue_boxes,4.0,8.0
800,opening_queue_boxes,4.0,8.0
801,opening_queue_boxes,4.0,8.0
802,opening_queue_boxes,10.0,16.0
803,opening_queue_boxes,8.0,12.0
804,opening_queue_boxes,8.0,12.0
805,opening_queue_boxes,6.0,12.0
806,opening_queue_boxes,4.0,8.0
807,opening_queue_boxes,4.0,8.0
808,opening_queue_boxes,12.0,16.0
809,opening_queue_boxes,8.0,12.0
810,opening_queue_boxes,8.0,12.0
811,opening_queue_boxes,4.0,8.0
812,opening_queue_boxes,4.0,8.0
813,opening_queue_boxes,4.0,8.0
814,opening_queue_boxes,10.0,16.0
815,opening_queue_boxes,8.0,12.0
816,opening_queue_boxes,8.0,12.0
817,opening_queue_boxes,6.0,12.0
818,opening_queue_boxes,4.0,8.0
819,opening_queue_boxes,4.0,8.0
820,opening_queue_boxes,12.0,16.0
821,opening_queue_boxes,8.0,12.0
822,opening_queue_boxes,8.0,12.0
823,opening_queue_boxes,4.0,8.0
824,opening_queue_boxes,4.0,8.0
825,opening_queue_boxes,4.0,8.0
826,opening_queue_boxes,10.0,16.0
827,opening_queue_boxes,8.0,12.0
828,opening_queue_boxes,8.0,12.0
829,opening_queue_boxes,6.0,12.0
830,opening_queue_boxes,4.0,8.0
831,opening_queue_boxes,4.0,8.0
832,opening_queue_boxes,12.0,16.0
833,opening_queue_boxes,8.0,12.0
834,opening_queue_boxes,8.0,12.0
835,opening_queue_boxes,4.0,8.0
836,opening_queue_boxes,4.0,8.0
837,opening_queue_boxes,4.0,8.0
838,opening_queue_boxes,10.0,16.0
839,opening_queue_boxes,8.0,12.0
840,opening_queue_boxes,8.0,12.0
841,opening_queue_boxes,6.0,12.0
842,opening_queue_boxes,4.0,8.0
843,opening_queue_boxes,4.0,8.0
844,opening_queue_boxes,12.0,16.0
845,opening_queue_boxes,8.0,12.0
846,opening_queue_boxes,8.0,12.0
847,opening_queue_boxes,4.0,8.0
848,opening_queue_boxes,4.0,8.0
849,opening_queue_boxes,4.0,8.0
850,opening_queue_boxes,10.0,16.0
851,opening_queue_boxes,8.0,12.0
852,opening_queue_boxes,8.0,12.0
853,opening_queue_boxes,6.0,12.0
854,opening_queue_boxes,4.0,8.0
855,opening_queue_boxes,4.0,8.0
856,opening_queue_boxes,12.0,16.0
857,opening_queue_boxes,8.0,12.0
858,opening_queue_boxes,8.0,12.0
859,opening_queue_boxes,4.0,8.0
860,opening_queue_boxes,4.0,8.0
861,opening_queue_boxes,4.0,8.0
862,opening_queue_boxes,10.0,16.0
863,opening_queue_boxes,8.0,12.0
864,opening_queue_boxes,8.0,12.0
865,opening_queue_boxes,6.0,12.0
866,opening_queue_boxes,4.0,8.0
867,opening_queue_boxes,4.0,8.0
868,opening_queue_boxes,12.0,16.0
869,opening_queue_boxes,8.0,12.0
870,opening_queue_boxes,8.0,12.0
871,opening_queue_boxes,4.0,8.0
872,opening_queue_boxes,4.0,8.0
873,opening_queue_boxes,4.0,8.0
874,opening_queue_boxes,10.0,16.0
875,opening_queue_boxes,8.0,12.0
876,opening_queue_boxes,8.0,12.0
877,opening_queue_boxes,6.0,12.0
878,opening_queue_boxes,4.0,8.0
879,opening_queue_boxes,4.0,8.0
880,opening_queue_boxes,12.0,16.0
881,opening_queue_boxes,8.0,12.0
882,opening_queue_boxes,8.0,12.0
883,opening_queue_boxes,4.0,8.0
884,opening_queue_boxes,4.0,8.0
885,opening_queue_boxes,4.0,8.0
886,opening_queue_boxes,10.0,16.0
887,opening_queue_boxes,8.0,12.0
888,opening_queue_boxes,8.0,12.0
889,opening_queue_boxes,6.0,12.0
890,opening_queue_boxes,4.0,8.0
891,opening_queue_boxes,4.0,8.0
892,opening_queue_boxes,12.0,16.0
893,opening_queue_boxes,8.0,12.0
894,opening_queue_boxes,8.0,12.0
895,opening_queue_boxes,4.0,8.0
896,opening_queue_boxes,4.0,8.0
897,opening_queue_boxes,4.0,8.0
898,opening_queue_boxes,10.0,16.0
899,opening_queue_boxes,8.0,12.0
900,opening_queue_boxes,8.0,12.0
901,opening_queue_boxes,6.0,12.0
902,opening_queue_boxes,4.0,8.0
903,opening_queue_boxes,4.0,8.0
904,opening_queue_boxes,12.0,16.0
905,opening_queue_boxes,8.0,12.0
906,opening_queue_boxes,8.0,12.0
907,opening_queue_boxes,4.0,8.0
908,opening_queue_boxes,4.0,8.0
909,opening_queue_boxes,4.0,8.0
910,opening_queue_boxes,10.0,16.0
911,opening_queue_boxes,8.0,12.0
912,opening_queue_boxes,8.0,12.0
913,opening_queue_boxes,6.0,12.0
914,opening_queue_boxes,4.0,8.0
915,opening_queue_boxes,4.0,8.0
916,opening_queue_boxes,12.0,16.0
917,opening_queue_boxes,8.0,12.0
918,opening_queue_boxes,8.0,12.0
919,opening_queue_boxes,4.0,8.0
920,opening_queue_boxes,4.0,8.0
921,opening_queue_boxes,4.0,8.0
922,opening_queue_boxes,10.0,16.0
923,opening_queue_boxes,8.0,12.0
924,opening_queue_boxes,8.0,12.0
925,opening_queue_boxes,6.0,12.0
926,opening_queue_boxes,4.0,8.0
927,opening_queue_boxes,4.0,8.0
928,opening_queue_boxes,12.0,16.0
929,opening_queue_boxes,8.0,12.0
930,opening_queue_boxes,8.0,12.0
931,opening_queue_boxes,4.0,8.0
932,opening_queue_boxes,4.0,8.0
933,opening_queue_boxes,4.0,8.0
934,opening_queue_boxes,10.0,16.0
935,opening_queue_boxes,8.0,12.0
936,opening_queue_boxes,8.0,12.0
937,opening_queue_boxes,6.0,12.0
938,opening_queue_boxes,4.0,8.0
939,opening_queue_boxes,4.0,8.0
940,opening_queue_boxes,12.0,16.0
941,opening_queue_boxes,8.0,12.0
942,opening_queue_boxes,8.0,12.0
943,opening_queue_boxes,4.0,8.0
944,opening_queue_boxes,4.0,8.0
945,opening_queue_boxes,4.0,8.0
946,opening_queue_boxes,10.0,16.0
947,opening_queue_boxes,8.0,12.0
948,opening_queue_boxes,8.0,12.0
949,opening_queue_boxes,6.0,12.0
950,opening_queue_boxes,4.0,8.0
951,opening_queue_boxes,4.0,8.0
952,opening_queue_boxes,12.0,16.0
953,opening_queue_boxes,8.0,12.0
954,opening_queue_boxes,8.0,12.0
955,opening_queue_boxes,4.0,8.0
956,opening_queue_boxes,4.0,8.0
957,opening_queue_boxes,4.0,8.0
958,opening_queue_boxes,10.0,16.0
959,opening_queue_boxes,8.0,12.0
960,opening_queue_boxes,8.0,12.0
961,opening_queue_boxes,6.0,12.0
962,opening_queue_boxes,4.0,8.0
963,opening_queue_boxes,4.0,8.0
964,opening_queue_boxes,12.0,16.0
965,opening_queue_boxes,8.0,12.0
966,opening_queue_boxes,8.0,12.0
967,opening_queue_boxes,4.0,8.0
968,opening_queue_boxes,4.0,8.0
969,opening_queue_boxes,4.0,8.0
970,opening_queue_boxes,10.0,16.0
971,opening_queue_boxes,8.0,12.0
972,opening_queue_boxes,8.0,12.0
973,opening_queue_boxes,6.0,12.0
974,opening_queue_boxes,4.0,8.0
975,opening_queue_boxes,4.0,8.0
976,opening_queue_boxes,12.0,16.0
977,opening_queue_boxes,8.0,12.0
978,opening_queue_boxes,8.0,12.0
979,opening_queue_boxes,4.0,8.0
980,opening_queue_boxes,4.0,8.0
981,opening_queue_boxes,4.0,8.0
982,opening_queue_boxes,10.0,16.0
983,opening_queue_boxes,8.0,12.0
984,opening_queue_boxes,8.0,12.0
985,opening_queue_boxes,6.0,12.0
986,opening_queue_boxes,4.0,8.0
987,opening_queue_boxes,4.0,8.0
988,opening_queue_boxes,12.0,16.0
989,opening_queue_boxes,8.0,12.0
990,opening_queue_boxes,8.0,12.0
991,opening_queue_boxes,4.0,8.0
992,opening_queue_boxes,4.0,8.0
993,opening_queue_boxes,4.0,8.0
994,opening_queue_boxes,10.0,16.0
995,opening_queue_boxes,8.0,12.0
996,opening_queue_boxes,8.0,12.0
997,opening_queue_boxes,6.0,12.0
998,opening_queue_boxes,4.0,8.0
999,opening_queue_boxes,4.0,8.0
1000,opening_queue_boxes,12.0,16.0
1001,opening_queue_boxes,8.0,12.0
1002,opening_queue_boxes,8.0,12.0
1003,opening_queue_boxes,4.0,8.0
1004,opening_queue_boxes,4.0,8.0
1005,opening_queue_boxes,4.0,8.0
1006,opening_queue_boxes,10.0,16.0
1007,opening_queue_boxes,8.0,12.0
1008,opening_queue_boxes,8.0,12.0
1009,opening_queue_boxes,6.0,12.0
1010,opening_queue_boxes,4.0,8.0
1011,opening_queue_boxes,4.0,8.0
1012,opening_queue_boxes,12.0,16.0
1013,opening_queue_boxes,8.0,12.0
1014,opening_queue_boxes,8.0,12.0
1015,opening_queue_boxes,4.0,8.0
1016,opening_queue_boxes,4.0,8.0
1017,opening_queue_boxes,4.0,8.0
1018,opening_queue_boxes,10.0,16.0
1019,opening_queue_boxes,8.0,12.0
1020,opening_queue_boxes,8.0,12.0
1021,opening_queue_boxes,6.0,12.0
1022,opening_queue_boxes,4.0,8.0
1023,opening_queue_boxes,4.0,8.0
1024,opening_queue_boxes,12.0,16.0
1025,opening_queue_boxes,8.0,12.0
1026,opening_queue_boxes,8.0,12.0
1027,opening_queue_boxes,4.0,8.0
1028,opening_queue_boxes,4.0,8.0
1029,opening_queue_boxes,4.0,8.0
1030,opening_queue_boxes,10.0,16.0
1031,opening_queue_boxes,8.0,12.0
1032,opening_queue_boxes,8.0,12.0
1033,opening_queue_boxes,6.0,12.0
1034,opening_queue_boxes,4.0,8.0
1035,opening_queue_boxes,4.0,8.0
1036,opening_queue_boxes,12.0,16.0
1037,opening_queue_boxes,8.0,12.0
1038,opening_queue_boxes,8.0,12.0
1039,opening_queue_boxes,4.0,8.0
1040,opening_queue_boxes,4.0,8.0
1041,opening_queue_boxes,4.0,8.0
1042,opening_queue_boxes,10.0,16.0
1043,opening_queue_boxes,8.0,12.0
1044,opening_queue_boxes,8.0,12.0
1045,opening_queue_boxes,6.0,12.0
1046,opening_queue_boxes,4.0,8.0
1047,opening_queue_boxes,4.0,8.0
1048,opening_queue_boxes,12.0,16.0
1049,opening_queue_boxes,8.0,12.0
1050,opening_queue_boxes,8.0,12.0
1051,opening_queue_boxes,4.0,8.0
1052,opening_queue_boxes,4.0,8.0
1053,opening_queue_boxes,4.0,8.0
1054,opening_queue_boxes,10.0,16.0
1055,opening_queue_boxes,8.0,12.0
1056,opening_queue_boxes,8.0,12.0
1057,opening_queue_boxes,6.0,12.0
1058,opening_queue_boxes,4.0,8.0
1059,opening_queue_boxes,4.0,8.0
1060,opening_queue_boxes,12.0,16.0
1061,opening_queue_boxes,8.0,12.0
1062,opening_queue_boxes,8.0,12.0
1063,opening_queue_boxes,4.0,8.0
1064,opening_queue_boxes,4.0,8.0
1065,opening_queue_boxes,4.0,8.0
1066,opening_queue_boxes,10.0,16.0
1067,opening_queue_boxes,8.0,12.0
1068,opening_queue_boxes,8.0,12.0
1069,opening_queue_boxes,6.0,12.0
1070,opening_queue_boxes,4.0,8.0
1071,opening_queue_boxes,4.0,8.0
1072,opening_queue_boxes,12.0,16.0
1073,opening_queue_boxes,8.0,12.0
1074,opening_queue_boxes,8.0,12.0
1075,opening_queue_boxes,4.0,8.0
1076,opening_queue_boxes,4.0,8.0
1077,opening_queue_boxes,4.0,8.0
1078,opening_queue_boxes,10.0,16.0
1079,opening_queue_boxes,8.0,12.0
1080,opening_queue_boxes,8.0,12.0
1081,opening_queue_boxes,6.0,12.0
1082,opening_queue_boxes,4.0,8.0
1083,opening_queue_boxes,4.0,8.0
1084,opening_queue_boxes,12.0,16.0
1085,opening_queue_boxes,8.0,12.0
1086,opening_queue_boxes,8.0,12.0
1087,opening_queue_boxes,4.0,8.0
1088,opening_queue_boxes,4.0,8.0
1089,opening_queue_boxes,4.0,8.0
1090,opening_queue_boxes,10.0,16.0
1091,opening_queue_boxes,8.0,12.0
1092,opening_queue_boxes,8.0,12.0
1093,opening_queue_boxes,6.0,12.0
1094,opening_queue_boxes,4.0,8.0
1095,opening_queue_boxes,4.0,8.0
1096,opening_queue_boxes,12.0,16.0
1097,opening_queue_boxes,8.0,12.0
1098,opening_queue_boxes,8.0,12.0
1099,opening_queue_boxes,4.0,8.0
1100,opening_queue_boxes,4.0,8.0
1101,opening_queue_boxes,4.0,8.0
1102,opening_queue_boxes,10.0,16.0
1103,opening_queue_boxes,8.0,12.0
1104,opening_queue_boxes,8.0,12.0
1105,opening_queue_boxes,6.0,12.0
1106,opening_queue_boxes,4.0,8.0
1107,opening_queue_boxes,4.0,8.0
1108,opening_queue_boxes,12.0,16.0
1109,opening_queue_boxes,8.0,12.0
1110,opening_queue_boxes,8.0,12.0
1111,opening_queue_boxes,4.0,8.0
1112,opening_queue_boxes,4.0,8.0
1113,opening_queue_boxes,4.0,8.0
1114,opening_queue_boxes,10.0,16.0
1115,opening_queue_boxes,8.0,12.0
1116,opening_queue_boxes,8.0,12.0
1117,opening_queue_boxes,6.0,12.0
1118,opening_queue_boxes,4.0,8.0
1119,opening_queue_boxes,4.0,8.0
1120,opening_queue_boxes,12.0,16.0
1121,opening_queue_boxes,8.0,12.0
1122,opening_queue_boxes,8.0,12.0
1123,opening_queue_boxes,4.0,8.0
1124,opening_queue_boxes,4.0,8.0
1125,opening_queue_boxes,4.0,8.0
1126,opening_queue_boxes,10.0,16.0
1127,opening_queue_boxes,8.0,12.0
1128,opening_queue_boxes,8.0,12.0
1129,opening_queue_boxes,6.0,12.0
1130,opening_queue_boxes,4.0,8.0
1131,opening_queue_boxes,4.0,8.0
1132,opening_queue_boxes,12.0,16.0
1133,opening_queue_boxes,8.0,12.0
1134,opening_queue_boxes,8.0,12.0
1135,opening_queue_boxes,4.0,8.0
1136,opening_queue_boxes,4.0,8.0
1137,opening_queue_boxes,4.0,8.0
1138,opening_queue_boxes,10.0,16.0
1139,opening_queue_boxes,8.0,12.0
1140,opening_queue_boxes,8.0,12.0
1141,opening_queue_boxes,6.0,12.0
1142,opening_queue_boxes,4.0,8.0
1143,opening_queue_boxes,4.0,8.0
1144,opening_queue_boxes,12.0,16.0
1145,opening_queue_boxes,8.0,12.0
1146,opening_queue_boxes,8.0,12.0
1147,opening_queue_boxes,4.0,8.0
1148,opening_queue_boxes,4.0,8.0
1149,opening_queue_boxes,4.0,8.0
1150,opening_queue_boxes,10.0,16.0
1151,opening_queue_boxes,8.0,12.0
1152,opening_queue_boxes,8.0,12.0
1153,opening_queue_boxes,6.0,12.0
1154,opening_queue_boxes,4.0,8.0
1155,opening_queue_boxes,4.0,8.0
1156,opening_queue_boxes,12.0,16.0
1157,opening_queue_boxes,8.0,12.0
1158,opening_queue_boxes,8.0,12.0
1159,opening_queue_boxes,4.0,8.0
1160,opening_queue_boxes,4.0,8.0
1161,opening_queue_boxes,4.0,8.0
1162,opening_queue_boxes,10.0,16.0
1163,opening_queue_boxes,8.0,12.0
1164,opening_queue_boxes,8.0,12.0
1165,opening_queue_boxes,6.0,12.0
1166,opening_queue_boxes,4.0,8.0
1167,opening_queue_boxes,4.0,8.0
1168,opening_queue_boxes,12.0,16.0
1169,opening_queue_boxes,8.0,12.0
1170,opening_queue_boxes,8.0,12.0
1171,opening_queue_boxes,4.0,8.0
1172,opening_queue_boxes,4.0,8.0
1173,opening_queue_boxes,4.0,8.0
1174,opening_queue_boxes,10.0,16.0
1175,opening_queue_boxes,8.0,12.0
1176,opening_queue_boxes,8.0,12.0
1177,opening_queue_boxes,6.0,12.0
1178,opening_queue_boxes,4.0,8.0
1179,opening_queue_boxes,12.0,16.0
1180,opening_queue_boxes,8.0,12.0
1181,opening_queue_boxes,8.0,12.0
1182,opening_queue_boxes,8.0,12.0
1183,opening_queue_boxes,4.0,8.0
1184,opening_queue_boxes,4.0,8.0
1185,opening_queue_boxes,4.0,8.0
1186,opening_queue_boxes,10.0,16.0
1187,opening_queue_boxes,8.0,12.0
1188,opening_queue_boxes,8.0,12.0
1189,opening_queue_boxes,6.0,12.0
1190,opening_queue_boxes,4.0,8.0
1191,opening_queue_boxes,12.0,16.0
1192,opening_queue_boxes,8.0,12.0
1193,opening_queue_boxes,8.0,12.0
1194,opening_queue_boxes,8.0,12.0
1195,opening_queue_boxes,4.0,8.0
1196,opening_queue_boxes,4.0,8.0
1197,opening_queue_boxes,4.0,8.0
1198,opening_queue_boxes,10.0,16.0
1199,opening_queue_boxes,8.0,12.0
1200,opening_queue_boxes,8.0,12.0
1201,opening_queue_boxes,6.0,12.0
1202,opening_queue_boxes,4.0,8.0
1203,opening_queue_boxes,12.0,16.0
1204,opening_queue_boxes,8.0,12.0
1205,opening_queue_boxes,8.0,12.0
1206,opening_queue_boxes,8.0,12.0
1207,opening_queue_boxes,4.0,8.0
1208,opening_queue_boxes,4.0,8.0
1209,opening_queue_boxes,4.0,8.0
1210,opening_queue_boxes,10.0,16.0
1211,opening_queue_boxes,8.0,12.0
1212,opening_queue_boxes,8.0,12.0
1213,opening_queue_boxes,6.0,12.0
1214,opening_queue_boxes,4.0,8.0
1215,opening_queue_boxes,12.0,16.0
1216,opening_queue_boxes,8.0,12.0
1217,opening_queue_boxes,8.0,12.0
1218,opening_queue_boxes,8.0,12.0
1219,opening_queue_boxes,4.0,8.0
1220,opening_queue_boxes,4.0,8.0
1221,opening_queue_boxes,4.0,8.0
1222,opening_queue_boxes,10.0,16.0
1223,opening_queue_boxes,8.0,12.0
1224,opening_queue_boxes,8.0,12.0
1225,opening_queue_boxes,6.0,12.0
1226,opening_queue_boxes,4.0,8.0
1227,opening_queue_boxes,12.0,16.0
1228,opening_queue_boxes,8.0,12.0
1229,opening_queue_boxes,8.0,12.0
1230,opening_queue_boxes,8.0,12.0
1231,opening_queue_boxes,4.0,8.0
1232,opening_queue_boxes,4.0,8.0
1233,opening_queue_boxes,4.0,8.0
1234,opening_queue_boxes,10.0,16.0
1235,opening_queue_boxes,8.0,12.0
1236,opening_queue_boxes,8.0,12.0
1237,opening_queue_boxes,6.0,12.0
1238,opening_queue_boxes,4.0,8.0
1239,opening_queue_boxes,12.0,16.0
1240,opening_queue_boxes,8.0,12.0
1241,opening_queue_boxes,8.0,12.0
1242,opening_queue_boxes,8.0,12.0
1243,opening_queue_boxes,4.0,8.0
1244,opening_queue_boxes,4.0,8.0
1245,opening_queue_boxes,4.0,8.0
1246,opening_queue_boxes,10.0,16.0
1247,opening_queue_boxes,8.0,12.0
1248,opening_queue_boxes,8.0,12.0
1249,opening_queue_boxes,6.0,12.0
1250,opening_queue_boxes,4.0,8.0
1251,opening_queue_boxes,12.0,16.0
1252,opening_queue_boxes,8.0,12.0
1253,opening_queue_boxes,8.0,12.0
1254,opening_queue_boxes,8.0,12.0
1255,opening_queue_boxes,4.0,8.0
1256,opening_queue_boxes,4.0,8.0
1257,opening_queue_boxes,4.0,8.0
1258,opening_queue_boxes,10.0,16.0
1259,opening_queue_boxes,8.0,12.0
1260,opening_queue_boxes,8.0,12.0
1261,opening_queue_boxes,6.0,12.0
1262,opening_queue_boxes,4.0,8.0
1263,opening_queue_boxes,12.0,16.0
1264,opening_queue_boxes,8.0,12.0
1265,opening_queue_boxes,8.0,12.0
1266,opening_queue_boxes,8.0,12.0
1267,opening_queue_boxes,4.0,8.0
1268,opening_queue_boxes,4.0,8.0
1269,opening_queue_boxes,4.0,8.0
1270,opening_queue_boxes,10.0,16.0
1271,opening_queue_boxes,8.0,12.0
1272,opening_queue_boxes,8.0,12.0
1273,opening_queue_boxes,6.0,12.0
1274,opening_queue_boxes,4.0,8.0
1275,opening_queue_boxes,12.0,16.0
1276,opening_queue_boxes,8.0,12.0
1277,opening_queue_boxes,8.0,12.0
1278,opening_queue_boxes,8.0,12.0
1279,opening_queue_boxes,4.0,8.0
1280,opening_queue_boxes,4.0,8.0
1281,opening_queue_boxes,4.0,8.0
1282,opening_queue_boxes,10.0,16.0
1283,opening_queue_boxes,8.0,12.0
1284,opening_queue_boxes,8.0,12.0
1285,opening_queue_boxes,6.0,12.0
1286,opening_queue_boxes,4.0,8.0
1287,opening_queue_boxes,12.0,16.0
1288,opening_queue_boxes,8.0,12.0
1289,opening_queue_boxes,8.0,12.0
1290,opening_queue_boxes,8.0,12.0
1291,opening_queue_boxes,4.0,8.0
1292,opening_queue_boxes,4.0,8.0
1293,opening_queue_boxes,4.0,8.0
1294,opening_queue_boxes,10.0,16.0
1295,opening_queue_boxes,8.0,12.0
1296,opening_queue_boxes,8.0,12.0
1297,opening_queue_boxes,6.0,12.0
1298,opening_queue_boxes,4.0,8.0
1299,opening_queue_boxes,12.0,16.0
1300,opening_queue_boxes,8.0,12.0
1301,opening_queue_boxes,8.0,12.0
1302,opening_queue_boxes,8.0,12.0
1303,opening_queue_boxes,4.0,8.0
1304,opening_queue_boxes,4.0,8.0
1305,opening_queue_boxes,4.0,8.0
1306,opening_queue_boxes,10.0,16.0
1307,opening_queue_boxes,8.0,12.0
1308,opening_queue_boxes,8.0,12.0
1309,opening_queue_boxes,6.0,12.0
1310,opening_queue_boxes,4.0,8.0
1311,opening_queue_boxes,12.0,16.0
1312,opening_queue_boxes,8.0,12.0
1313,opening_queue_boxes,8.0,12.0
1314,opening_queue_boxes,8.0,12.0
1315,opening_queue_boxes,4.0,8.0
1316,opening_queue_boxes,4.0,8.0
1317,opening_queue_boxes,4.0,8.0
1318,opening_queue_boxes,10.0,16.0
1319,opening_queue_boxes,8.0,12.0
1320,opening_queue_boxes,8.0,12.0
1321,opening_queue_boxes,6.0,12.0
1322,opening_queue_boxes,4.0,8.0
1323,opening_queue_boxes,12.0,16.0
1324,opening_queue_boxes,8.0,12.0
1325,opening_queue_boxes,8.0,12.0
1326,opening_queue_boxes,8.0,12.0
1327,opening_queue_boxes,4.0,8.0
1328,opening_queue_boxes,4.0,8.0
1329,opening_queue_boxes,4.0,8.0
1330,opening_queue_boxes,10.0,16.0
1331,opening_queue_boxes,8.0,12.0
1332,opening_queue_boxes,8.0,12.0
1333,opening_queue_boxes,6.0,12.0
1334,opening_queue_boxes,4.0,8.0
1335,opening_queue_boxes,12.0,16.0
1336,opening_queue_boxes,8.0,12.0
1337,opening_queue_boxes,8.0,12.0
1338,opening_queue_boxes,8.0,12.0
1339,opening_queue_boxes,4.0,8.0
1340,opening_queue_boxes,4.0,8.0
1341,opening_queue_boxes,4.0,8.0
1342,opening_queue_boxes,10.0,16.0
1343,opening_queue_boxes,8.0,12.0
1344,opening_queue_boxes,8.0,12.0
1345,opening_queue_boxes,6.0,12.0
1346,opening_queue_boxes,4.0,8.0
1347,opening_queue_boxes,12.0,16.0
1348,opening_queue_boxes,8.0,12.0
1349,opening_queue_boxes,8.0,12.0
1350,opening_queue_boxes,8.0,12.0
1351,opening_queue_boxes,4.0,8.0
1352,opening_queue_boxes,4.0,8.0
1353,opening_queue_boxes,4.0,8.0
1354,opening_queue_boxes,10.0,16.0
1355,opening_queue_boxes,8.0,12.0
1356,opening_queue_boxes,8.0,12.0
1357,opening_queue_boxes,6.0,12.0
1358,opening_queue_boxes,4.0,8.0
1359,opening_queue_boxes,12.0,16.0
1360,opening_queue_boxes,8.0,12.0
1361,opening_queue_boxes,8.0,12.0
1362,opening_queue_boxes,8.0,12.0
1363,opening_queue_boxes,4.0,8.0
1364,opening_queue_boxes,4.0,8.0
1365,opening_queue_boxes,4.0,8.0
1366,opening_queue_boxes,10.0,16.0
1367,opening_queue_boxes,8.0,12.0
1368,opening_queue_boxes,8.0,12.0
1369,opening_queue_boxes,6.0,12.0
1370,opening_queue_boxes,4.0,8.0
1371,opening_queue_boxes,12.0,16.0
1372,opening_queue_boxes,8.0,12.0
1373,opening_queue_boxes,8.0,12.0
1374,opening_queue_boxes,8.0,12.0
1375,opening_queue_boxes,4.0,8.0
1376,opening_queue_boxes,4.0,8.0
1377,opening_queue_boxes,4.0,8.0
1378,opening_queue_boxes,10.0,16.0
1379,opening_queue_boxes,8.0,12.0
1380,opening_queue_boxes,8.0,12.0
1381,opening_queue_boxes,6.0,12.0
1382,opening_queue_boxes,4.0,8.0
1383,opening_queue_boxes,12.0,16.0
1384,opening_queue_boxes,8.0,12.0
1385,opening_queue_boxes,8.0,12.0
1386,opening_queue_boxes,8.0,12.0
1387,opening_queue_boxes,4.0,8.0
1388,opening_queue_boxes,4.0,8.0
1389,opening_queue_boxes,4.0,8.0
1390,opening_queue_boxes,10.0,16.0
1391,opening_queue_boxes,8.0,12.0
1392,opening_queue_boxes,8.0,12.0
1393,opening_queue_boxes,6.0,12.0
1394,opening_queue_boxes,4.0,8.0
1395,opening_queue_boxes,12.0,16.0
1396,opening_queue_boxes,8.0,12.0
1397,opening_queue_boxes,8.0,12.0
1398,opening_queue_boxes,8.0,12.0
1399,opening_queue_boxes,4.0,8.0
1400,opening_queue_boxes,4.0,8.0
1401,opening_queue_boxes,4.0,8.0
1402,opening_queue_boxes,10.0,16.0
1403,opening_queue_boxes,8.0,12.0
1404,opening_queue_boxes,8.0,12.0
1405,opening_queue_boxes,6.0,12.0
1406,opening_queue_boxes,4.0,8.0
1407,opening_queue_boxes,12.0,16.0
1408,opening_queue_boxes,8.0,12.0
1409,opening_queue_boxes,8.0,12.0
1410,opening_queue_boxes,8.0,12.0
1411,opening_queue_boxes,4.0,8.0
1412,opening_queue_boxes,4.0,8.0
1413,opening_queue_boxes,4.0,8.0
1414,opening_queue_boxes,10.0,16.0
1415,opening_queue_boxes,8.0,12.0
1416,opening_queue_boxes,8.0,12.0
1417,opening_queue_boxes,6.0,12.0
1418,opening_queue_boxes,4.0,8.0
1419,opening_queue_boxes,12.0,16.0
1420,opening_queue_boxes,8.0,12.0
1421,opening_queue_boxes,8.0,12.0
1422,opening_queue_boxes,8.0,12.0
1423,opening_queue_boxes,4.0,8.0
1424,opening_queue_boxes,4.0,8.0
1425,opening_queue_boxes,4.0,8.0
1426,opening_queue_boxes,10.0,16.0
1427,opening_queue_boxes,8.0,12.0
1428,opening_queue_boxes,8.0,12.0
1429,opening_queue_boxes,6.0,12.0
1430,opening_queue_boxes,4.0,8.0
1431,opening_queue_boxes,12.0,16.0
1432,opening_queue_boxes,8.0,12.0
1433,opening_queue_boxes,8.0,12.0
1434,opening_queue_boxes,8.0,12.0
1435,opening_queue_boxes,4.0,8.0
1436,opening_queue_boxes,4.0,8.0
1437,opening_queue_boxes,4.0,8.0
1438,opening_queue_boxes,10.0,16.0
1439,opening_queue_boxes,8.0,12.0
0,pallets_awaiting_gates,0.0,0.0
1,pallets_awaiting_gates,0.0,0.0
2,pallets_awaiting_gates,0.0,0.0
3,pallets_awaiting_gates,0.0,0.0
4,pallets_awaiting_gates,0.0,0.0
5,pallets_awaiting_gates,0.0,0.0
6,pallets_awaiting_gates,0.0,0.0
7,pallets_awaiting_gates,0.0,0.0
8,pallets_awaiting_gates,0.0,0.0
9,pallets_awaiting_gates,0.0,0.0
10,pallets_awaiting_gates,0.0,0.0
11,pallets_awaiting_gates,0.0,0.0
12,pallets_awaiting_gates,0.0,0.0
13,pallets_awaiting_gates,0.0,0.0
14,pallets_awaiting_gates,0.0,0.0
15,pallets_awaiting_gates,0.0,0.0
16,pallets_awaiting_gates,0.0,0.0
17,pallets_awaiting_gates,0.0,0.0
18,pallets_awaiting_gates,0.0,0.0
19,pallets_awaiting_gates,0.0,0.0
20,pallets_awaiting_gates,0.0,0.0
21,pallets_awaiting_gates,0.0,0.0
22,pallets_awaiting_gates,0.0,0.0
23,pallets_awaiting_gates,0.0,0.0
24,pallets_awaiting_gates,0.0,0.0
25,pallets_awaiting_gates,0.0,0.0
26,pallets_awaiting_gates,0.0,0.0
27,pallets_awaiting_gates,0.0,0.0
28,pallets_awaiting_gates,0.0,0.0
29,pallets_awaiting_gates,0.0,0.0
30,pallets_awaiting_gates,0.0,0.0
31,pallets_awaiting_gates,0.0,0.0
32,pallets_awaiting_gates,0.0,0.0
33,pallets_awaiting_gates,0.0,0.0
34,pallets_awaiting_gates,0.0,0.0
35,pallets_awaiting_gates,0.0,0.0
36,pallets_awaiting_gates,0.0,0.0
37,pallets_awaiting_gates,0.0,0.0
38,pallets_awaiting_gates,0.0,0.0
39,pallets_awaiting_gates,0.0,0.0
40,pallets_awaiting_gates,0.0,0.0
41,pallets_awaiting_gates,0.0,0.0
42,pallets_awaiting_gates,0.0,0.0
43,pallets_awaiting_gates,0.0,0.0
44,pallets_awaiting_gates,0.0,0.0
45,pallets_awaiting_gates,0.0,0.0
46,pallets_awaiting_gates,0.0,0.0
47,pallets_awaiting_gates,0.0,0.0
48,pallets_awaiting_gates,0.0,0.0
49,pallets_awaiting_gates,0.0,0.0
50,pallets_awaiting_gates,0.0,0.0
51,pallets_awaiting_gates,0.0,0.0
52,pallets_awaiting_gates,0.0,0.0
53,pallets_awaiting_gates,0.0,0.0
54,pallets_awaiting_gates,0.0,0.0
55,pallets_awaiting_gates,0.0,0.0
56,pallets_awaiting_gates,0.0,0.0
57,pallets_awaiting_gates,0.5,1.0
58,pallets_awaiting_gates,0.0,0.0
59,pallets_awaiting_gates,0.0,0.0
60,pallets_awaiting_gates,0.0,0.0
61,pallets_awaiting_gates,0.0,0.0
62,pallets_awaiting_gates,0.0,0.0
63,pallets_awaiting_gates,0.0,0.0
64,pallets_awaiting_gates,0.0,0.0
65,pallets_awaiting_gates,0.0,0.0
66,pallets_awaiting_gates,0.0,0.0
67,pallets_awaiting_gates,0.0,0.0
68,pallets_awaiting_gates,0.0,0.0
69,pallets_awaiting_gates,0.0,0.0
70,pallets_awaiting_gates,0.0,0.0
71,pallets_awaiting_gates,0.0,0.0
72,pallets_awaiting_gates,0.0,0.0
73,pallets_awaiting_gates,0.0,0.0
74,pallets_awaiting_gates,0.0,0.0
75,pallets_awaiting_gates,0.0,0.0
76,pallets_awaiting_gates,0.0,0.0
77,pallets_awaiting_gates,0.0,0.0
78,pallets_awaiting_gates,0.0,0.0
79,pallets_awaiting_gates,0.0,0.0
80,pallets_awaiting_gates,0.0,0.0
81,pallets_awaiting_gates,0.0,0.0
82,pallets_awaiting_gates,0.0,0.0
83,pallets_awaiting_gates,0.0,0.0
84,pallets_awaiting_gates,0.0,0.0
85,pallets_awaiting_gates,0.0,0.0
86,pallets_awaiting_gates,0.0,0.0
87,pallets_awaiting_gates,0.0,0.0
88,pallets_awaiting_gates,0.0,0.0
89,pallets_awaiting_gates,0.0,0.0
90,pallets_awaiting_gates,0.0,0.0
91,pallets_awaiting_gates,0.0,0.0
92,pallets_awaiting_gates,0.0,0.0
93,pallets_awaiting_gates,0.0,0.0
94,pallets_awaiting_gates,0.0,0.0
95,pallets_awaiting_gates,0.0,0.0
96,pallets_awaiting_gates,0.0,0.0
97,pallets_awaiting_gates,0.0,0.0
98,pallets_awaiting_gates,0.0,0.0
99,pallets_awaiting_gates,0.0,0.0
100,pallets_awaiting_gates,0.0,0.0
101,pallets_awaiting_gates,0.0,0.0
102,pallets_awaiting_gates,0.0,0.0
103,pallets_awaiting_gates,0.0,0.0
104,pallets_awaiting_gates,0.0,0.0
105,pallets_awaiting_gates,0.5,1.0
106,pallets_awaiting_gates,0.0,0.0
107,pallets_awaiting_gates,0.0,0.0
108,pallets_awaiting_gates,0.0,0.0
109,pallets_awaiting_gates,0.0,0.0
110,pallets_awaiting_gates,0.0,0.0
111,pallets_awaiting_gates,0.0,0.0
112,pallets_awaiting_gates,0.0,0.0
113,pallets_awaiting_gates,0.0,0.0
114,pallets_awaiting_gates,0.0,0.0
115,pallets_awaiting_gates,0.0,0.0
116,pallets_awaiting_gates,0.0,0.0
117,pallets_awaiting_gates,0.0,0.0
118,pallets_awaiting_gates,0.0,0.0
119,pallets_awaiting_gates,0.0,0.0
120,pallets_awaiting_gates,0.0,0.0
121,pallets_awaiting_gates,0.0,0.0
122,pallets_awaiting_gates,0.0,0.0
123,pallets_awaiting_gates,0.0,0.0
124,pallets_awaiting_gates,0.0,0.0
125,pallets_awaiting_gates,0.0,0.0
126,pallets_awaiting_gates,0.0,0.0
127,pallets_awaiting_gates,0.0,0.0
128,pallets_awaiting_gates,0.0,0.0
129,pallets_awaiting_gates,0.0,0.0
130,pallets_awaiting_gates,0.0,0.0
131,pallets_awaiting_gates,0.0,0.0
132,pallets_awaiting_gates,0.0,0.0
133,pallets_awaiting_gates,0.0,0.0
134,pallets_awaiting_gates,0.0,0.0
135,pallets_awaiting_gates,0.0,0.0
136,pallets_awaiting_gates,0.0,0.0
137,pallets_awaiting_gates,0.0,0.0
138,pallets_awaiting_gates,0.0,0.0
139,pallets_awaiting_gates,0.0,0.0
140,pallets_awaiting_gates,0.0,0.0
141,pallets_awaiting_gates,0.0,0.0
142,pallets_awaiting_gates,0.0,0.0
143,pallets_awaiting_gates,0.0,0.0
144,pallets_awaiting_gates,0.0,0.0
145,pallets_awaiting_gates,0.0,0.0
146,pallets_awaiting_gates,0.0,0.0
147,pallets_awaiting_gates,0.0,0.0
148,pallets_awaiting_gates,0.0,0.0
149,pallets_awaiting_gates,0.0,0.0
150,pallets_awaiting_gates,0.5,1.0
151,pallets_awaiting_gates,0.5,1.0
152,pallets_awaiting_gates,0.0,0.0
153,pallets_awaiting_gates,0.0,0.0
154,pallets_awaiting_gates,1.0,2.0
155,pallets_awaiting_gates,5.0,6.0
156,pallets_awaiting_gates,7.5,8.0
157,pallets_awaiting_gates,10.0,11.0
158,pallets_awaiting_gates,11.5,12.0
159,pallets_awaiting_gates,14.0,15.0
160,pallets_awaiting_gates,17.5,18.0
161,pallets_awaiting_gates,20.5,21.0
162,pallets_awaiting_gates,23.0,24.0
163,pallets_awaiting_gates,24.5,25.0
164,pallets_awaiting_gates,26.5,27.0
165,pallets_awaiting_gates,29.5,30.0
166,pallets_awaiting_gates,33.0,34.0
167,pallets_awaiting_gates,36.0,37.0
168,pallets_awaiting_gates,38.5,39.0
169,pallets_awaiting_gates,41.0,42.0
170,pallets_awaiting_gates,44.0,45.0
171,pallets_awaiting_gates,47.0,48.0
172,pallets_awaiting_gates,49.5,50.0
173,pallets_awaiting_gates,52.0,53.0
174,pallets_awaiting_gates,54.5,55.0
175,pallets_awaiting_gates,57.0,58.0
176,pallets_awaiting_gates,60.0,61.0
177,pallets_awaiting_gates,63.5,64.0
178,pallets_awaiting_gates,66.0,67.0
179,pallets_awaiting_gates,68.5,69.0
180,pallets_awaiting_gates,70.5,71.0
181,pallets_awaiting_gates,73.5,74.0
182,pallets_awaiting_gates,77.0,78.0
183,pallets_awaiting_gates,80.0,81.0
184,pallets_awaiting_gates,82.5,83.0
185,pallets_awaiting_gates,84.5,85.0
186,pallets_awaiting_gates,87.0,88.0
187,pallets_awaiting_gates,90.0,91.0
188,pallets_awaiting_gates,92.5,93.0
189,pallets_awaiting_gates,95.5,96.0
190,pallets_awaiting_gates,98.5,99.0
191,pallets_awaiting_gates,101.0,102.0
192,pallets_awaiting_gates,103.5,104.0
193,pallets_awaiting_gates,106.5,107.0
194,pallets_awaiting_gates,109.5,110.0
195,pallets_awaiting_gates,112.5,113.0
196,pallets_awaiting_gates,114.5,115.0
197,pallets_awaiting_gates,117.0,118.0
198,pallets_awaiting_gates,120.5,121.0
199,pallets_awaiting_gates,123.0,124.0
200,pallets_awaiting_gates,125.5,126.0
201,pallets_awaiting_gates,128.0,129.0
202,pallets_awaiting_gates,130.5,131.0
203,pallets_awaiting_gates,134.5,135.0
204,pallets_awaiting_gates,137.5,138.0
205,pallets_awaiting_gates,140.0,141.0
206,pallets_awaiting_gates,141.5,142.0
207,pallets_awaiting_gates,144.0,145.0
208,pallets_awaiting_gates,146.5,147.0
209,pallets_awaiting_gates,150.0,151.0
210,pallets_awaiting_gates,153.5,154.0
211,pallets_awaiting_gates,156.0,157.0
212,pallets_awaiting_gates,158.0,158.0
213,pallets_awaiting_gates,159.5,160.0
214,pallets_awaiting_gates,161.5,162.0
215,pallets_awaiting_gates,165.5,167.0
216,pallets_awaiting_gates,169.0,170.0
217,pallets_awaiting_gates,171.5,172.0
218,pallets_awaiting_gates,173.5,174.0
219,pallets_awaiting_gates,176.5,177.0
220,pallets_awaiting_gates,178.5,179.0
221,pallets_awaiting_gates,182.0,183.0
222,pallets_awaiting_gates,184.5,185.0
223,pallets_awaiting_gates,187.5,188.0
224,pallets_awaiting_gates,190.0,191.0
225,pallets_awaiting_gates,192.5,193.0
226,pallets_awaiting_gates,194.0,195.0
227,pallets_awaiting_gates,197.5,198.0
228,pallets_awaiting_gates,201.0,202.0
229,pallets_awaiting_gates,204.0,205.0
230,pallets_awaiting_gates,207.0,208.0
231,pallets_awaiting_gates,209.5,210.0
232,pallets_awaiting_gates,212.0,213.0
233,pallets_awaiting_gates,214.0,215.0
234,pallets_awaiting_gates,216.5,217.0
235,pallets_awaiting_gates,219.5,220.0
236,pallets_awaiting_gates,222.5,223.0
237,pallets_awaiting_gates,225.5,226.0
238,pallets_awaiting_gates,228.5,229.0
239,pallets_awaiting_gates,230.5,231.0
240,pallets_awaiting_gates,233.5,234.0
241,pallets_awaiting_gates,236.0,237.0
242,pallets_awaiting_gates,239.0,240.0
243,pallets_awaiting_gates,242.0,243.0
244,pallets_awaiting_gates,245.0,246.0
245,pallets_awaiting_gates,247.5,248.0
246,pallets_awaiting_gates,250.5,251.0
247,pallets_awaiting_gates,253.0,254.0
248,pallets_awaiting_gates,256.0,257.0
249,pallets_awaiting_gates,258.5,259.0
250,pallets_awaiting_gates,261.5,262.0
251,pallets_awaiting_gates,263.5,264.0
252,pallets_awaiting_gates,266.0,267.0
253,pallets_awaiting_gates,269.0,270.0
254,pallets_awaiting_gates,272.5,273.0
255,pallets_awaiting_gates,275.0,276.0
256,pallets_awaiting_gates,277.5,278.0
257,pallets_awaiting_gates,279.5,280.0
258,pallets_awaiting_gates,282.0,282.0
259,pallets_awaiting_gates,283.5,284.0
260,pallets_awaiting_gates,287.5,288.0
261,pallets_awaiting_gates,290.0,291.0
262,pallets_awaiting_gates,293.5,294.0
263,pallets_awaiting_gates,295.5,296.0
264,pallets_awaiting_gates,298.0,298.0
265,pallets_awaiting_gates,285.0,300.0
266,pallets_awaiting_gates,248.0,255.0
267,pallets_awaiting_gates,211.0,226.0
268,pallets_awaiting_gates,165.5,181.0
269,pallets_awaiting_gates,112.0,119.0
270,pallets_awaiting_gates,74.0,89.0
271,pallets_awaiting_gates,28.0,43.0
272,pallets_awaiting_gates,7.5,15.0
273,pallets_awaiting_gates,0.0,0.0
274,pallets_awaiting_gates,0.0,0.0
275,pallets_awaiting_gates,0.0,0.0
276,pallets_awaiting_gates,0.0,0.0
277,pallets_awaiting_gates,0.0,0.0
278,pallets_awaiting_gates,0.0,0.0
279,pallets_awaiting_gates,0.0,0.0
280,pallets_awaiting_gates,0.0,0.0
281,pallets_awaiting_gates,0.0,0.0
282,pallets_awaiting_gates,0.0,0.0
283,pallets_awaiting_gates,0.0,0.0
284,pallets_awaiting_gates,0.0,0.0
285,pallets_awaiting_gates,0.0,0.0
286,pallets_awaiting_gates,0.0,0.0
287,pallets_awaiting_gates,0.0,0.0
288,pallets_awaiting_gates,0.0,0.0
289,pallets_awaiting_gates,0.0,0.0
290,pallets_awaiting_gates,0.0,0.0
291,pallets_awaiting_gates,0.0,0.0
292,pallets_awaiting_gates,0.0,0.0
293,pallets_awaiting_gates,0.0,0.0
294,pallets_awaiting_gates,0.0,0.0
295,pallets_awaiting_gates,0.5,1.0
296,pallets_awaiting_gates,2.5,3.0
297,pallets_awaiting_gates,4.5,5.0
298,pallets_awaiting_gates,6.5,7.0
299,pallets_awaiting_gates,10.0,11.0
300,pallets_awaiting_gates,13.0,14.0
301,pallets_awaiting_gates,15.5,16.0
302,pallets_awaiting_gates,18.0,18.0
303,pallets_awaiting_gates,20.5,21.0
304,pallets_awaiting_gates,23.5,24.0
305,pallets_awaiting_gates,26.0,27.0
306,pallets_awaiting_gates,29.5,30.0
307,pallets_awaiting_gates,31.5,32.0
308,pallets_awaiting_gates,33.5,34.0
309,pallets_awaiting_gates,35.5,36.0
310,pallets_awaiting_gates,39.0,40.0
311,pallets_awaiting_gates,42.5,43.0
312,pallets_awaiting_gates,44.5,45.0
313,pallets_awaiting_gates,47.0,48.0
314,pallets_awaiting_gates,49.0,49.0
315,pallets_awaiting_gates,52.0,53.0
316,pallets_awaiting_gates,55.0,56.0
317,pallets_awaiting_gates,58.5,59.0
318,pallets_awaiting_gates,60.5,61.0
319,pallets_awaiting_gates,62.5,63.0
320,pallets_awaiting_gates,65.5,67.0
321,pallets_awaiting_gates,69.5,70.0
322,pallets_awaiting_gates,72.5,73.0
323,pallets_awaiting_gates,75.0,76.0
324,pallets_awaiting_gates,76.5,77.0
325,pallets_awaiting_gates,80.0,81.0
326,pallets_awaiting_gates,83.5,84.0
327,pallets_awaiting_gates,86.5,87.0
328,pallets_awaiting_gates,88.5,89.0
329,pallets_awaiting_gates,91.0,92.0
330,pallets_awaiting_gates,94.0,95.0
331,pallets_awaiting_gates,96.5,97.0
332,pallets_awaiting_gates,98.5,99.0
333,pallets_awaiting_gates,101.5,102.0
334,pallets_awaiting_gates,104.5,105.0
335,pallets_awaiting_gates,107.5,108.0
336,pallets_awaiting_gates,110.0,110.0
337,pallets_awaiting_gates,112.0,113.0
338,pallets_awaiting_gates,115.0,116.0
339,pallets_awaiting_gates,118.0,119.0
340,pallets_awaiting_gates,121.5,122.0
341,pallets_awaiting_gates,124.5,125.0
342,pallets_awaiting_gates,126.5,127.0
343,pallets_awaiting_gates,129.0,130.0
344,pallets_awaiting_gates,132.0,133.0
345,pallets_awaiting_gates,134.5,135.0
346,pallets_awaiting_gates,137.5,138.0
347,pallets_awaiting_gates,139.5,140.0
348,pallets_awaiting_gates,142.0,143.0
349,pallets_awaiting_gates,145.0,146.0
350,pallets_awaiting_gates,148.5,149.0
351,pallets_awaiting_gates,150.5,151.0
352,pallets_awaiting_gates,153.0,153.0
353,pallets_awaiting_gates,155.5,156.0
354,pallets_awaiting_gates,159.0,160.0
355,pallets_awaiting_gates,161.0,162.0
356,pallets_awaiting_gates,164.5,165.0
357,pallets_awaiting_gates,166.5,167.0
358,pallets_awaiting_gates,169.0,169.0
359,pallets_awaiting_gates,171.5,172.0
360,pallets_awaiting_gates,174.5,175.0
361,pallets_awaiting_gates,178.0,179.0
362,pallets_awaiting_gates,181.0,182.0
363,pallets_awaiting_gates,183.5,184.0
364,pallets_awaiting_gates,185.0,185.0
365,pallets_awaiting_gates,187.5,188.0
366,pallets_awaiting_gates,190.5,191.0
367,pallets_awaiting_gates,194.0,195.0
368,pallets_awaiting_gates,196.5,197.0
369,pallets_awaiting_gates,199.5,200.0
370,pallets_awaiting_gates,201.5,202.0
371,pallets_awaiting_gates,204.0,205.0
372,pallets_awaiting_gates,207.5,209.0
373,pallets_awaiting_gates,210.5,211.0
374,pallets_awaiting_gates,212.5,213.0
375,pallets_awaiting_gates,214.5,215.0
376,pallets_awaiting_gates,217.5,218.0
377,pallets_awaiting_gates,221.0,222.0
378,pallets_awaiting_gates,224.0,225.0
379,pallets_awaiting_gates,226.5,227.0
380,pallets_awaiting_gates,228.5,229.0
381,pallets_awaiting_gates,231.5,232.0
382,pallets_awaiting_gates,234.0,235.0
383,pallets_awaiting_gates,238.0,239.0
384,pallets_awaiting_gates,240.5,241.0
385,pallets_awaiting_gates,227.5,243.0
386,pallets_awaiting_gates,189.5,197.0
387,pallets_awaiting_gates,152.0,167.0
388,pallets_awaiting_gates,107.0,122.0
389,pallets_awaiting_gates,54.5,62.0
390,pallets_awaiting_gates,16.0,31.0
391,pallets_awaiting_gates,0.0,0.0
392,pallets_awaiting_gates,0.0,0.0
393,pallets_awaiting_gates,0.0,0.0
394,pallets_awaiting_gates,0.0,0.0
395,pallets_awaiting_gates,0.0,0.0
396,pallets_awaiting_gates,0.0,0.0
397,pallets_awaiting_gates,0.0,0.0
398,pallets_awaiting_gates,0.0,0.0
399,pallets_awaiting_gates,0.0,0.0
400,pallets_awaiting_gates,0.0,0.0
401,pallets_awaiting_gates,0.0,0.0
402,pallets_awaiting_gates,0.0,0.0
403,pallets_awaiting_gates,0.0,0.0
404,pallets_awaiting_gates,0.0,0.0
405,pallets_awaiting_gates,0.0,0.0
406,pallets_awaiting_gates,0.0,0.0
407,pallets_awaiting_gates,0.0,0.0
408,pallets_awaiting_gates,0.0,0.0
409,pallets_awaiting_gates,0.0,0.0
410,pallets_awaiting_gates,0.0,0.0
411,pallets_awaiting_gates,0.0,0.0
412,pallets_awaiting_gates,0.0,0.0
413,pallets_awaiting_gates,0.0,0.0
414,pallets_awaiting_gates,0.0,0.0
415,pallets_awaiting_gates,0.0,0.0
416,pallets_awaiting_gates,0.0,0.0
417,pallets_awaiting_gates,0.0,0.0
418,pallets_awaiting_gates,0.0,0.0
419,pallets_awaiting_gates,0.0,0.0
420,pallets_awaiting_gates,0.0,0.0
421,pallets_awaiting_gates,0.0,0.0
422,pallets_awaiting_gates,0.0,0.0
423,pallets_awaiting_gates,0.0,0.0
424,pallets_awaiting_gates,0.0,0.0
425,pallets_awaiting_gates,0.0,0.0
426,pallets_awaiting_gates,0.0,0.0
427,pallets_awaiting_gates,0.0,0.0
428,pallets_awaiting_gates,0.0,0.0
429,pallets_awaiting_gates,0.0,0.0
430,pallets_awaiting_gates,0.0,0.0
431,pallets_awaiting_gates,0.0,0.0
432,pallets_awaiting_gates,0.0,0.0
433,pallets_awaiting_gates,0.0,0.0
434,pallets_awaiting_gates,0.0,0.0
435,pallets_awaiting_gates,0.0,0.0
436,pallets_awaiting_gates,0.0,0.0
437,pallets_awaiting_gates,0.0,0.0
438,pallets_awaiting_gates,2.5,3.0
439,pallets_awaiting_gates,5.0,6.0
440,pallets_awaiting_gates,8.5,9.0
441,pallets_awaiting_gates,10.5,11.0
442,pallets_awaiting_gates,13.5,14.0
443,pallets_awaiting_gates,15.5,16.0
444,pallets_awaiting_gates,17.5,18.0
445,pallets_awaiting_gates,20.5,21.0
446,pallets_awaiting_gates,24.0,25.0
447,pallets_awaiting_gates,27.0,28.0
448,pallets_awaiting_gates,29.5,30.0
449,pallets_awaiting_gates,31.5,32.0
450,pallets_awaiting_gates,34.0,35.0
451,pallets_awaiting_gates,37.0,38.0
452,pallets_awaiting_gates,40.0,41.0
453,pallets_awaiting_gates,43.0,44.0
454,pallets_awaiting_gates,45.5,46.0
455,pallets_awaiting_gates,48.0,49.0
456,pallets_awaiting_gates,50.5,51.0
457,pallets_awaiting_gates,54.0,55.0
458,pallets_awaiting_gates,56.5,57.0
459,pallets_awaiting_gates,59.0,60.0
460,pallets_awaiting_gates,61.0,61.0
461,pallets_awaiting_gates,64.0,65.0
462,pallets_awaiting_gates,66.5,67.0
463,pallets_awaiting_gates,70.5,71.0
464,pallets_awaiting_gates,73.0,74.0
465,pallets_awaiting_gates,75.5,76.0
466,pallets_awaiting_gates,77.5,78.0
467,pallets_awaiting_gates,80.0,81.0
468,pallets_awaiting_gates,83.0,84.0
469,pallets_awaiting_gates,85.5,86.0
470,pallets_awaiting_gates,89.0,90.0
471,pallets_awaiting_gates,91.5,92.0
472,pallets_awaiting_gates,94.5,95.0
473,pallets_awaiting_gates,96.5,97.0
474,pallets_awaiting_gates,99.5,100.0
475,pallets_awaiting_gates,102.5,103.0
476,pallets_awaiting_gates,104.5,105.0
477,pallets_awaiting_gates,107.5,108.0
478,pallets_awaiting_gates,110.5,111.0
479,pallets_awaiting_gates,113.5,114.0
480,pallets_awaiting_gates,116.0,116.0
481,pallets_awaiting_gates,118.0,119.0
482,pallets_awaiting_gates,120.5,121.0
483,pallets_awaiting_gates,124.0,125.0
484,pallets_awaiting_gates,127.0,128.0
485,pallets_awaiting_gates,130.0,131.0
486,pallets_awaiting_gates,131.5,132.0
487,pallets_awaiting_gates,135.0,136.0
488,pallets_awaiting_gates,138.0,139.0
489,pallets_awaiting_gates,141.0,142.0
490,pallets_awaiting_gates,143.5,144.0
491,pallets_awaiting_gates,145.5,146.0
492,pallets_awaiting_gates,147.5,148.0
493,pallets_awaiting_gates,150.0,151.0
494,pallets_awaiting_gates,154.0,155.0
495,pallets_awaiting_gates,156.5,157.0
496,pallets_awaiting_gates,159.5,160.0
497,pallets_awaiting_gates,161.5,162.0
498,pallets_awaiting_gates,165.0,166.0
499,pallets_awaiting_gates,167.5,168.0
500,pallets_awaiting_gates,170.5,171.0
501,pallets_awaiting_gates,172.0,173.0
502,pallets_awaiting_gates,175.5,176.0
503,pallets_awaiting_gates,179.0,180.0
504,pallets_awaiting_gates,182.0,183.0
505,pallets_awaiting_gates,168.5,184.0
506,pallets_awaiting_gates,130.5,138.0
507,pallets_awaiting_gates,93.0,109.0
508,pallets_awaiting_gates,48.0,63.0
509,pallets_awaiting_gates,1.0,2.0
510,pallets_awaiting_gates,0.0,0.0
511,pallets_awaiting_gates,0.0,0.0
512,pallets_awaiting_gates,0.0,0.0
513,pallets_awaiting_gates,0.0,0.0
514,pallets_awaiting_gates,0.0,0.0
515,pallets_awaiting_gates,0.0,0.0
516,pallets_awaiting_gates,0.0,0.0
517,pallets_awaiting_gates,0.0,0.0
518,pallets_awaiting_gates,0.0,0.0
519,pallets_awaiting_gates,0.0,0.0
520,pallets_awaiting_gates,0.0,0.0
521,pallets_awaiting_gates,0.0,0.0
522,pallets_awaiting_gates,0.0,0.0
523,pallets_awaiting_gates,0.0,0.0
524,pallets_awaiting_gates,0.0,0.0
525,pallets_awaiting_gates,0.0,0.0
526,pallets_awaiting_gates,0.0,0.0
527,pallets_awaiting_gates,0.0,0.0
528,pallets_awaiting_gates,0.0,0.0
529,pallets_awaiting_gates,0.0,0.0
530,pallets_awaiting_gates,0.0,0.0
531,pallets_awaiting_gates,0.0,0.0
532,pallets_awaiting_gates,0.5,1.0
533,pallets_awaiting_gates,0.0,0.0
534,pallets_awaiting_gates,0.0,0.0
535,pallets_awaiting_gates,0.0,0.0
536,pallets_awaiting_gates,0.0,0.0
537,pallets_awaiting_gates,0.0,0.0
538,pallets_awaiting_gates,0.0,0.0
539,pallets_awaiting_gates,0.0,0.0
540,pallets_awaiting_gates,0.0,0.0
541,pallets_awaiting_gates,0.0,0.0
542,pallets_awaiting_gates,0.0,0.0
543,pallets_awaiting_gates,0.0,0.0
544,pallets_awaiting_gates,0.0,0.0
545,pallets_awaiting_gates,0.0,0.0
546,pallets_awaiting_gates,0.0,0.0
547,pallets_awaiting_gates,0.0,0.0
548,pallets_awaiting_gates,0.0,0.0
549,pallets_awaiting_gates,0.0,0.0
550,pallets_awaiting_gates,0.0,0.0
551,pallets_awaiting_gates,0.0,0.0
552,pallets_awaiting_gates,0.0,0.0
553,pallets_awaiting_gates,0.0,0.0
554,pallets_awaiting_gates,0.0,0.0
555,pallets_awaiting_gates,0.0,0.0
556,pallets_awaiting_gates,0.0,0.0
557,pallets_awaiting_gates,0.0,0.0
558,pallets_awaiting_gates,0.0,0.0
559,pallets_awaiting_gates,0.0,0.0
560,pallets_awaiting_gates,0.0,0.0
561,pallets_awaiting_gates,0.0,0.0
562,pallets_awaiting_gates,0.0,0.0
563,pallets_awaiting_gates,0.0,0.0
564,pallets_awaiting_gates,0.0,0.0
565,pallets_awaiting_gates,0.0,0.0
566,pallets_awaiting_gates,0.0,0.0
567,pallets_awaiting_gates,0.0,0.0
568,pallets_awaiting_gates,0.0,0.0
569,pallets_awaiting_gates,0.0,0.0
570,pallets_awaiting_gates,0.0,0.0
571,pallets_awaiting_gates,0.0,0.0
572,pallets_awaiting_gates,0.0,0.0
573,pallets_awaiting_gates,0.0,0.0
574,pallets_awaiting_gates,0.0,0.0
575,pallets_awaiting_gates,0.0,0.0
576,pallets_awaiting_gates,0.0,0.0
577,pallets_awaiting_gates,0.0,0.0
578,pallets_awaiting_gates,0.0,0.0
579,pallets_awaiting_gates,0.5,1.0
580,pallets_awaiting_gates,2.5,3.0
581,pallets_awaiting_gates,5.5,6.0
582,pallets_awaiting_gates,7.5,8.0
583,pallets_awaiting_gates,11.0,12.0
584,pallets_awaiting_gates,14.0,15.0
585,pallets_awaiting_gates,17.5,18.0
586,pallets_awaiting_gates,19.5,20.0
587,pallets_awaiting_gates,22.5,23.0
588,pallets_awaiting_gates,25.0,26.0
589,pallets_awaiting_gates,28.5,29.0
590,pallets_awaiting_gates,30.5,31.0
591,pallets_awaiting_gates,32.5,33.0
592,pallets_awaiting_gates,35.0,36.0
593,pallets_awaiting_gates,38.0,39.0
594,pallets_awaiting_gates,41.0,42.0
595,pallets_awaiting_gates,44.5,45.0
596,pallets_awaiting_gates,47.5,48.0
597,pallets_awaiting_gates,49.5,50.0
598,pallets_awaiting_gates,52.5,53.0
599,pallets_awaiting_gates,54.5,55.0
600,pallets_awaiting_gates,57.5,58.0
601,pallets_awaiting_gates,59.5,60.0
602,pallets_awaiting_gates,62.5,63.0
603,pallets_awaiting_gates,65.0,66.0
604,pallets_awaiting_gates,68.5,69.0
605,pallets_awaiting_gates,71.0,72.0
606,pallets_awaiting_gates,73.5,74.0
607,pallets_awaiting_gates,76.0,77.0
608,pallets_awaiting_gates,77.5,78.0
609,pallets_awaiting_gates,80.0,81.0
610,pallets_awaiting_gates,84.0,85.0
611,pallets_awaiting_gates,87.0,88.0
612,pallets_awaiting_gates,90.0,91.0
613,pallets_awaiting_gates,92.5,93.0
614,pallets_awaiting_gates,94.0,95.0
615,pallets_awaiting_gates,97.0,98.0
616,pallets_awaiting_gates,99.5,100.0
617,pallets_awaiting_gates,103.0,104.0
618,pallets_awaiting_gates,106.0,107.0
619,pallets_awaiting_gates,108.5,109.0
620,pallets_awaiting_gates,111.5,112.0
621,pallets_awaiting_gates,114.5,115.0
622,pallets_awaiting_gates,116.5,117.0
623,pallets_awaiting_gates,119.0,120.0
624,pallets_awaiting_gates,122.0,123.0
625,pallets_awaiting_gates,109.0,124.0
626,pallets_awaiting_gates,72.0,79.0
627,pallets_awaiting_gates,34.5,50.0
628,pallets_awaiting_gates,2.0,4.0
629,pallets_awaiting_gates,0.0,0.0
630,pallets_awaiting_gates,0.0,0.0
631,pallets_awaiting_gates,0.0,0.0
632,pallets_awaiting_gates,0.0,0.0
633,pallets_awaiting_gates,0.0,0.0
634,pallets_awaiting_gates,0.0,0.0
635,pallets_awaiting_gates,0.0,0.0
636,pallets_awaiting_gates,0.0,0.0
637,pallets_awaiting_gates,0.0,0.0
638,pallets_awaiting_gates,0.0,0.0
639,pallets_awaiting_gates,0.0,0.0
640,pallets_awaiting_gates,0.0,0.0
641,pallets_awaiting_gates,0.0,0.0
642,pallets_awaiting_gates,0.0,0.0
643,pallets_awaiting_gates,0.0,0.0
644,pallets_awaiting_gates,0.0,0.0
645,pallets_awaiting_gates,0.0,0.0
646,pallets_awaiting_gates,0.0,0.0
647,pallets_awaiting_gates,0.0,0.0
648,pallets_awaiting_gates,0.0,0.0
649,pallets_awaiting_gates,0.0,0.0
650,pallets_awaiting_gates,0.0,0.0
651,pallets_awaiting_gates,0.0,0.0
652,pallets_awaiting_gates,0.0,0.0
653,pallets_awaiting_gates,0.0,0.0
654,pallets_awaiting_gates,0.0,0.0
655,pallets_awaiting_gates,0.0,0.0
656,pallets_awaiting_gates,0.0,0.0
657,pallets_awaiting_gates,0.0,0.0
658,pallets_awaiting_gates,0.0,0.0
659,pallets_awaiting_gates,0.0,0.0
660,pallets_awaiting_gates,0.0,0.0
661,pallets_awaiting_gates,0.0,0.0
662,pallets_awaiting_gates,0.0,0.0
663,pallets_awaiting_gates,0.0,0.0
664,pallets_awaiting_gates,0.0,0.0
665,pallets_awaiting_gates,0.0,0.0
666,pallets_awaiting_gates,0.0,0.0
667,pallets_awaiting_gates,0.0,0.0
668,pallets_awaiting_gates,0.0,0.0
669,pallets_awaiting_gates,0.0,0.0
670,pallets_awaiting_gates,0.0,0.0
671,pallets_awaiting_gates,0.0,0.0
672,pallets_awaiting_gates,0.0,0.0
673,pallets_awaiting_gates,0.0,0.0
674,pallets_awaiting_gates,0.0,0.0
675,pallets_awaiting_gates,0.0,0.0
676,pallets_awaiting_gates,0.0,0.0
677,pallets_awaiting_gates,0.0,0.0
678,pallets_awaiting_gates,0.0,0.0
679,pallets_awaiting_gates,0.0,0.0
680,pallets_awaiting_gates,0.0,0.0
681,pallets_awaiting_gates,0.0,0.0
682,pallets_awaiting_gates,0.0,0.0
683,pallets_awaiting_gates,0.0,0.0
684,pallets_awaiting_gates,0.0,0.0
685,pallets_awaiting_gates,0.0,0.0
686,pallets_awaiting_gates,0.0,0.0
687,pallets_awaiting_gates,0.0,0.0
688,pallets_awaiting_gates,0.0,0.0
689,pallets_awaiting_gates,0.0,0.0
690,pallets_awaiting_gates,0.0,0.0
691,pallets_awaiting_gates,0.0,0.0
692,pallets_awaiting_gates,0.0,0.0
693,pallets_awaiting_gates,0.0,0.0
694,pallets_awaiting_gates,0.0,0.0
695,pallets_awaiting_gates,0.0,0.0
696,pallets_awaiting_gates,0.0,0.0
697,pallets_awaiting_gates,0.0,0.0
698,pallets_awaiting_gates,0.0,0.0
699,pallets_awaiting_gates,0.0,0.0
700,pallets_awaiting_gates,0.0,0.0
701,pallets_awaiting_gates,0.0,0.0
702,pallets_awaiting_gates,0.0,0.0
703,pallets_awaiting_gates,0.0,0.0
704,pallets_awaiting_gates,0.0,0.0
705,pallets_awaiting_gates,0.0,0.0
706,pallets_awaiting_gates,0.0,0.0
707,pallets_awaiting_gates,0.0,0.0
708,pallets_awaiting_gates,0.0,0.0
709,pallets_awaiting_gates,0.0,0.0
710,pallets_awaiting_gates,0.0,0.0
711,pallets_awaiting_gates,0.0,0.0
712,pallets_awaiting_gates,0.0,0.0
713,pallets_awaiting_gates,0.0,0.0
714,pallets_awaiting_gates,0.0,0.0
715,pallets_awaiting_gates,0.0,0.0
716,pallets_awaiting_gates,0.0,0.0
717,pallets_awaiting_gates,0.0,0.0
718,pallets_awaiting_gates,0.0,0.0
719,pallets_awaiting_gates,0.0,0.0
720,pallets_awaiting_gates,0.0,0.0
721,pallets_awaiting_gates,0.5,1.0
722,pallets_awaiting_gates,4.0,5.0
723,pallets_awaiting_gates,7.0,8.0
724,pallets_awaiting_gates,9.5,10.0
725,pallets_awaiting_gates,11.5,12.0
726,pallets_awaiting_gates,14.0,14.0
727,pallets_awaiting_gates,17.0,18.0
728,pallets_awaiting_gates,20.5,21.0
729,pallets_awaiting_gates,23.5,24.0
730,pallets_awaiting_gates,26.5,27.0
731,pallets_awaiting_gates,28.5,29.0
732,pallets_awaiting_gates,30.5,31.0
733,pallets_awaiting_gates,33.5,34.0
734,pallets_awaiting_gates,36.0,37.0
735,pallets_awaiting_gates,39.5,40.0
736,pallets_awaiting_gates,42.5,43.0
737,pallets_awaiting_gates,45.0,46.0
738,pallets_awaiting_gates,47.5,48.0
739,pallets_awaiting_gates,49.5,50.0
740,pallets_awaiting_gates,52.5,53.0
741,pallets_awaiting_gates,55.5,56.0
742,pallets_awaiting_gates,57.5,58.0
743,pallets_awaiting_gates,60.0,61.0
744,pallets_awaiting_gates,62.5,63.0
745,pallets_awaiting_gates,49.0,64.0
746,pallets_awaiting_gates,13.5,21.0
747,pallets_awaiting_gates,0.0,0.0
748,pallets_awaiting_gates,0.0,0.0
749,pallets_awaiting_gates,0.0,0.0
750,pallets_awaiting_gates,0.0,0.0
751,pallets_awaiting_gates,0.0,0.0
752,pallets_awaiting_gates,0.0,0.0
753,pallets_awaiting_gates,0.0,0.0
754,pallets_awaiting_gates,0.0,0.0
755,pallets_awaiting_gates,0.0,0.0
756,pallets_awaiting_gates,0.0,0.0
757,pallets_awaiting_gates,0.0,0.0
758,pallets_awaiting_gates,0.0,0.0
759,pallets_awaiting_gates,0.0,0.0
760,pallets_awaiting_gates,0.0,0.0
761,pallets_awaiting_gates,0.0,0.0
762,pallets_awaiting_gates,0.0,0.0
763,pallets_awaiting_gates,0.0,0.0
764,pallets_awaiting_gates,0.0,0.0
765,pallets_awaiting_gates,0.0,0.0
766,pallets_awaiting_gates,0.0,0.0
767,pallets_awaiting_gates,0.0,0.0
768,pallets_awaiting_gates,0.0,0.0
769,pallets_awaiting_gates,0.0,0.0
770,pallets_awaiting_gates,0.0,0.0
771,pallets_awaiting_gates,0.0,0.0
772,pallets_awaiting_gates,0.0,0.0
773,pallets_awaiting_gates,0.0,0.0
774,pallets_awaiting_gates,0.0,0.0
775,pallets_awaiting_gates,0.0,0.0
776,pallets_awaiting_gates,0.0,0.0
777,pallets_awaiting_gates,0.0,0.0
778,pallets_awaiting_gates,0.0,0.0
779,pallets_awaiting_gates,0.0,0.0
780,pallets_awaiting_gates,0.0,0.0
781,pallets_awaiting_gates,0.0,0.0
782,pallets_awaiting_gates,0.0,0.0
783,pallets_awaiting_gates,0.0,0.0
784,pallets_awaiting_gates,0.0,0.0
785,pallets_awaiting_gates,0.0,0.0
786,pallets_awaiting_gates,0.0,0.0
787,pallets_awaiting_gates,0.0,0.0
788,pallets_awaiting_gates,0.0,0.0
789,pallets_awaiting_gates,0.0,0.0
790,pallets_awaiting_gates,0.0,0.0
791,pallets_awaiting_gates,0.0,0.0
792,pallets_awaiting_gates,0.0,0.0
793,pallets_awaiting_gates,0.0,0.0
794,pallets_awaiting_gates,0.0,0.0
795,pallets_awaiting_gates,0.0,0.0
796,pallets_awaiting_gates,0.0,0.0
797,pallets_awaiting_gates,0.0,0.0
798,pallets_awaiting_gates,0.5,1.0
799,pallets_awaiting_gates,0.0,0.0
800,pallets_awaiting_gates,0.0,0.0
801,pallets_awaiting_gates,0.0,0.0
802,pallets_awaiting_gates,0.0,0.0
803,pallets_awaiting_gates,0.0,0.0
804,pallets_awaiting_gates,0.5,1.0
805,pallets_awaiting_gates,0.0,0.0
806,pallets_awaiting_gates,0.0,0.0
807,pallets_awaiting_gates,0.0,0.0
808,pallets_awaiting_gates,0.0,0.0
809,pallets_awaiting_gates,0.0,0.0
810,pallets_awaiting_gates,0.0,0.0
811,pallets_awaiting_gates,0.0,0.0
812,pallets_awaiting_gates,0.0,0.0
813,pallets_awaiting_gates,0.0,0.0
814,pallets_awaiting_gates,0.0,0.0
815,pallets_awaiting_gates,0.0,0.0
816,pallets_awaiting_gates,0.0,0.0
817,pallets_awaiting_gates,0.0,0.0
818,pallets_awaiting_gates,0.0,0.0
819,pallets_awaiting_gates,0.0,0.0
820,pallets_awaiting_gates,0.0,0.0
821,pallets_awaiting_gates,0.0,0.0
822,pallets_awaiting_gates,0.0,0.0
823,pallets_awaiting_gates,0.0,0.0
824,pallets_awaiting_gates,0.0,0.0
825,pallets_awaiting_gates,0.0,0.0
826,pallets_awaiting_gates,0.0,0.0
827,pallets_awaiting_gates,0.0,0.0
828,pallets_awaiting_gates,0.0,0.0
829,pallets_awaiting_gates,0.0,0.0
830,pallets_awaiting_gates,0.0,0.0
831,pallets_awaiting_gates,0.0,0.0
832,pallets_awaiting_gates,0.0,0.0
833,pallets_awaiting_gates,0.0,0.0
834,pallets_awaiting_gates,0.0,0.0
835,pallets_awaiting_gates,0.0,0.0
836,pallets_awaiting_gates,0.0,0.0
837,pallets_awaiting_gates,0.0,0.0
838,pallets_awaiting_gates,0.0,0.0
839,pallets_awaiting_gates,0.0,0.0
840,pallets_awaiting_gates,0.0,0.0
841,pallets_awaiting_gates,0.0,0.0
842,pallets_awaiting_gates,0.0,0.0
843,pallets_awaiting_gates,0.0,0.0
844,pallets_awaiting_gates,0.0,0.0
845,pallets_awaiting_gates,0.0,0.0
846,pallets_awaiting_gates,0.0,0.0
847,pallets_awaiting_gates,0.0,0.0
848,pallets_awaiting_gates,0.0,0.0
849,pallets_awaiting_gates,0.0,0.0
850,pallets_awaiting_gates,0.0,0.0
851,pallets_awaiting_gates,0.0,0.0
852,pallets_awaiting_gates,0.0,0.0
853,pallets_awaiting_gates,0.0,0.0
854,pallets_awaiting_gates,0.0,0.0
855,pallets_awaiting_gates,0.0,0.0
856,pallets_awaiting_gates,0.0,0.0
857,pallets_awaiting_gates,0.0,0.0
858,pallets_awaiting_gates,0.0,0.0
859,pallets_awaiting_gates,0.0,0.0
860,pallets_awaiting_gates,0.0,0.0
861,pallets_awaiting_gates,0.0,0.0
862,pallets_awaiting_gates,0.0,0.0
863,pallets_awaiting_gates,2.0,3.0
864,pallets_awaiting_gates,5.0,6.0
865,pallets_awaiting_gates,3.5,7.0
866,pallets_awaiting_gates,0.0,0.0
867,pallets_awaiting_gates,0.0,0.0
868,pallets_awaiting_gates,0.0,0.0
869,pallets_awaiting_gates,0.0,0.0
870,pallets_awaiting_gates,0.0,0.0
871,pallets_awaiting_gates,0.0,0.0
872,pallets_awaiting_gates,0.0,0.0
873,pallets_awaiting_gates,0.0,0.0
874,pallets_awaiting_gates,0.0,0.0
875,pallets_awaiting_gates,0.0,0.0
876,pallets_awaiting_gates,0.0,0.0
877,pallets_awaiting_gates,0.0,0.0
878,pallets_awaiting_gates,0.0,0.0
879,pallets_awaiting_gates,0.0,0.0
880,pallets_awaiting_gates,0.0,0.0
881,pallets_awaiting_gates,0.0,0.0
882,pallets_awaiting_gates,0.0,0.0
883,pallets_awaiting_gates,0.0,0.0
884,pallets_awaiting_gates,0.0,0.0
885,pallets_awaiting_gates,0.0,0.0
886,pallets_awaiting_gates,0.0,0.0
887,pallets_awaiting_gates,0.0,0.0
888,pallets_awaiting_gates,0.0,0.0
889,pallets_awaiting_gates,0.0,0.0
890,pallets_awaiting_gates,0.0,0.0
891,pallets_awaiting_gates,0.0,0.0
892,pallets_awaiting_gates,0.0,0.0
893,pallets_awaiting_gates,0.0,0.0
894,pallets_awaiting_gates,0.0,0.0
895,pallets_awaiting_gates,0.0,0.0
896,pallets_awaiting_gates,0.0,0.0
897,pallets_awaiting_gates,0.0,0.0
898,pallets_awaiting_gates,0.0,0.0
899,pallets_awaiting_gates,0.5,1.0
900,pallets_awaiting_gates,0.0,0.0
901,pallets_awaiting_gates,0.0,0.0
902,pallets_awaiting_gates,0.0,0.0
903,pallets_awaiting_gates,0.0,0.0
904,pallets_awaiting_gates,0.0,0.0
905,pallets_awaiting_gates,0.0,0.0
906,pallets_awaiting_gates,0.0,0.0
907,pallets_awaiting_gates,0.0,0.0
908,pallets_awaiting_gates,0.0,0.0
909,pallets_awaiting_gates,0.0,0.0
910,pallets_awaiting_gates,0.0,0.0
911,pallets_awaiting_gates,0.0,0.0
912,pallets_awaiting_gates,0.0,0.0
913,pallets_awaiting_gates,0.0,0.0
914,pallets_awaiting_gates,0.0,0.0
915,pallets_awaiting_gates,0.0,0.0
916,pallets_awaiting_gates,0.0,0.0
917,pallets_awaiting_gates,0.0,0.0
918,pallets_awaiting_gates,0.0,0.0
919,pallets_awaiting_gates,0.0,0.0
920,pallets_awaiting_gates,0.0,0.0
921,pallets_awaiting_gates,0.0,0.0
922,pallets_awaiting_gates,0.0,0.0
923,pallets_awaiting_gates,0.0,0.0
924,pallets_awaiting_gates,0.0,0.0
925,pallets_awaiting_gates,0.0,0.0
926,pallets_awaiting_gates,0.0,0.0
927,pallets_awaiting_gates,0.0,0.0
928,pallets_awaiting_gates,0.0,0.0
929,pallets_awaiting_gates,0.0,0.0
930,pallets_awaiting_gates,0.0,0.0
931,pallets_awaiting_gates,0.0,0.0
932,pallets_awaiting_gates,0.0,0.0
933,pallets_awaiting_gates,0.0,0.0
934,pallets_awaiting_gates,0.0,0.0
935,pallets_awaiting_gates,0.0,0.0
936,pallets_awaiting_gates,0.0,0.0
937,pallets_awaiting_gates,0.0,0.0
938,pallets_awaiting_gates,0.0,0.0
939,pallets_awaiting_gates,0.0,0.0
940,pallets_awaiting_gates,0.0,0.0
941,pallets_awaiting_gates,0.5,1.0
942,pallets_awaiting_gates,0.0,0.0
943,pallets_awaiting_gates,0.0,0.0
944,pallets_awaiting_gates,0.0,0.0
945,pallets_awaiting_gates,0.0,0.0
946,pallets_awaiting_gates,0.0,0.0
947,pallets_awaiting_gates,0.0,0.0
948,pallets_awaiting_gates,0.0,0.0
949,pallets_awaiting_gates,0.0,0.0
950,pallets_awaiting_gates,0.0,0.0
951,pallets_awaiting_gates,0.0,0.0
952,pallets_awaiting_gates,0.0,0.0
953,pallets_awaiting_gates,0.0,0.0
954,pallets_awaiting_gates,0.0,0.0
955,pallets_awaiting_gates,0.0,0.0
956,pallets_awaiting_gates,0.0,0.0
957,pallets_awaiting_gates,0.0,0.0
958,pallets_awaiting_gates,0.0,0.0
959,pallets_awaiting_gates,0.0,0.0
960,pallets_awaiting_gates,0.0,0.0
961,pallets_awaiting_gates,0.0,0.0
962,pallets_awaiting_gates,0.0,0.0
963,pallets_awaiting_gates,0.0,0.0
964,pallets_awaiting_gates,0.0,0.0
965,pallets_awaiting_gates,0.0,0.0
966,pallets_awaiting_gates,0.0,0.0
967,pallets_awaiting_gates,0.0,0.0
968,pallets_awaiting_gates,0.0,0.0
969,pallets_awaiting_gates,0.0,0.0
970,pallets_awaiting_gates,0.0,0.0
971,pallets_awaiting_gates,0.0,0.0
972,pallets_awaiting_gates,0.0,0.0
973,pallets_awaiting_gates,0.0,0.0
974,pallets_awaiting_gates,0.0,0.0
975,pallets_awaiting_gates,0.0,0.0
976,pallets_awaiting_gates,0.0,0.0
977,pallets_awaiting_gates,0.0,0.0
978,pallets_awaiting_gates,0.0,0.0
979,pallets_awaiting_gates,0.0,0.0
980,pallets_awaiting_gates,0.0,0.0
981,pallets_awaiting_gates,0.0,0.0
982,pallets_awaiting_gates,0.0,0.0
983,pallets_awaiting_gates,0.0,0.0
984,pallets_awaiting_gates,0.0,0.0
985,pallets_awaiting_gates,0.0,0.0
986,pallets_awaiting_gates,0.0,0.0
987,pallets_awaiting_gates,0.0,0.0
988,pallets_awaiting_gates,0.0,0.0
989,pallets_awaiting_gates,0.0,0.0
990,pallets_awaiting_gates,0.0,0.0
991,pallets_awaiting_gates,0.0,0.0
992,pallets_awaiting_gates,0.0,0.0
993,pallets_awaiting_gates,0.0,0.0
994,pallets_awaiting_gates,0.0,0.0
995,pallets_awaiting_gates,0.0,0.0
996,pallets_awaiting_gates,0.0,0.0
997,pallets_awaiting_gates,0.0,0.0
998,pallets_awaiting_gates,0.5,1.0
999,pallets_awaiting_gates,0.0,0.0
1000,pallets_awaiting_gates,0.0,0.0
1001,pallets_awaiting_gates,0.0,0.0
1002,pallets_awaiting_gates,0.0,0.0
1003,pallets_awaiting_gates,0.0,0.0
1004,pallets_awaiting_gates,0.0,0.0
1005,pallets_awaiting_gates,0.0,0.0
1006,pallets_awaiting_gates,0.5,1.0
1007,pallets_awaiting_gates,0.0,0.0
1008,pallets_awaiting_gates,0.0,0.0
1009,pallets_awaiting_gates,0.0,0.0
1010,pallets_awaiting_gates,0.0,0.0
1011,pallets_awaiting_gates,0.0,0.0
1012,pallets_awaiting_gates,0.0,0.0
1013,pallets_awaiting_gates,0.0,0.0
1014,pallets_awaiting_gates,0.0,0.0
1015,pallets_awaiting_gates,0.0,0.0
1016,pallets_awaiting_gates,0.0,0.0
1017,pallets_awaiting_gates,0.0,0.0
1018,pallets_awaiting_gates,0.0,0.0
1019,pallets_awaiting_gates,0.0,0.0
1020,pallets_awaiting_gates,0.0,0.0
1021,pallets_awaiting_gates,0.0,0.0
1022,pallets_awaiting_gates,0.0,0.0
1023,pallets_awaiting_gates,0.0,0.0
1024,pallets_awaiting_gates,0.0,0.0
1025,pallets_awaiting_gates,0.0,0.0
1026,pallets_awaiting_gates,0.0,0.0
1027,pallets_awaiting_gates,0.0,0.0
1028,pallets_awaiting_gates,0.0,0.0
1029,pallets_awaiting_gates,0.0,0.0
1030,pallets_awaiting_gates,0.0,0.0
1031,pallets_awaiting_gates,0.0,0.0
1032,pallets_awaiting_gates,0.0,0.0
1033,pallets_awaiting_gates,0.0,0.0
1034,pallets_awaiting_gates,0.0,0.0
1035,pallets_awaiting_gates,0.0,0.0
1036,pallets_awaiting_gates,0.0,0.0
1037,pallets_awaiting_gates,0.0,0.0
1038,pallets_awaiting_gates,0.0,0.0
1039,pallets_awaiting_gates,0.0,0.0
1040,pallets_awaiting_gates,0.0,0.0
1041,pallets_awaiting_gates,0.0,0.0
1042,pallets_awaiting_gates,0.0,0.0
1043,pallets_awaiting_gates,0.0,0.0
1044,pallets_awaiting_gates,0.0,0.0
1045,pallets_awaiting_gates,0.0,0.0
1046,pallets_awaiting_gates,0.0,0.0
1047,pallets_awaiting_gates,0.0,0.0
1048,pallets_awaiting_gates,0.0,0.0
1049,pallets_awaiting_gates,0.0,0.0
1050,pallets_awaiting_gates,0.0,0.0
1051,pallets_awaiting_gates,0.0,0.0
1052,pallets_awaiting_gates,0.0,0.0
1053,pallets_awaiting_gates,0.0,0.0
1054,pallets_awaiting_gates,0.0,0.0
1055,pallets_awaiting_gates,0.0,0.0
1056,pallets_awaiting_gates,0.0,0.0
1057,pallets_awaiting_gates,0.0,0.0
1058,pallets_awaiting_gates,0.0,0.0
1059,pallets_awaiting_gates,0.0,0.0
1060,pallets_awaiting_gates,0.0,0.0
1061,pallets_awaiting_gates,0.0,0.0
1062,pallets_awaiting_gates,0.0,0.0
1063,pallets_awaiting_gates,0.0,0.0
1064,pallets_awaiting_gates,0.0,0.0
1065,pallets_awaiting_gates,0.0,0.0
1066,pallets_awaiting_gates,0.0,0.0
1067,pallets_awaiting_gates,0.0,0.0
1068,pallets_awaiting_gates,0.0,0.0
1069,pallets_awaiting_gates,0.0,0.0
1070,pallets_awaiting_gates,0.0,0.0
1071,pallets_awaiting_gates,0.0,0.0
1072,pallets_awaiting_gates,0.0,0.0
1073,pallets_awaiting_gates,0.0,0.0
1074,pallets_awaiting_gates,0.0,0.0
1075,pallets_awaiting_gates,0.0,0.0
1076,pallets_awaiting_gates,0.0,0.0
1077,pallets_awaiting_gates,0.0,0.0
1078,pallets_awaiting_gates,0.0,0.0
1079,pallets_awaiting_gates,0.0,0.0
1080,pallets_awaiting_gates,0.0,0.0
1081,pallets_awaiting_gates,0.0,0.0
1082,pallets_awaiting_gates,0.0,0.0
1083,pallets_awaiting_gates,0.0,0.0
1084,pallets_awaiting_gates,0.0,0.0
1085,pallets_awaiting_gates,0.0,0.0
1086,pallets_awaiting_gates,0.0,0.0
1087,pallets_awaiting_gates,0.0,0.0
1088,pallets_awaiting_gates,0.0,0.0
1089,pallets_awaiting_gates,0.0,0.0
1090,pallets_awaiting_gates,0.0,0.0
1091,pallets_awaiting_gates,0.0,0.0
1092,pallets_awaiting_gates,0.0,0.0
1093,pallets_awaiting_gates,0.0,0.0
1094,pallets_awaiting_gates,0.0,0.0
1095,pallets_awaiting_gates,0.0,0.0
1096,pallets_awaiting_gates,0.0,0.0
1097,pallets_awaiting_gates,0.0,0.0
1098,pallets_awaiting_gates,0.0,0.0
1099,pallets_awaiting_gates,0.0,0.0
1100,pallets_awaiting_gates,0.0,0.0
1101,pallets_awaiting_gates,0.0,0.0
1102,pallets_awaiting_gates,0.0,0.0
1103,pallets_awaiting_gates,0.0,0.0
1104,pallets_awaiting_gates,0.0,0.0
1105,pallets_awaiting_gates,0.0,0.0
1106,pallets_awaiting_gates,0.0,0.0
1107,pallets_awaiting_gates,0.0,0.0
1108,pallets_awaiting_gates,0.0,0.0
1109,pallets_awaiting_gates,0.0,0.0
1110,pallets_awaiting_gates,0.0,0.0
1111,pallets_awaiting_gates,0.0,0.0
1112,pallets_awaiting_gates,0.5,1.0
1113,pallets_awaiting_gates,0.0,0.0
1114,pallets_awaiting_gates,0.0,0.0
1115,pallets_awaiting_gates,0.0,0.0
1116,pallets_awaiting_gates,0.0,0.0
1117,pallets_awaiting_gates,0.0,0.0
1118,pallets_awaiting_gates,0.0,0.0
1119,pallets_awaiting_gates,0.0,0.0
1120,pallets_awaiting_gates,0.0,0.0
1121,pallets_awaiting_gates,0.0,0.0
1122,pallets_awaiting_gates,0.0,0.0
1123,pallets_awaiting_gates,0.5,1.0
1124,pallets_awaiting_gates,0.0,0.0
1125,pallets_awaiting_gates,0.0,0.0
1126,pallets_awaiting_gates,0.0,0.0
1127,pallets_awaiting_gates,0.0,0.0
1128,pallets_awaiting_gates,0.0,0.0
1129,pallets_awaiting_gates,0.0,0.0
1130,pallets_awaiting_gates,0.0,0.0
1131,pallets_awaiting_gates,0.0,0.0
1132,pallets_awaiting_gates,0.0,0.0
1133,pallets_awaiting_gates,0.0,0.0
1134,pallets_awaiting_gates,0.0,0.0
1135,pallets_awaiting_gates,0.0,0.0
1136,pallets_awaiting_gates,0.0,0.0
1137,pallets_awaiting_gates,0.0,0.0
1138,pallets_awaiting_gates,0.0,0.0
1139,pallets_awaiting_gates,0.0,0.0
1140,pallets_awaiting_gates,0.0,0.0
1141,pallets_awaiting_gates,0.0,0.0
1142,pallets_awaiting_gates,0.0,0.0
1143,pallets_awaiting_gates,0.0,0.0
1144,pallets_awaiting_gates,0.0,0.0
1145,pallets_awaiting_gates,0.0,0.0
1146,pallets_awaiting_gates,0.0,0.0
1147,pallets_awaiting_gates,0.0,0.0
1148,pallets_awaiting_gates,0.0,0.0
1149,pallets_awaiting_gates,0.0,0.0
1150,pallets_awaiting_gates,0.0,0.0
1151,pallets_awaiting_gates,0.0,0.0
1152,pallets_awaiting_gates,0.0,0.0
1153,pallets_awaiting_gates,0.0,0.0
1154,pallets_awaiting_gates,0.0,0.0
1155,pallets_awaiting_gates,0.0,0.0
1156,pallets_awaiting_gates,0.0,0.0
1157,pallets_awaiting_gates,0.0,0.0
1158,pallets_awaiting_gates,0.0,0.0
1159,pallets_awaiting_gates,0.0,0.0
1160,pallets_awaiting_gates,0.0,0.0
1161,pallets_awaiting_gates,0.0,0.0
1162,pallets_awaiting_gates,0.0,0.0
1163,pallets_awaiting_gates,0.0,0.0
1164,pallets_awaiting_gates,0.0,0.0
1165,pallets_awaiting_gates,0.0,0.0
1166,pallets_awaiting_gates,0.0,0.0
1167,pallets_awaiting_gates,0.0,0.0
1168,pallets_awaiting_gates,0.0,0.0
1169,pallets_awaiting_gates,0.0,0.0
1170,pallets_awaiting_gates,0.0,0.0
1171,pallets_awaiting_gates,0.0,0.0
1172,pallets_awaiting_gates,0.0,0.0
1173,pallets_awaiting_gates,0.0,0.0
1174,pallets_awaiting_gates,0.0,0.0
1175,pallets_awaiting_gates,0.5,1.0
1176,pallets_awaiting_gates,0.0,0.0
1177,pallets_awaiting_gates,0.0,0.0
1178,pallets_awaiting_gates,0.0,0.0
1179,pallets_awaiting_gates,0.0,0.0
1180,pallets_awaiting_gates,0.0,0.0
1181,pallets_awaiting_gates,0.0,0.0
1182,pallets_awaiting_gates,0.0,0.0
1183,pallets_awaiting_gates,0.0,0.0
1184,pallets_awaiting_gates,0.0,0.0
1185,pallets_awaiting_gates,0.0,0.0
1186,pallets_awaiting_gates,0.0,0.0
1187,pallets_awaiting_gates,0.0,0.0
1188,pallets_awaiting_gates,0.0,0.0
1189,pallets_awaiting_gates,0.0,0.0
1190,pallets_awaiting_gates,0.0,0.0
1191,pallets_awaiting_gates,0.0,0.0
1192,pallets_awaiting_gates,0.0,0.0
1193,pallets_awaiting_gates,0.0,0.0
1194,pallets_awaiting_gates,0.0,0.0
1195,pallets_awaiting_gates,0.0,0.0
1196,pallets_awaiting_gates,0.0,0.0
1197,pallets_awaiting_gates,0.0,0.0
1198,pallets_awaiting_gates,0.0,0.0
1199,pallets_awaiting_gates,0.0,0.0
1200,pallets_awaiting_gates,0.0,0.0
1201,pallets_awaiting_gates,0.0,0.0
1202,pallets_awaiting_gates,0.0,0.0
1203,pallets_awaiting_gates,0.0,0.0
1204,pallets_awaiting_gates,0.0,0.0
1205,pallets_awaiting_gates,0.0,0.0
1206,pallets_awaiting_gates,0.0,0.0
1207,pallets_awaiting_gates,0.0,0.0
1208,pallets_awaiting_gates,0.0,0.0
1209,pallets_awaiting_gates,0.5,1.0
1210,pallets_awaiting_gates,0.0,0.0
1211,pallets_awaiting_gates,0.0,0.0
1212,pallets_awaiting_gates,0.0,0.0
1213,pallets_awaiting_gates,0.0,0.0
1214,pallets_awaiting_gates,0.0,0.0
1215,pallets_awaiting_gates,0.0,0.0
1216,pallets_awaiting_gates,0.0,0.0
1217,pallets_awaiting_gates,0.0,0.0
1218,pallets_awaiting_gates,0.0,0.0
1219,pallets_awaiting_gates,0.0,0.0
1220,pallets_awaiting_gates,0.0,0.0
1221,pallets_awaiting_gates,0.0,0.0
1222,pallets_awaiting_gates,0.0,0.0
1223,pallets_awaiting_gates,0.0,0.0
1224,pallets_awaiting_gates,0.0,0.0
1225,pallets_awaiting_gates,0.0,0.0
1226,pallets_awaiting_gates,0.0,0.0
1227,pallets_awaiting_gates,0.0,0.0
1228,pallets_awaiting_gates,0.0,0.0
1229,pallets_awaiting_gates,0.0,0.0
1230,pallets_awaiting_gates,0.0,0.0
1231,pallets_awaiting_gates,0.0,0.0
1232,pallets_awaiting_gates,0.0,0.0
1233,pallets_awaiting_gates,0.0,0.0
1234,pallets_awaiting_gates,0.0,0.0
1235,pallets_awaiting_gates,0.0,0.0
1236,pallets_awaiting_gates,0.0,0.0
1237,pallets_awaiting_gates,0.0,0.0
1238,pallets_awaiting_gates,0.0,0.0
1239,pallets_awaiting_gates,0.0,0.0
1240,pallets_awaiting_gates,0.0,0.0
1241,pallets_awaiting_gates,0.0,0.0
1242,pallets_awaiting_gates,0.0,0.0
1243,pallets_awaiting_gates,0.0,0.0
1244,pallets_awaiting_gates,0.0,0.0
1245,pallets_awaiting_gates,0.0,0.0
1246,pallets_awaiting_gates,0.0,0.0
1247,pallets_awaiting_gates,0.0,0.0
1248,pallets_awaiting_gates,0.0,0.0
1249,pallets_awaiting_gates,0.0,0.0
1250,pallets_awaiting_gates,0.0,0.0
1251,pallets_awaiting_gates,0.0,0.0
1252,pallets_awaiting_gates,0.0,0.0
1253,pallets_awaiting_gates,0.0,0.0
1254,pallets_awaiting_gates,0.0,0.0
1255,pallets_awaiting_gates,0.0,0.0
1256,pallets_awaiting_gates,0.0,0.0
1257,pallets_awaiting_gates,0.0,0.0
1258,pallets_awaiting_gates,0.0,0.0
1259,pallets_awaiting_gates,0.0,0.0
1260,pallets_awaiting_gates,0.0,0.0
1261,pallets_awaiting_gates,0.0,0.0
1262,pallets_awaiting_gates,0.0,0.0
1263,pallets_awaiting_gates,0.0,0.0
1264,pallets_awaiting_gates,0.0,0.0
1265,pallets_awaiting_gates,0.0,0.0
1266,pallets_awaiting_gates,0.0,0.0
1267,pallets_awaiting_gates,0.0,0.0
1268,pallets_awaiting_gates,0.0,0.0
1269,pallets_awaiting_gates,0.0,0.0
1270,pallets_awaiting_gates,0.0,0.0
1271,pallets_awaiting_gates,0.0,0.0
1272,pallets_awaiting_gates,0.0,0.0
1273,pallets_awaiting_gates,0.0,0.0
1274,pallets_awaiting_gates,0.0,0.0
1275,pallets_awaiting_gates,0.0,0.0
1276,pallets_awaiting_gates,0.0,0.0
1277,pallets_awaiting_gates,0.0,0.0
1278,pallets_awaiting_gates,0.0,0.0
1279,pallets_awaiting_gates,0.5,1.0
1280,pallets_awaiting_gates,0.0,0.0
1281,pallets_awaiting_gates,0.0,0.0
1282,pallets_awaiting_gates,0.0,0.0
1283,pallets_awaiting_gates,0.5,1.0
1284,pallets_awaiting_gates,0.0,0.0
1285,pallets_awaiting_gates,0.0,0.0
1286,pallets_awaiting_gates,0.0,0.0
1287,pallets_awaiting_gates,0.0,0.0
1288,pallets_awaiting_gates,0.0,0.0
1289,pallets_awaiting_gates,0.0,0.0
1290,pallets_awaiting_gates,0.0,0.0
1291,pallets_awaiting_gates,0.0,0.0
1292,pallets_awaiting_gates,0.0,0.0
1293,pallets_awaiting_gates,0.0,0.0
1294,pallets_awaiting_gates,0.0,0.0
1295,pallets_awaiting_gates,0.0,0.0
1296,pallets_awaiting_gates,0.0,0.0
1297,pallets_awaiting_gates,0.0,0.0
1298,pallets_awaiting_gates,0.0,0.0
1299,pallets_awaiting_gates,0.0,0.0
1300,pallets_awaiting_gates,0.0,0.0
1301,pallets_awaiting_gates,0.0,0.0
1302,pallets_awaiting_gates,0.0,0.0
1303,pallets_awaiting_gates,0.0,0.0
1304,pallets_awaiting_gates,0.0,0.0
1305,pallets_awaiting_gates,0.0,0.0
1306,pallets_awaiting_gates,0.5,1.0
1307,pallets_awaiting_gates,0.0,0.0
1308,pallets_awaiting_gates,0.0,0.0
1309,pallets_awaiting_gates,0.0,0.0
1310,pallets_awaiting_gates,0.0,0.0
1311,pallets_awaiting_gates,0.0,0.0
1312,pallets_awaiting_gates,0.0,0.0
1313,pallets_awaiting_gates,0.5,1.0
1314,pallets_awaiting_gates,0.5,1.0
1315,pallets_awaiting_gates,0.0,0.0
1316,pallets_awaiting_gates,0.0,0.0
1317,pallets_awaiting_gates,0.0,0.0
1318,pallets_awaiting_gates,0.0,0.0
1319,pallets_awaiting_gates,0.0,0.0
1320,pallets_awaiting_gates,0.0,0.0
1321,pallets_awaiting_gates,0.0,0.0
1322,pallets_awaiting_gates,0.0,0.0
1323,pallets_awaiting_gates,0.0,0.0
1324,pallets_awaiting_gates,0.0,0.0
1325,pallets_awaiting_gates,0.0,0.0
1326,pallets_awaiting_gates,0.0,0.0
1327,pallets_awaiting_gates,0.0,0.0
1328,pallets_awaiting_gates,0.0,0.0
1329,pallets_awaiting_gates,0.0,0.0
1330,pallets_awaiting_gates,0.0,0.0
1331,pallets_awaiting_gates,0.0,0.0
1332,pallets_awaiting_gates,0.0,0.0
1333,pallets_awaiting_gates,0.0,0.0
1334,pallets_awaiting_gates,0.0,0.0
1335,pallets_awaiting_gates,0.0,0.0
1336,pallets_awaiting_gates,0.0,0.0
1337,pallets_awaiting_gates,0.0,0.0
1338,pallets_awaiting_gates,0.0,0.0
1339,pallets_awaiting_gates,0.0,0.0
1340,pallets_awaiting_gates,0.0,0.0
1341,pallets_awaiting_gates,0.0,0.0
1342,pallets_awaiting_gates,0.0,0.0
1343,pallets_awaiting_gates,0.0,0.0
1344,pallets_awaiting_gates,0.0,0.0
1345,pallets_awaiting_gates,0.0,0.0
1346,pallets_awaiting_gates,0.0,0.0
1347,pallets_awaiting_gates,0.0,0.0
1348,pallets_awaiting_gates,0.0,0.0
1349,pallets_awaiting_gates,0.0,0.0
1350,pallets_awaiting_gates,0.0,0.0
1351,pallets_awaiting_gates,0.0,0.0
1352,pallets_awaiting_gates,0.0,0.0
1353,pallets_awaiting_gates,0.0,0.0
1354,pallets_awaiting_gates,0.0,0.0
1355,pallets_awaiting_gates,0.0,0.0
1356,pallets_awaiting_gates,0.0,0.0
1357,pallets_awaiting_gates,0.0,0.0
1358,pallets_awaiting_gates,0.0,0.0
1359,pallets_awaiting_gates,0.0,0.0
1360,pallets_awaiting_gates,0.0,0.0
1361,pallets_awaiting_gates,0.0,0.0
1362,pallets_awaiting_gates,0.0,0.0
1363,pallets_awaiting_gates,0.0,0.0
1364,pallets_awaiting_gates,0.0,0.0
1365,pallets_awaiting_gates,0.0,0.0
1366,pallets_awaiting_gates,0.0,0.0
1367,pallets_awaiting_gates,0.0,0.0
1368,pallets_awaiting_gates,0.0,0.0
1369,pallets_awaiting_gates,0.0,0.0
1370,pallets_awaiting_gates,0.0,0.0
1371,pallets_awaiting_gates,0.0,0.0
1372,pallets_awaiting_gates,0.0,0.0
1373,pallets_awaiting_gates,0.0,0.0
1374,pallets_awaiting_gates,0.0,0.0
1375,pallets_awaiting_gates,0.0,0.0
1376,pallets_awaiting_gates,0.0,0.0
1377,pallets_awaiting_gates,0.0,0.0
1378,pallets_awaiting_gates,0.0,0.0
1379,pallets_awaiting_gates,0.5,1.0
1380,pallets_awaiting_gates,0.0,0.0
1381,pallets_awaiting_gates,0.0,0.0
1382,pallets_awaiting_gates,0.0,0.0
1383,pallets_awaiting_gates,0.0,0.0
1384,pallets_awaiting_gates,0.0,0.0
1385,pallets_awaiting_gates,0.0,0.0
1386,pallets_awaiting_gates,0.0,0.0
1387,pallets_awaiting_gates,0.0,0.0
1388,pallets_awaiting_gates,0.0,0.0
1389,pallets_awaiting_gates,0.0,0.0
1390,pallets_awaiting_gates,0.0,0.0
1391,pallets_awaiting_gates,0.0,0.0
1392,pallets_awaiting_gates,0.0,0.0
1393,pallets_awaiting_gates,0.0,0.0
1394,pallets_awaiting_gates,0.0,0.0
1395,pallets_awaiting_gates,0.0,0.0
1396,pallets_awaiting_gates,0.0,0.0
1397,pallets_awaiting_gates,0.0,0.0
1398,pallets_awaiting_gates,0.0,0.0
1399,pallets_awaiting_gates,0.0,0.0
1400,pallets_awaiting_gates,0.0,0.0
1401,pallets_awaiting_gates,0.0,0.0
1402,pallets_awaiting_gates,0.0,0.0
1403,pallets_awaiting_gates,0.0,0.0
1404,pallets_awaiting_gates,0.0,0.0
1405,pallets_awaiting_gates,0.0,0.0
1406,pallets_awaiting_gates,0.0,0.0
1407,pallets_awaiting_gates,0.0,0.0
1408,pallets_awaiting_gates,0.0,0.0
1409,pallets_awaiting_gates,0.0,0.0
1410,pallets_awaiting_gates,0.0,0.0
1411,pallets_awaiting_gates,0.0,0.0
1412,pallets_awaiting_gates,0.0,0.0
1413,pallets_awaiting_gates,0.0,0.0
1414,pallets_awaiting_gates,0.0,0.0
1415,pallets_awaiting_gates,0.0,0.0
1416,pallets_awaiting_gates,0.0,0.0
1417,pallets_awaiting_gates,0.0,0.0
1418,pallets_awaiting_gates,0.0,0.0
1419,pallets_awaiting_gates,0.0,0.0
1420,pallets_awaiting_gates,0.0,0.0
1421,pallets_awaiting_gates,0.0,0.0
1422,pallets_awaiting_gates,0.0,0.0
1423,pallets_awaiting_gates,0.0,0.0
1424,pallets_awaiting_gates,0.0,0.0
1425,pallets_awaiting_gates,0.0,0.0
1426,pallets_awaiting_gates,0.0,0.0
1427,pallets_awaiting_gates,0.0,0.0
1428,pallets_awaiting_gates,0.0,0.0
1429,pallets_awaiting_gates,0.0,0.0
1430,pallets_awaiting_gates,0.0,0.0
1431,pallets_awaiting_gates,0.0,0.0
1432,pallets_awaiting_gates,0.0,0.0
1433,pallets_awaiting_gates,0.0,0.0
1434,pallets_awaiting_gates,0.0,0.0
1435,pallets_awaiting_gates,0.0,0.0
1436,pallets_awaiting_gates,0.0,0.0
1437,pallets_awaiting_gates,0.0,0.0
1438,pallets_awaiting_gates,0.0,0.0
1439,pallets_awaiting_gates,0.0,0.0
0,receiving_buffer_pallets,0.0,0.0
1,receiving_buffer_pallets,0.0,0.0
2,receiving_buffer_pallets,0.0,0.0
3,receiving_buffer_pallets,0.0,0.0
4,receiving_buffer_pallets,0.0,0.0
5,receiving_buffer_pallets,0.0,0.0
6,receiving_buffer_pallets,0.0,0.0
7,receiving_buffer_pallets,0.0,0.0
8,receiving_buffer_pallets,0.0,0.0
9,receiving_buffer_pallets,0.0,0.0
10,receiving_buffer_pallets,0.0,0.0
11,receiving_buffer_pallets,0.0,0.0
12,receiving_buffer_pallets,0.0,0.0
13,receiving_buffer_pallets,0.0,0.0
14,receiving_buffer_pallets,0.0,0.0
15,receiving_buffer_pallets,0.0,0.0
16,receiving_buffer_pallets,0.0,0.0
17,receiving_buffer_pallets,0.0,0.0
18,receiving_buffer_pallets,0.0,0.0
19,receiving_buffer_pallets,0.0,0.0
20,receiving_buffer_pallets,0.0,0.0
21,receiving_buffer_pallets,0.0,0.0
22,receiving_buffer_pallets,0.0,0.0
23,receiving_buffer_pallets,0.0,0.0
24,receiving_buffer_pallets,0.0,0.0
25,receiving_buffer_pallets,0.0,0.0
26,receiving_buffer_pallets,0.0,0.0
27,receiving_buffer_pallets,0.0,0.0
28,receiving_buffer_pallets,0.0,0.0
29,receiving_buffer_pallets,0.0,0.0
30,receiving_buffer_pallets,0.0,0.0
31,receiving_buffer_pallets,0.0,0.0
32,receiving_buffer_pallets,0.0,0.0
33,receiving_buffer_pallets,0.0,0.0
34,receiving_buffer_pallets,0.0,0.0
35,receiving_buffer_pallets,0.0,0.0
36,receiving_buffer_pallets,0.0,0.0
37,receiving_buffer_pallets,0.0,0.0
38,receiving_buffer_pallets,0.0,0.0
39,receiving_buffer_pallets,0.0,0.0
40,receiving_buffer_pallets,0.0,0.0
41,receiving_buffer_pallets,0.0,0.0
42,receiving_buffer_pallets,0.0,0.0
43,receiving_buffer_pallets,0.0,0.0
44,receiving_buffer_pallets,0.0,0.0
45,receiving_buffer_pallets,0.0,0.0
46,receiving_buffer_pallets,0.0,0.0
47,receiving_buffer_pallets,0.0,0.0
48,receiving_buffer_pallets,0.0,0.0
49,receiving_buffer_pallets,0.0,0.0
50,receiving_buffer_pallets,0.0,0.0
51,receiving_buffer_pallets,0.0,0.0
52,receiving_buffer_pallets,0.0,0.0
53,receiving_buffer_pallets,0.0,0.0
54,receiving_buffer_pallets,0.0,0.0
55,receiving_buffer_pallets,0.0,0.0
56,receiving_buffer_pallets,0.0,0.0
57,receiving_buffer_pallets,0.0,0.0
58,receiving_buffer_pallets,0.0,0.0
59,receiving_buffer_pallets,0.0,0.0
60,receiving_buffer_pallets,0.0,0.0
61,receiving_buffer_pallets,0.0,0.0
62,receiving_buffer_pallets,0.0,0.0
63,receiving_buffer_pallets,0.0,0.0
64,receiving_buffer_pallets,0.0,0.0
65,receiving_buffer_pallets,0.0,0.0
66,receiving_buffer_pallets,0.0,0.0
67,receiving_buffer_pallets,0.0,0.0
68,receiving_buffer_pallets,0.0,0.0
69,receiving_buffer_pallets,0.0,0.0
70,receiving_buffer_pallets,0.0,0.0
71,receiving_buffer_pallets,0.0,0.0
72,receiving_buffer_pallets,0.0,0.0
73,receiving_buffer_pallets,0.0,0.0
74,receiving_buffer_pallets,0.0,0.0
75,receiving_buffer_pallets,0.0,0.0
76,receiving_buffer_pallets,0.0,0.0
77,receiving_buffer_pallets,0.0,0.0
78,receiving_buffer_pallets,0.0,0.0
79,receiving_buffer_pallets,0.0,0.0
80,receiving_buffer_pallets,0.0,0.0
81,receiving_buffer_pallets,0.0,0.0
82,receiving_buffer_pallets,0.0,0.0
83,receiving_buffer_pallets,0.0,0.0
84,receiving_buffer_pallets,0.0,0.0
85,receiving_buffer_pallets,0.0,0.0
86,receiving_buffer_pallets,0.0,0.0
87,receiving_buffer_pallets,0.0,0.0
88,receiving_buffer_pallets,0.0,0.0
89,receiving_buffer_pallets,0.0,0.0
90,receiving_buffer_pallets,0.0,0.0
91,receiving_buffer_pallets,0.0,0.0
92,receiving_buffer_pallets,0.0,0.0
93,receiving_buffer_pallets,0.0,0.0
94,receiving_buffer_pallets,0.0,0.0
95,receiving_buffer_pallets,0.0,0.0
96,receiving_buffer_pallets,0.0,0.0
97,receiving_buffer_pallets,0.0,0.0
98,receiving_buffer_pallets,0.0,0.0
99,receiving_buffer_pallets,0.0,0.0
100,receiving_buffer_pallets,0.0,0.0
101,receiving_buffer_pallets,0.0,0.0
102,receiving_buffer_pallets,0.0,0.0
103,receiving_buffer_pallets,0.0,0.0
104,receiving_buffer_pallets,0.0,0.0
105,receiving_buffer_pallets,0.0,0.0
106,receiving_buffer_pallets,0.0,0.0
107,receiving_buffer_pallets,0.0,0.0
108,receiving_buffer_pallets,0.0,0.0
109,receiving_buffer_pallets,0.0,0.0
110,receiving_buffer_pallets,0.0,0.0
111,receiving_buffer_pallets,0.0,0.0
112,receiving_buffer_pallets,0.0,0.0
113,receiving_buffer_pallets,0.0,0.0
114,receiving_buffer_pallets,0.0,0.0
115,receiving_buffer_pallets,0.0,0.0
116,receiving_buffer_pallets,0.0,0.0
117,receiving_buffer_pallets,0.0,0.0
118,receiving_buffer_pallets,0.0,0.0
119,receiving_buffer_pallets,0.0,0.0
120,receiving_buffer_pallets,0.0,0.0
121,receiving_buffer_pallets,0.0,0.0
122,receiving_buffer_pallets,0.0,0.0
123,receiving_buffer_pallets,0.0,0.0
124,receiving_buffer_pallets,0.0,0.0
125,receiving_buffer_pallets,0.0,0.0
126,receiving_buffer_pallets,0.0,0.0
127,receiving_buffer_pallets,0.0,0.0
128,receiving_buffer_pallets,0.0,0.0
129,receiving_buffer_pallets,0.0,0.0
130,receiving_buffer_pallets,0.0,0.0
131,receiving_buffer_pallets,0.0,0.0
132,receiving_buffer_pallets,0.0,0.0
133,receiving_buffer_pallets,0.0,0.0
134,receiving_buffer_pallets,0.0,0.0
135,receiving_buffer_pallets,0.0,0.0
136,receiving_buffer_pallets,0.0,0.0
137,receiving_buffer_pallets,0.0,0.0
138,receiving_buffer_pallets,0.0,0.0
139,receiving_buffer_pallets,0.0,0.0
140,receiving_buffer_pallets,0.0,0.0
141,receiving_buffer_pallets,0.0,0.0
142,receiving_buffer_pallets,0.0,0.0
143,receiving_buffer_pallets,0.0,0.0
144,receiving_buffer_pallets,0.0,0.0
145,receiving_buffer_pallets,0.0,0.0
146,receiving_buffer_pallets,0.0,0.0
147,receiving_buffer_pallets,0.0,0.0
148,receiving_buffer_pallets,0.0,0.0
149,receiving_buffer_pallets,0.0,0.0
150,receiving_buffer_pallets,0.0,0.0
151,receiving_buffer_pallets,0.0,0.0
152,receiving_buffer_pallets,0.0,0.0
153,receiving_buffer_pallets,0.0,0.0
154,receiving_buffer_pallets,0.0,0.0
155,receiving_buffer_pallets,0.0,0.0
156,receiving_buffer_pallets,0.0,0.0
157,receiving_buffer_pallets,0.0,0.0
158,receiving_buffer_pallets,0.0,0.0
159,receiving_buffer_pallets,0.0,0.0
160,receiving_buffer_pallets,0.0,0.0
161,receiving_buffer_pallets,0.0,0.0
162,receiving_buffer_pallets,0.0,0.0
163,receiving_buffer_pallets,0.0,0.0
164,receiving_buffer_pallets,0.0,0.0
165,receiving_buffer_pallets,0.0,0.0
166,receiving_buffer_pallets,0.0,0.0
167,receiving_buffer_pallets,0.0,0.0
168,receiving_buffer_pallets,0.0,0.0
169,receiving_buffer_pallets,0.0,0.0
170,receiving_buffer_pallets,0.0,0.0
171,receiving_buffer_pallets,0.0,0.0
172,receiving_buffer_pallets,0.0,0.0
173,receiving_buffer_pallets,0.0,0.0
174,receiving_buffer_pallets,0.0,0.0
175,receiving_buffer_pallets,0.0,0.0
176,receiving_buffer_pallets,0.0,0.0
177,receiving_buffer_pallets,0.0,0.0
178,receiving_buffer_pallets,0.0,0.0
179,receiving_buffer_pallets,0.0,0.0
180,receiving_buffer_pallets,0.0,0.0
181,receiving_buffer_pallets,0.0,0.0
182,receiving_buffer_pallets,0.0,0.0
183,receiving_buffer_pallets,0.0,0.0
184,receiving_buffer_pallets,0.0,0.0
185,receiving_buffer_pallets,0.0,0.0
186,receiving_buffer_pallets,0.0,0.0
187,receiving_buffer_pallets,0.0,0.0
188,receiving_buffer_pallets,0.0,0.0
189,receiving_buffer_pallets,0.0,0.0
190,receiving_buffer_pallets,0.0,0.0
191,receiving_buffer_pallets,0.0,0.0
192,receiving_buffer_pallets,0.0,0.0
193,receiving_buffer_pallets,0.0,0.0
194,receiving_buffer_pallets,0.0,0.0
195,receiving_buffer_pallets,0.0,0.0
196,receiving_buffer_pallets,0.0,0.0
197,receiving_buffer_pallets,0.0,0.0
198,receiving_buffer_pallets,0.0,0.0
199,receiving_buffer_pallets,0.0,0.0
200,receiving_buffer_pallets,0.0,0.0
201,receiving_buffer_pallets,0.0,0.0
202,receiving_buffer_pallets,0.0,0.0
203,receiving_buffer_pallets,0.0,0.0
204,receiving_buffer_pallets,0.0,0.0
205,receiving_buffer_pallets,0.0,0.0
206,receiving_buffer_pallets,0.0,0.0
207,receiving_buffer_pallets,0.0,0.0
208,receiving_buffer_pallets,0.0,0.0
209,receiving_buffer_pallets,0.0,0.0
210,receiving_buffer_pallets,0.0,0.0
211,receiving_buffer_pallets,0.0,0.0
212,receiving_buffer_pallets,0.0,0.0
213,receiving_buffer_pallets,0.0,0.0
214,receiving_buffer_pallets,0.0,0.0
215,receiving_buffer_pallets,0.0,0.0
216,receiving_buffer_pallets,0.0,0.0
217,receiving_buffer_pallets,0.0,0.0
218,receiving_buffer_pallets,0.0,0.0
219,receiving_buffer_pallets,0.0,0.0
220,receiving_buffer_pallets,0.0,0.0
221,receiving_buffer_pallets,0.0,0.0
222,receiving_buffer_pallets,0.0,0.0
223,receiving_buffer_pallets,0.0,0.0
224,receiving_buffer_pallets,0.0,0.0
225,receiving_buffer_pallets,0.0,0.0
226,receiving_buffer_pallets,0.0,0.0
227,receiving_buffer_pallets,0.0,0.0
228,receiving_buffer_pallets,0.0,0.0
229,receiving_buffer_pallets,0.0,0.0
230,receiving_buffer_pallets,0.0,0.0
231,receiving_buffer_pallets,0.0,0.0
232,receiving_buffer_pallets,0.0,0.0
233,receiving_buffer_pallets,0.0,0.0
234,receiving_buffer_pallets,0.0,0.0
235,receiving_buffer_pallets,0.0,0.0
236,receiving_buffer_pallets,0.0,0.0
237,receiving_buffer_pallets,0.0,0.0
238,receiving_buffer_pallets,0.0,0.0
239,receiving_buffer_pallets,0.0,0.0
240,receiving_buffer_pallets,0.0,0.0
241,receiving_buffer_pallets,0.0,0.0
242,receiving_buffer_pallets,0.0,0.0
243,receiving_buffer_pallets,0.0,0.0
244,receiving_buffer_pallets,0.0,0.0
245,receiving_buffer_pallets,0.0,0.0
246,receiving_buffer_pallets,0.0,0.0
247,receiving_buffer_pallets,0.0,0.0
248,receiving_buffer_pallets,0.0,0.0
249,receiving_buffer_pallets,0.0,0.0
250,receiving_buffer_pallets,0.0,0.0
251,receiving_buffer_pallets,0.0,0.0
252,receiving_buffer_pallets,0.0,0.0
253,receiving_buffer_pallets,0.0,0.0
254,receiving_buffer_pallets,0.0,0.0
255,receiving_buffer_pallets,0.0,0.0
256,receiving_buffer_pallets,0.0,0.0
257,receiving_buffer_pallets,0.0,0.0
258,receiving_buffer_pallets,0.0,0.0
259,receiving_buffer_pallets,0.0,0.0
260,receiving_buffer_pallets,0.0,0.0
261,receiving_buffer_pallets,0.0,0.0
262,receiving_buffer_pallets,0.0,0.0
263,receiving_buffer_pallets,0.0,0.0
264,receiving_buffer_pallets,0.0,0.0
265,receiving_buffer_pallets,0.0,0.0
266,receiving_buffer_pallets,0.0,0.0
267,receiving_buffer_pallets,0.0,0.0
268,receiving_buffer_pallets,0.0,0.0
269,receiving_buffer_pallets,0.0,0.0
270,receiving_buffer_pallets,0.0,0.0
271,receiving_buffer_pallets,0.0,0.0
272,receiving_buffer_pallets,0.0,0.0
273,receiving_buffer_pallets,0.0,0.0
274,receiving_buffer_pallets,0.0,0.0
275,receiving_buffer_pallets,0.0,0.0
276,receiving_buffer_pallets,0.0,0.0
277,receiving_buffer_pallets,0.0,0.0
278,receiving_buffer_pallets,0.0,0.0
279,receiving_buffer_pallets,0.0,0.0
280,receiving_buffer_pallets,0.0,0.0
281,receiving_buffer_pallets,0.0,0.0
282,receiving_buffer_pallets,0.0,0.0
283,receiving_buffer_pallets,0.0,0.0
284,receiving_buffer_pallets,0.0,0.0
285,receiving_buffer_pallets,0.0,0.0
286,receiving_buffer_pallets,0.0,0.0
287,receiving_buffer_pallets,0.0,0.0
288,receiving_buffer_pallets,0.0,0.0
289,receiving_buffer_pallets,0.0,0.0
290,receiving_buffer_pallets,0.0,0.0
291,receiving_buffer_pallets,0.0,0.0
292,receiving_buffer_pallets,0.0,0.0
293,receiving_buffer_pallets,0.0,0.0
294,receiving_buffer_pallets,0.0,0.0
295,receiving_buffer_pallets,0.0,0.0
296,receiving_buffer_pallets,0.0,0.0
297,receiving_buffer_pallets,0.0,0.0
298,receiving_buffer_pallets,0.0,0.0
299,receiving_buffer_pallets,0.0,0.0
300,receiving_buffer_pallets,0.0,0.0
301,receiving_buffer_pallets,0.0,0.0
302,receiving_buffer_pallets,0.0,0.0
303,receiving_buffer_pallets,0.0,0.0
304,receiving_buffer_pallets,0.0,0.0
305,receiving_buffer_pallets,0.0,0.0
306,receiving_buffer_pallets,0.0,0.0
307,receiving_buffer_pallets,0.0,0.0
308,receiving_buffer_pallets,0.0,0.0
309,receiving_buffer_pallets,0.0,0.0
310,receiving_buffer_pallets,0.0,0.0
311,receiving_buffer_pallets,0.0,0.0
312,receiving_buffer_pallets,0.0,0.0
313,receiving_buffer_pallets,0.0,0.0
314,receiving_buffer_pallets,0.0,0.0
315,receiving_buffer_pallets,0.0,0.0
316,receiving_buffer_pallets,0.0,0.0
317,receiving_buffer_pallets,0.0,0.0
318,receiving_buffer_pallets,0.0,0.0
319,receiving_buffer_pallets,0.0,0.0
320,receiving_buffer_pallets,0.0,0.0
321,receiving_buffer_pallets,0.0,0.0
322,receiving_buffer_pallets,0.0,0.0
323,receiving_buffer_pallets,0.0,0.0
324,receiving_buffer_pallets,0.0,0.0
325,receiving_buffer_pallets,0.0,0.0
326,receiving_buffer_pallets,0.0,0.0
327,receiving_buffer_pallets,0.0,0.0
328,receiving_buffer_pallets,0.0,0.0
329,receiving_buffer_pallets,0.0,0.0
330,receiving_buffer_pallets,0.0,0.0
331,receiving_buffer_pallets,0.0,0.0
332,receiving_buffer_pallets,0.0,0.0
333,receiving_buffer_pallets,0.0,0.0
334,receiving_buffer_pallets,0.0,0.0
335,receiving_buffer_pallets,0.0,0.0
336,receiving_buffer_pallets,0.0,0.0
337,receiving_buffer_pallets,0.0,0.0
338,receiving_buffer_pallets,0.0,0.0
339,receiving_buffer_pallets,0.0,0.0
340,receiving_buffer_pallets,0.0,0.0
341,receiving_buffer_pallets,0.0,0.0
342,receiving_buffer_pallets,0.0,0.0
343,receiving_buffer_pallets,0.0,0.0
344,receiving_buffer_pallets,0.0,0.0
345,receiving_buffer_pallets,0.0,0.0
346,receiving_buffer_pallets,0.0,0.0
347,receiving_buffer_pallets,0.0,0.0
348,receiving_buffer_pallets,0.0,0.0
349,receiving_buffer_pallets,0.0,0.0
350,receiving_buffer_pallets,0.0,0.0
351,receiving_buffer_pallets,0.0,0.0
352,receiving_buffer_pallets,0.0,0.0
353,receiving_buffer_pallets,0.0,0.0
354,receiving_buffer_pallets,0.0,0.0
355,receiving_buffer_pallets,0.0,0.0
356,receiving_buffer_pallets,0.0,0.0
357,receiving_buffer_pallets,0.0,0.0
358,receiving_buffer_pallets,0.0,0.0
359,receiving_buffer_pallets,0.0,0.0
360,receiving_buffer_pallets,0.0,0.0
361,receiving_buffer_pallets,0.0,0.0
362,receiving_buffer_pallets,0.0,0.0
363,receiving_buffer_pallets,0.0,0.0
364,receiving_buffer_pallets,0.0,0.0
365,receiving_buffer_pallets,0.0,0.0
366,receiving_buffer_pallets,0.0,0.0
367,receiving_buffer_pallets,0.0,0.0
368,receiving_buffer_pallets,0.0,0.0
369,receiving_buffer_pallets,0.0,0.0
370,receiving_buffer_pallets,0.0,0.0
371,receiving_buffer_pallets,0.0,0.0
372,receiving_buffer_pallets,0.0,0.0
373,receiving_buffer_pallets,0.0,0.0
374,receiving_buffer_pallets,0.0,0.0
375,receiving_buffer_pallets,0.0,0.0
376,receiving_buffer_pallets,0.0,0.0
377,receiving_buffer_pallets,0.0,0.0
378,receiving_buffer_pallets,0.0,0.0
379,receiving_buffer_pallets,0.0,0.0
380,receiving_buffer_pallets,0.0,0.0
381,receiving_buffer_pallets,0.0,0.0
382,receiving_buffer_pallets,0.0,0.0
383,receiving_buffer_pallets,0.0,0.0
384,receiving_buffer_pallets,0.0,0.0
385,receiving_buffer_pallets,0.0,0.0
386,receiving_buffer_pallets,0.0,0.0
387,receiving_buffer_pallets,0.0,0.0
388,receiving_buffer_pallets,0.0,0.0
389,receiving_buffer_pallets,0.0,0.0
390,receiving_buffer_pallets,0.0,0.0
391,receiving_buffer_pallets,0.0,0.0
392,receiving_buffer_pallets,0.0,0.0
393,receiving_buffer_pallets,0.0,0.0
394,receiving_buffer_pallets,0.0,0.0
395,receiving_buffer_pallets,0.0,0.0
396,receiving_buffer_pallets,0.0,0.0
397,receiving_buffer_pallets,0.0,0.0
398,receiving_buffer_pallets,0.0,0.0
399,receiving_buffer_pallets,0.0,0.0
400,receiving_buffer_pallets,0.0,0.0
401,receiving_buffer_pallets,0.0,0.0
402,receiving_buffer_pallets,0.0,0.0
403,receiving_buffer_pallets,0.0,0.0
404,receiving_buffer_pallets,0.0,0.0
405,receiving_buffer_pallets,0.0,0.0
406,receiving_buffer_pallets,0.0,0.0
407,receiving_buffer_pallets,0.0,0.0
408,receiving_buffer_pallets,0.0,0.0
409,receiving_buffer_pallets,0.0,0.0
410,receiving_buffer_pallets,0.0,0.0
411,receiving_buffer_pallets,0.0,0.0
412,receiving_buffer_pallets,0.0,0.0
413,receiving_buffer_pallets,0.0,0.0
414,receiving_buffer_pallets,0.0,0.0
415,receiving_buffer_pallets,0.0,0.0
416,receiving_buffer_pallets,0.0,0.0
417,receiving_buffer_pallets,0.0,0.0
418,receiving_buffer_pallets,0.0,0.0
419,receiving_buffer_pallets,0.0,0.0
420,receiving_buffer_pallets,0.0,0.0
421,receiving_buffer_pallets,0.0,0.0
422,receiving_buffer_pallets,0.0,0.0
423,receiving_buffer_pallets,0.0,0.0
424,receiving_buffer_pallets,0.0,0.0
425,receiving_buffer_pallets,0.0,0.0
426,receiving_buffer_pallets,0.0,0.0
427,receiving_buffer_pallets,0.0,0.0
428,receiving_buffer_pallets,0.0,0.0
429,receiving_buffer_pallets,0.0,0.0
430,receiving_buffer_pallets,0.0,0.0
431,receiving_buffer_pallets,0.0,0.0
432,receiving_buffer_pallets,0.0,0.0
433,receiving_buffer_pallets,0.0,0.0
434,receiving_buffer_pallets,0.0,0.0
435,receiving_buffer_pallets,0.0,0.0
436,receiving_buffer_pallets,0.0,0.0
437,receiving_buffer_pallets,0.0,0.0
438,receiving_buffer_pallets,0.0,0.0
439,receiving_buffer_pallets,0.0,0.0
440,receiving_buffer_pallets,0.0,0.0
441,receiving_buffer_pallets,0.0,0.0
442,receiving_buffer_pallets,0.0,0.0
443,receiving_buffer_pallets,0.0,0.0
444,receiving_buffer_pallets,0.0,0.0
445,receiving_buffer_pallets,0.0,0.0
446,receiving_buffer_pallets,0.0,0.0
447,receiving_buffer_pallets,0.0,0.0
448,receiving_buffer_pallets,0.0,0.0
449,receiving_buffer_pallets,0.0,0.0
450,receiving_buffer_pallets,0.0,0.0
451,receiving_buffer_pallets,0.0,0.0
452,receiving_buffer_pallets,0.0,0.0
453,receiving_buffer_pallets,0.0,0.0
454,receiving_buffer_pallets,0.0,0.0
455,receiving_buffer_pallets,0.0,0.0
456,receiving_buffer_pallets,0.0,0.0
457,receiving_buffer_pallets,0.0,0.0
458,receiving_buffer_pallets,0.0,0.0
459,receiving_buffer_pallets,0.0,0.0
460,receiving_buffer_pallets,0.0,0.0
461,receiving_buffer_pallets,0.0,0.0
462,receiving_buffer_pallets,0.0,0.0
463,receiving_buffer_pallets,0.0,0.0
464,receiving_buffer_pallets,0.0,0.0
465,receiving_buffer_pallets,0.0,0.0
466,receiving_buffer_pallets,0.0,0.0
467,receiving_buffer_pallets,0.0,0.0
468,receiving_buffer_pallets,0.0,0.0
469,receiving_buffer_pallets,0.0,0.0
470,receiving_buffer_pallets,0.0,0.0
471,receiving_buffer_pallets,0.0,0.0
472,receiving_buffer_pallets,0.0,0.0
473,receiving_buffer_pallets,0.0,0.0
474,receiving_buffer_pallets,0.0,0.0
475,receiving_buffer_pallets,0.0,0.0
476,receiving_buffer_pallets,0.0,0.0
477,receiving_buffer_pallets,0.0,0.0
478,receiving_buffer_pallets,0.0,0.0
479,receiving_buffer_pallets,0.0,0.0
480,receiving_buffer_pallets,0.0,0.0
481,receiving_buffer_pallets,0.0,0.0
482,receiving_buffer_pallets,0.0,0.0
483,receiving_buffer_pallets,0.0,0.0
484,receiving_buffer_pallets,0.0,0.0
485,receiving_buffer_pallets,0.0,0.0
486,receiving_buffer_pallets,0.0,0.0
487,receiving_buffer_pallets,0.0,0.0
488,receiving_buffer_pallets,0.0,0.0
489,receiving_buffer_pallets,0.0,0.0
490,receiving_buffer_pallets,0.0,0.0
491,receiving_buffer_pallets,0.0,0.0
492,receiving_buffer_pallets,0.0,0.0
493,receiving_buffer_pallets,0.0,0.0
494,receiving_buffer_pallets,0.0,0.0
495,receiving_buffer_pallets,0.0,0.0
496,receiving_buffer_pallets,0.0,0.0
497,receiving_buffer_pallets,0.0,0.0
498,receiving_buffer_pallets,0.0,0.0
499,receiving_buffer_pallets,0.0,0.0
500,receiving_buffer_pallets,0.0,0.0
501,receiving_buffer_pallets,0.0,0.0
502,receiving_buffer_pallets,0.0,0.0
503,receiving_buffer_pallets,0.0,0.0
504,receiving_buffer_pallets,0.0,0.0
505,receiving_buffer_pallets,0.0,0.0
506,receiving_buffer_pallets,0.0,0.0
507,receiving_buffer_pallets,0.0,0.0
508,receiving_buffer_pallets,0.0,0.0
509,receiving_buffer_pallets,0.0,0.0
510,receiving_buffer_pallets,0.0,0.0
511,receiving_buffer_pallets,0.0,0.0
512,receiving_buffer_pallets,0.0,0.0
513,receiving_buffer_pallets,0.0,0.0
514,receiving_buffer_pallets,0.0,0.0
515,receiving_buffer_pallets,0.0,0.0
516,receiving_buffer_pallets,0.0,0.0
517,receiving_buffer_pallets,0.0,0.0
518,receiving_buffer_pallets,0.0,0.0
519,receiving_buffer_pallets,0.0,0.0
520,receiving_buffer_pallets,0.0,0.0
521,receiving_buffer_pallets,0.0,0.0
522,receiving_buffer_pallets,0.0,0.0
523,receiving_buffer_pallets,0.0,0.0
524,receiving_buffer_pallets,0.0,0.0
525,receiving_buffer_pallets,0.0,0.0
526,receiving_buffer_pallets,0.0,0.0
527,receiving_buffer_pallets,0.0,0.0
528,receiving_buffer_pallets,0.0,0.0
529,receiving_buffer_pallets,0.0,0.0
530,receiving_buffer_pallets,0.0,0.0
531,receiving_buffer_pallets,0.0,0.0
532,receiving_buffer_pallets,0.0,0.0
533,receiving_buffer_pallets,0.0,0.0
534,receiving_buffer_pallets,0.0,0.0
535,receiving_buffer_pallets,0.0,0.0
536,receiving_buffer_pallets,0.0,0.0
537,receiving_buffer_pallets,0.0,0.0
538,receiving_buffer_pallets,0.0,0.0
539,receiving_buffer_pallets,0.0,0.0
540,receiving_buffer_pallets,0.0,0.0
541,receiving_buffer_pallets,0.0,0.0
542,receiving_buffer_pallets,0.0,0.0
543,receiving_buffer_pallets,0.0,0.0
544,receiving_buffer_pallets,0.0,0.0
545,receiving_buffer_pallets,0.0,0.0
546,receiving_buffer_pallets,0.0,0.0
547,receiving_buffer_pallets,0.0,0.0
548,receiving_buffer_pallets,0.0,0.0
549,receiving_buffer_pallets,0.0,0.0
550,receiving_buffer_pallets,0.0,0.0
551,receiving_buffer_pallets,0.0,0.0
552,receiving_buffer_pallets,0.0,0.0
553,receiving_buffer_pallets,0.0,0.0
554,receiving_buffer_pallets,0.0,0.0
555,receiving_buffer_pallets,0.0,0.0
556,receiving_buffer_pallets,0.0,0.0
557,receiving_buffer_pallets,0.0,0.0
558,receiving_buffer_pallets,0.0,0.0
559,receiving_buffer_pallets,0.0,0.0
560,receiving_buffer_pallets,0.0,0.0
561,receiving_buffer_pallets,0.0,0.0
562,receiving_buffer_pallets,0.0,0.0
563,receiving_buffer_pallets,0.0,0.0
564,receiving_buffer_pallets,0.0,0.0
565,receiving_buffer_pallets,0.0,0.0
566,receiving_buffer_pallets,0.0,0.0
567,receiving_buffer_pallets,0.0,0.0
568,receiving_buffer_pallets,0.0,0.0
569,receiving_buffer_pallets,0.0,0.0
570,receiving_buffer_pallets,0.0,0.0
571,receiving_buffer_pallets,0.0,0.0
572,receiving_buffer_pallets,0.0,0.0
573,receiving_buffer_pallets,0.0,0.0
574,receiving_buffer_pallets,0.0,0.0
575,receiving_buffer_pallets,0.0,0.0
576,receiving_buffer_pallets,0.0,0.0
577,receiving_buffer_pallets,0.0,0.0
578,receiving_buffer_pallets,0.0,0.0
579,receiving_buffer_pallets,0.0,0.0
580,receiving_buffer_pallets,0.0,0.0
581,receiving_buffer_pallets,0.0,0.0
582,receiving_buffer_pallets,0.0,0.0
583,receiving_buffer_pallets,0.0,0.0
584,receiving_buffer_pallets,0.0,0.0
585,receiving_buffer_pallets,0.0,0.0
586,receiving_buffer_pallets,0.0,0.0
587,receiving_buffer_pallets,0.0,0.0
588,receiving_buffer_pallets,0.0,0.0
589,receiving_buffer_pallets,0.0,0.0
590,receiving_buffer_pallets,0.0,0.0
591,receiving_buffer_pallets,0.0,0.0
592,receiving_buffer_pallets,0.0,0.0
593,receiving_buffer_pallets,0.0,0.0
594,receiving_buffer_pallets,0.0,0.0
595,receiving_buffer_pallets,0.0,0.0
596,receiving_buffer_pallets,0.0,0.0
597,receiving_buffer_pallets,0.0,0.0
598,receiving_buffer_pallets,0.0,0.0
599,receiving_buffer_pallets,0.0,0.0
600,receiving_buffer_pallets,0.0,0.0
601,receiving_buffer_pallets,0.0,0.0
602,receiving_buffer_pallets,0.0,0.0
603,receiving_buffer_pallets,0.0,0.0
604,receiving_buffer_pallets,0.0,0.0
605,receiving_buffer_pallets,0.0,0.0
606,receiving_buffer_pallets,0.0,0.0
607,receiving_buffer_pallets,0.0,0.0
608,receiving_buffer_pallets,0.0,0.0
609,receiving_buffer_pallets,0.0,0.0
610,receiving_buffer_pallets,0.0,0.0
611,receiving_buffer_pallets,0.0,0.0
612,receiving_buffer_pallets,0.0,0.0
613,receiving_buffer_pallets,0.0,0.0
614,receiving_buffer_pallets,0.0,0.0
615,receiving_buffer_pallets,0.0,0.0
616,receiving_buffer_pallets,0.0,0.0
617,receiving_buffer_pallets,0.0,0.0
618,receiving_buffer_pallets,0.0,0.0
619,receiving_buffer_pallets,0.0,0.0
620,receiving_buffer_pallets,0.0,0.0
621,receiving_buffer_pallets,0.0,0.0
622,receiving_buffer_pallets,0.0,0.0
623,receiving_buffer_pallets,0.0,0.0
624,receiving_buffer_pallets,0.0,0.0
625,receiving_buffer_pallets,0.0,0.0
626,receiving_buffer_pallets,0.0,0.0
627,receiving_buffer_pallets,0.0,0.0
628,receiving_buffer_pallets,0.0,0.0
629,receiving_buffer_pallets,0.0,0.0
630,receiving_buffer_pallets,0.0,0.0
631,receiving_buffer_pallets,0.0,0.0
632,receiving_buffer_pallets,0.0,0.0
633,receiving_buffer_pallets,0.0,0.0
634,receiving_buffer_pallets,0.0,0.0
635,receiving_buffer_pallets,0.0,0.0
636,receiving_buffer_pallets,0.0,0.0
637,receiving_buffer_pallets,0.0,0.0
638,receiving_buffer_pallets,0.0,0.0
639,receiving_buffer_pallets,0.0,0.0
640,receiving_buffer_pallets,0.0,0.0
641,receiving_buffer_pallets,0.0,0.0
642,receiving_buffer_pallets,0.0,0.0
643,receiving_buffer_pallets,0.0,0.0
644,receiving_buffer_pallets,0.0,0.0
645,receiving_buffer_pallets,0.0,0.0
646,receiving_buffer_pallets,0.0,0.0
647,receiving_buffer_pallets,0.0,0.0
648,receiving_buffer_pallets,0.0,0.0
649,receiving_buffer_pallets,0.0,0.0
650,receiving_buffer_pallets,0.0,0.0
651,receiving_buffer_pallets,0.0,0.0
652,receiving_buffer_pallets,0.0,0.0
653,receiving_buffer_pallets,0.0,0.0
654,receiving_buffer_pallets,0.0,0.0
655,receiving_buffer_pallets,0.0,0.0
656,receiving_buffer_pallets,0.0,0.0
657,receiving_buffer_pallets,0.0,0.0
658,receiving_buffer_pallets,0.0,0.0
659,receiving_buffer_pallets,0.0,0.0
660,receiving_buffer_pallets,0.0,0.0
661,receiving_buffer_pallets,0.0,0.0
662,receiving_buffer_pallets,0.0,0.0
663,receiving_buffer_pallets,0.0,0.0
664,receiving_buffer_pallets,0.0,0.0
665,receiving_buffer_pallets,0.0,0.0
666,receiving_buffer_pallets,0.0,0.0
667,receiving_buffer_pallets,0.0,0.0
668,receiving_buffer_pallets,0.0,0.0
669,receiving_buffer_pallets,0.0,0.0
670,receiving_buffer_pallets,0.0,0.0
671,receiving_buffer_pallets,0.0,0.0
672,receiving_buffer_pallets,0.0,0.0
673,receiving_buffer_pallets,0.0,0.0
674,receiving_buffer_pallets,0.0,0.0
675,receiving_buffer_pallets,0.0,0.0
676,receiving_buffer_pallets,0.0,0.0
677,receiving_buffer_pallets,0.0,0.0
678,receiving_buffer_pallets,0.0,0.0
679,receiving_buffer_pallets,0.0,0.0
680,receiving_buffer_pallets,0.0,0.0
681,receiving_buffer_pallets,0.0,0.0
682,receiving_buffer_pallets,0.0,0.0
683,receiving_buffer_pallets,0.0,0.0
684,receiving_buffer_pallets,0.0,0.0
685,receiving_buffer_pallets,0.0,0.0
686,receiving_buffer_pallets,0.0,0.0
687,receiving_buffer_pallets,0.0,0.0
688,receiving_buffer_pallets,0.0,0.0
689,receiving_buffer_pallets,0.0,0.0
690,receiving_buffer_pallets,0.0,0.0
691,receiving_buffer_pallets,0.0,0.0
692,receiving_buffer_pallets,0.0,0.0
693,receiving_buffer_pallets,0.0,0.0
694,receiving_buffer_pallets,0.0,0.0
695,receiving_buffer_pallets,0.0,0.0
696,receiving_buffer_pallets,0.0,0.0
697,receiving_buffer_pallets,0.0,0.0
698,receiving_buffer_pallets,0.0,0.0
699,receiving_buffer_pallets,0.0,0.0
700,receiving_buffer_pallets,0.0,0.0
701,receiving_buffer_pallets,0.0,0.0
702,receiving_buffer_pallets,0.0,0.0
703,receiving_buffer_pallets,0.0,0.0
704,receiving_buffer_pallets,0.0,0.0
705,receiving_buffer_pallets,0.0,0.0
706,receiving_buffer_pallets,0.0,0.0
707,receiving_buffer_pallets,0.0,0.0
708,receiving_buffer_pallets,0.0,0.0
709,receiving_buffer_pallets,0.0,0.0
710,receiving_buffer_pallets,0.0,0.0
711,receiving_buffer_pallets,0.0,0.0
712,receiving_buffer_pallets,0.0,0.0
713,receiving_buffer_pallets,0.0,0.0
714,receiving_buffer_pallets,0.0,0.0
715,receiving_buffer_pallets,0.0,0.0
716,receiving_buffer_pallets,0.0,0.0
717,receiving_buffer_pallets,0.0,0.0
718,receiving_buffer_pallets,0.0,0.0
719,receiving_buffer_pallets,0.0,0.0
720,receiving_buffer_pallets,0.0,0.0
721,receiving_buffer_pallets,0.0,0.0
722,receiving_buffer_pallets,0.0,0.0
723,receiving_buffer_pallets,0.0,0.0
724,receiving_buffer_pallets,0.0,0.0
725,receiving_buffer_pallets,0.0,0.0
726,receiving_buffer_pallets,0.0,0.0
727,receiving_buffer_pallets,0.0,0.0
728,receiving_buffer_pallets,0.0,0.0
729,receiving_buffer_pallets,0.0,0.0
730,receiving_buffer_pallets,0.0,0.0
731,receiving_buffer_pallets,0.0,0.0
732,receiving_buffer_pallets,0.0,0.0
733,receiving_buffer_pallets,0.0,0.0
734,receiving_buffer_pallets,0.0,0.0
735,receiving_buffer_pallets,0.0,0.0
736,receiving_buffer_pallets,0.0,0.0
737,receiving_buffer_pallets,0.0,0.0
738,receiving_buffer_pallets,0.0,0.0
739,receiving_buffer_pallets,0.0,0.0
740,receiving_buffer_pallets,0.0,0.0
741,receiving_buffer_pallets,0.0,0.0
742,receiving_buffer_pallets,0.0,0.0
743,receiving_buffer_pallets,0.0,0.0
744,receiving_buffer_pallets,0.0,0.0
745,receiving_buffer_pallets,0.0,0.0
746,receiving_buffer_pallets,0.0,0.0
747,receiving_buffer_pallets,0.0,0.0
748,receiving_buffer_pallets,0.0,0.0
749,receiving_buffer_pallets,0.0,0.0
750,receiving_buffer_pallets,0.0,0.0
751,receiving_buffer_pallets,0.0,0.0
752,receiving_buffer_pallets,0.0,0.0
753,receiving_buffer_pallets,0.0,0.0
754,receiving_buffer_pallets,0.0,0.0
755,receiving_buffer_pallets,0.0,0.0
756,receiving_buffer_pallets,0.0,0.0
757,receiving_buffer_pallets,0.0,0.0
758,receiving_buffer_pallets,0.0,0.0
759,receiving_buffer_pallets,0.0,0.0
760,receiving_buffer_pallets,0.0,0.0
761,receiving_buffer_pallets,0.0,0.0
762,receiving_buffer_pallets,0.0,0.0
763,receiving_buffer_pallets,0.0,0.0
764,receiving_buffer_pallets,0.0,0.0
765,receiving_buffer_pallets,0.0,0.0
766,receiving_buffer_pallets,0.0,0.0
767,receiving_buffer_pallets,0.0,0.0
768,receiving_buffer_pallets,0.0,0.0
769,receiving_buffer_pallets,0.0,0.0
770,receiving_buffer_pallets,0.0,0.0
771,receiving_buffer_pallets,0.0,0.0
772,receiving_buffer_pallets,0.0,0.0
773,receiving_buffer_pallets,0.0,0.0
774,receiving_buffer_pallets,0.0,0.0
775,receiving_buffer_pallets,0.0,0.0
776,receiving_buffer_pallets,0.0,0.0
777,receiving_buffer_pallets,0.0,0.0
778,receiving_buffer_pallets,0.0,0.0
779,receiving_buffer_pallets,0.0,0.0
780,receiving_buffer_pallets,0.0,0.0
781,receiving_buffer_pallets,0.0,0.0
782,receiving_buffer_pallets,0.0,0.0
783,receiving_buffer_pallets,0.0,0.0
784,receiving_buffer_pallets,0.0,0.0
785,receiving_buffer_pallets,0.0,0.0
786,receiving_buffer_pallets,0.0,0.0
787,receiving_buffer_pallets,0.0,0.0
788,receiving_buffer_pallets,0.0,0.0
789,receiving_buffer_pallets,0.0,0.0
790,receiving_buffer_pallets,0.0,0.0
791,receiving_buffer_pallets,0.0,0.0
792,receiving_buffer_pallets,0.0,0.0
793,receiving_buffer_pallets,0.0,0.0
794,receiving_buffer_pallets,0.0,0.0
795,receiving_buffer_pallets,0.0,0.0
796,receiving_buffer_pallets,0.0,0.0
797,receiving_buffer_pallets,0.0,0.0
798,receiving_buffer_pallets,0.0,0.0
799,receiving_buffer_pallets,0.0,0.0
800,receiving_buffer_pallets,0.0,0.0
801,receiving_buffer_pallets,0.0,0.0
802,receiving_buffer_pallets,0.0,0.0
803,receiving_buffer_pallets,0.0,0.0
804,receiving_buffer_pallets,0.0,0.0
805,receiving_buffer_pallets,0.0,0.0
806,receiving_buffer_pallets,0.0,0.0
807,receiving_buffer_pallets,0.0,0.0
808,receiving_buffer_pallets,0.0,0.0
809,receiving_buffer_pallets,0.0,0.0
810,receiving_buffer_pallets,0.0,0.0
811,receiving_buffer_pallets,0.0,0.0
812,receiving_buffer_pallets,0.0,0.0
813,receiving_buffer_pallets,0.0,0.0
814,receiving_buffer_pallets,0.0,0.0
815,receiving_buffer_pallets,0.0,0.0
816,receiving_buffer_pallets,0.0,0.0
817,receiving_buffer_pallets,0.0,0.0
818,receiving_buffer_pallets,0.0,0.0
819,receiving_buffer_pallets,0.0,0.0
820,receiving_buffer_pallets,0.0,0.0
821,receiving_buffer_pallets,0.0,0.0
822,receiving_buffer_pallets,0.0,0.0
823,receiving_buffer_pallets,0.0,0.0
824,receiving_buffer_pallets,0.0,0.0
825,receiving_buffer_pallets,0.0,0.0
826,receiving_buffer_pallets,0.0,0.0
827,receiving_buffer_pallets,0.0,0.0
828,receiving_buffer_pallets,0.0,0.0
829,receiving_buffer_pallets,0.0,0.0
830,receiving_buffer_pallets,0.0,0.0
831,receiving_buffer_pallets,0.0,0.0
832,receiving_buffer_pallets,0.0,0.0
833,receiving_buffer_pallets,0.0,0.0
834,receiving_buffer_pallets,0.0,0.0
835,receiving_buffer_pallets,0.0,0.0
836,receiving_buffer_pallets,0.0,0.0
837,receiving_buffer_pallets,0.0,0.0
838,receiving_buffer_pallets,0.0,0.0
839,receiving_buffer_pallets,0.0,0.0
840,receiving_buffer_pallets,0.0,0.0
841,receiving_buffer_pallets,0.0,0.0
842,receiving_buffer_pallets,0.0,0.0
843,receiving_buffer_pallets,0.0,0.0
844,receiving_buffer_pallets,0.0,0.0
845,receiving_buffer_pallets,0.0,0.0
846,receiving_buffer_pallets,0.0,0.0
847,receiving_buffer_pallets,0.0,0.0
848,receiving_buffer_pallets,0.0,0.0
849,receiving_buffer_pallets,0.0,0.0
850,receiving_buffer_pallets,0.0,0.0
851,receiving_buffer_pallets,0.0,0.0
852,receiving_buffer_pallets,0.0,0.0
853,receiving_buffer_pallets,0.0,0.0
854,receiving_buffer_pallets,0.0,0.0
855,receiving_buffer_pallets,0.0,0.0
856,receiving_buffer_pallets,0.0,0.0
857,receiving_buffer_pallets,0.0,0.0
858,receiving_buffer_pallets,0.0,0.0
859,receiving_buffer_pallets,0.0,0.0
860,receiving_buffer_pallets,0.0,0.0
861,receiving_buffer_pallets,0.0,0.0
862,receiving_buffer_pallets,0.0,0.0
863,receiving_buffer_pallets,0.0,0.0
864,receiving_buffer_pallets,0.0,0.0
865,receiving_buffer_pallets,0.0,0.0
866,receiving_buffer_pallets,0.0,0.0
867,receiving_buffer_pallets,0.0,0.0
868,receiving_buffer_pallets,0.0,0.0
869,receiving_buffer_pallets,0.0,0.0
870,receiving_buffer_pallets,0.0,0.0
871,receiving_buffer_pallets,0.0,0.0
872,receiving_buffer_pallets,0.0,0.0
873,receiving_buffer_pallets,0.0,0.0
874,receiving_buffer_pallets,0.0,0.0
875,receiving_buffer_pallets,0.0,0.0
876,receiving_buffer_pallets,0.0,0.0
877,receiving_buffer_pallets,0.0,0.0
878,receiving_buffer_pallets,0.0,0.0
879,receiving_buffer_pallets,0.0,0.0
880,receiving_buffer_pallets,0.0,0.0
881,receiving_buffer_pallets,0.0,0.0
882,receiving_buffer_pallets,0.0,0.0
883,receiving_buffer_pallets,0.0,0.0
884,receiving_buffer_pallets,0.0,0.0
885,receiving_buffer_pallets,0.0,0.0
886,receiving_buffer_pallets,0.0,0.0
887,receiving_buffer_pallets,0.0,0.0
888,receiving_buffer_pallets,0.0,0.0
889,receiving_buffer_pallets,0.0,0.0
890,receiving_buffer_pallets,0.0,0.0
891,receiving_buffer_pallets,0.0,0.0
892,receiving_buffer_pallets,0.0,0.0
893,receiving_buffer_pallets,0.0,0.0
894,receiving_buffer_pallets,0.0,0.0
895,receiving_buffer_pallets,0.0,0.0
896,receiving_buffer_pallets,0.0,0.0
897,receiving_buffer_pallets,0.0,0.0
898,receiving_buffer_pallets,0.0,0.0
899,receiving_buffer_pallets,0.0,0.0
900,receiving_buffer_pallets,0.0,0.0
901,receiving_buffer_pallets,0.0,0.0
902,receiving_buffer_pallets,0.0,0.0
903,receiving_buffer_pallets,0.0,0.0
904,receiving_buffer_pallets,0.0,0.0
905,receiving_buffer_pallets,0.0,0.0
906,receiving_buffer_pallets,0.0,0.0
907,receiving_buffer_pallets,0.0,0.0
908,receiving_buffer_pallets,0.0,0.0
909,receiving_buffer_pallets,0.0,0.0
910,receiving_buffer_pallets,0.0,0.0
911,receiving_buffer_pallets,0.0,0.0
912,receiving_buffer_pallets,0.0,0.0
913,receiving_buffer_pallets,0.0,0.0
914,receiving_buffer_pallets,0.0,0.0
915,receiving_buffer_pallets,0.0,0.0
916,receiving_buffer_pallets,0.0,0.0
917,receiving_buffer_pallets,0.0,0.0
918,receiving_buffer_pallets,0.0,0.0
919,receiving_buffer_pallets,0.0,0.0
920,receiving_buffer_pallets,0.0,0.0
921,receiving_buffer_pallets,0.0,0.0
922,receiving_buffer_pallets,0.0,0.0
923,receiving_buffer_pallets,0.0,0.0
924,receiving_buffer_pallets,0.0,0.0
925,receiving_buffer_pallets,0.0,0.0
926,receiving_buffer_pallets,0.0,0.0
927,receiving_buffer_pallets,0.0,0.0
928,receiving_buffer_pallets,0.0,0.0
929,receiving_buffer_pallets,0.0,0.0
930,receiving_buffer_pallets,0.0,0.0
931,receiving_buffer_pallets,0.0,0.0
932,receiving_buffer_pallets,0.0,0.0
933,receiving_buffer_pallets,0.0,0.0
934,receiving_buffer_pallets,0.0,0.0
935,receiving_buffer_pallets,0.0,0.0
936,receiving_buffer_pallets,0.0,0.0
937,receiving_buffer_pallets,0.0,0.0
938,receiving_buffer_pallets,0.0,0.0
939,receiving_buffer_pallets,0.0,0.0
940,receiving_buffer_pallets,0.0,0.0
941,receiving_buffer_pallets,0.0,0.0
942,receiving_buffer_pallets,0.0,0.0
943,receiving_buffer_pallets,0.0,0.0
944,receiving_buffer_pallets,0.0,0.0
945,receiving_buffer_pallets,0.0,0.0
946,receiving_buffer_pallets,0.0,0.0
947,receiving_buffer_pallets,0.0,0.0
948,receiving_buffer_pallets,0.0,0.0
949,receiving_buffer_pallets,0.0,0.0
950,receiving_buffer_pallets,0.0,0.0
951,receiving_buffer_pallets,0.0,0.0
952,receiving_buffer_pallets,0.0,0.0
953,receiving_buffer_pallets,0.0,0.0
954,receiving_buffer_pallets,0.0,0.0
955,receiving_buffer_pallets,0.0,0.0
956,receiving_buffer_pallets,0.0,0.0
957,receiving_buffer_pallets,0.0,0.0
958,receiving_buffer_pallets,0.0,0.0
959,receiving_buffer_pallets,0.0,0.0
960,receiving_buffer_pallets,0.0,0.0
961,receiving_buffer_pallets,0.0,0.0
962,receiving_buffer_pallets,0.0,0.0
963,receiving_buffer_pallets,0.0,0.0
964,receiving_buffer_pallets,0.0,0.0
965,receiving_buffer_pallets,0.0,0.0
966,receiving_buffer_pallets,0.0,0.0
967,receiving_buffer_pallets,0.0,0.0
968,receiving_buffer_pallets,0.0,0.0
969,receiving_buffer_pallets,0.0,0.0
970,receiving_buffer_pallets,0.0,0.0
971,receiving_buffer_pallets,0.0,0.0
972,receiving_buffer_pallets,0.0,0.0
973,receiving_buffer_pallets,0.0,0.0
974,receiving_buffer_pallets,0.0,0.0
975,receiving_buffer_pallets,0.0,0.0
976,receiving_buffer_pallets,0.0,0.0
977,receiving_buffer_pallets,0.0,0.0
978,receiving_buffer_pallets,0.0,0.0
979,receiving_buffer_pallets,0.0,0.0
980,receiving_buffer_pallets,0.0,0.0
981,receiving_buffer_pallets,0.0,0.0
982,receiving_buffer_pallets,0.0,0.0
983,receiving_buffer_pallets,0.0,0.0
984,receiving_buffer_pallets,0.0,0.0
985,receiving_buffer_pallets,0.0,0.0
986,receiving_buffer_pallets,0.0,0.0
987,receiving_buffer_pallets,0.0,0.0
988,receiving_buffer_pallets,0.0,0.0
989,receiving_buffer_pallets,0.0,0.0
990,receiving_buffer_pallets,0.0,0.0
991,receiving_buffer_pallets,0.0,0.0
992,receiving_buffer_pallets,0.0,0.0
993,receiving_buffer_pallets,0.0,0.0
994,receiving_buffer_pallets,0.0,0.0
995,receiving_buffer_pallets,0.0,0.0
996,receiving_buffer_pallets,0.0,0.0
997,receiving_buffer_pallets,0.0,0.0
998,receiving_buffer_pallets,0.0,0.0
999,receiving_buffer_pallets,0.0,0.0
1000,receiving_buffer_pallets,0.0,0.0
1001,receiving_buffer_pallets,0.0,0.0
1002,receiving_buffer_pallets,0.0,0.0
1003,receiving_buffer_pallets,0.0,0.0
1004,receiving_buffer_pallets,0.0,0.0
1005,receiving_buffer_pallets,0.0,0.0
1006,receiving_buffer_pallets,0.0,0.0
1007,receiving_buffer_pallets,0.0,0.0
1008,receiving_buffer_pallets,0.0,0.0
1009,receiving_buffer_pallets,0.0,0.0
1010,receiving_buffer_pallets,0.0,0.0
1011,receiving_buffer_pallets,0.0,0.0
1012,receiving_buffer_pallets,0.0,0.0
1013,receiving_buffer_pallets,0.0,0.0
1014,receiving_buffer_pallets,0.0,0.0
1015,receiving_buffer_pallets,0.0,0.0
1016,receiving_buffer_pallets,0.0,0.0
1017,receiving_buffer_pallets,0.0,0.0
1018,receiving_buffer_pallets,0.0,0.0
1019,receiving_buffer_pallets,0.0,0.0
1020,receiving_buffer_pallets,0.0,0.0
1021,receiving_buffer_pallets,0.0,0.0
1022,receiving_buffer_pallets,0.0,0.0
1023,receiving_buffer_pallets,0.0,0.0
1024,receiving_buffer_pallets,0.0,0.0
1025,receiving_buffer_pallets,0.0,0.0
1026,receiving_buffer_pallets,0.0,0.0
1027,receiving_buffer_pallets,0.0,0.0
1028,receiving_buffer_pallets,0.0,0.0
1029,receiving_buffer_pallets,0.0,0.0
1030,receiving_buffer_pallets,0.0,0.0
1031,receiving_buffer_pallets,0.0,0.0
1032,receiving_buffer_pallets,0.0,0.0
1033,receiving_buffer_pallets,0.0,0.0
1034,receiving_buffer_pallets,0.0,0.0
1035,receiving_buffer_pallets,0.0,0.0
1036,receiving_buffer_pallets,0.0,0.0
1037,receiving_buffer_pallets,0.0,0.0
1038,receiving_buffer_pallets,0.0,0.0
1039,receiving_buffer_pallets,0.0,0.0
1040,receiving_buffer_pallets,0.0,0.0
1041,receiving_buffer_pallets,0.0,0.0
1042,receiving_buffer_pallets,0.0,0.0
1043,receiving_buffer_pallets,0.0,0.0
1044,receiving_buffer_pallets,0.0,0.0
1045,receiving_buffer_pallets,0.0,0.0
1046,receiving_buffer_pallets,0.0,0.0
1047,receiving_buffer_pallets,0.0,0.0
1048,receiving_buffer_pallets,0.0,0.0
1049,receiving_buffer_pallets,0.0,0.0
1050,receiving_buffer_pallets,0.0,0.0
1051,receiving_buffer_pallets,0.0,0.0
1052,receiving_buffer_pallets,0.0,0.0
1053,receiving_buffer_pallets,0.0,0.0
1054,receiving_buffer_pallets,0.0,0.0
1055,receiving_buffer_pallets,0.0,0.0
1056,receiving_buffer_pallets,0.0,0.0
1057,receiving_buffer_pallets,0.0,0.0
1058,receiving_buffer_pallets,0.0,0.0
1059,receiving_buffer_pallets,0.0,0.0
1060,receiving_buffer_pallets,0.0,0.0
1061,receiving_buffer_pallets,0.0,0.0
1062,receiving_buffer_pallets,0.0,0.0
1063,receiving_buffer_pallets,0.0,0.0
1064,receiving_buffer_pallets,0.0,0.0
1065,receiving_buffer_pallets,0.0,0.0
1066,receiving_buffer_pallets,0.0,0.0
1067,receiving_buffer_pallets,0.0,0.0
1068,receiving_buffer_pallets,0.0,0.0
1069,receiving_buffer_pallets,0.0,0.0
1070,receiving_buffer_pallets,0.0,0.0
1071,receiving_buffer_pallets,0.0,0.0
1072,receiving_buffer_pallets,0.0,0.0
1073,receiving_buffer_pallets,0.0,0.0
1074,receiving_buffer_pallets,0.0,0.0
1075,receiving_buffer_pallets,0.0,0.0
1076,receiving_buffer_pallets,0.0,0.0
1077,receiving_buffer_pallets,0.0,0.0
1078,receiving_buffer_pallets,0.0,0.0
1079,receiving_buffer_pallets,0.0,0.0
1080,receiving_buffer_pallets,0.0,0.0
1081,receiving_buffer_pallets,0.0,0.0
1082,receiving_buffer_pallets,0.0,0.0
1083,receiving_buffer_pallets,0.0,0.0
1084,receiving_buffer_pallets,0.0,0.0
1085,receiving_buffer_pallets,0.0,0.0
1086,receiving_buffer_pallets,0.0,0.0
1087,receiving_buffer_pallets,0.0,0.0
1088,receiving_buffer_pallets,0.0,0.0
1089,receiving_buffer_pallets,0.0,0.0
1090,receiving_buffer_pallets,0.0,0.0
1091,receiving_buffer_pallets,0.0,0.0
1092,receiving_buffer_pallets,0.0,0.0
1093,receiving_buffer_pallets,0.0,0.0
1094,receiving_buffer_pallets,0.0,0.0
1095,receiving_buffer_pallets,0.0,0.0
1096,receiving_buffer_pallets,0.0,0.0
1097,receiving_buffer_pallets,0.0,0.0
1098,receiving_buffer_pallets,0.0,0.0
1099,receiving_buffer_pallets,0.0,0.0
1100,receiving_buffer_pallets,0.0,0.0
1101,receiving_buffer_pallets,0.0,0.0
1102,receiving_buffer_pallets,0.0,0.0
1103,receiving_buffer_pallets,0.0,0.0
1104,receiving_buffer_pallets,0.0,0.0
1105,receiving_buffer_pallets,0.0,0.0
1106,receiving_buffer_pallets,0.0,0.0
1107,receiving_buffer_pallets,0.0,0.0
1108,receiving_buffer_pallets,0.0,0.0
1109,receiving_buffer_pallets,0.0,0.0
1110,receiving_buffer_pallets,0.0,0.0
1111,receiving_buffer_pallets,0.0,0.0
1112,receiving_buffer_pallets,0.0,0.0
1113,receiving_buffer_pallets,0.0,0.0
1114,receiving_buffer_pallets,0.0,0.0
1115,receiving_buffer_pallets,0.0,0.0
1116,receiving_buffer_pallets,0.0,0.0
1117,receiving_buffer_pallets,0.0,0.0
1118,receiving_buffer_pallets,0.0,0.0
1119,receiving_buffer_pallets,0.0,0.0
1120,receiving_buffer_pallets,0.0,0.0
1121,receiving_buffer_pallets,0.0,0.0
1122,receiving_buffer_pallets,0.0,0.0
1123,receiving_buffer_pallets,0.0,0.0
1124,receiving_buffer_pallets,0.0,0.0
1125,receiving_buffer_pallets,0.0,0.0
1126,receiving_buffer_pallets,0.0,0.0
1127,receiving_buffer_pallets,0.0,0.0
1128,receiving_buffer_pallets,0.0,0.0
1129,receiving_buffer_pallets,0.0,0.0
1130,receiving_buffer_pallets,0.0,0.0
1131,receiving_buffer_pallets,0.0,0.0
1132,receiving_buffer_pallets,0.0,0.0
1133,receiving_buffer_pallets,0.0,0.0
1134,receiving_buffer_pallets,0.0,0.0
1135,receiving_buffer_pallets,0.0,0.0
1136,receiving_buffer_pallets,0.0,0.0
1137,receiving_buffer_pallets,0.0,0.0
1138,receiving_buffer_pallets,0.0,0.0
1139,receiving_buffer_pallets,0.0,0.0
1140,receiving_buffer_pallets,0.0,0.0
1141,receiving_buffer_pallets,0.0,0.0
1142,receiving_buffer_pallets,0.0,0.0
1143,receiving_buffer_pallets,0.0,0.0
1144,receiving_buffer_pallets,0.0,0.0
1145,receiving_buffer_pallets,0.0,0.0
1146,receiving_buffer_pallets,0.0,0.0
1147,receiving_buffer_pallets,0.0,0.0
1148,receiving_buffer_pallets,0.0,0.0
1149,receiving_buffer_pallets,0.0,0.0
1150,receiving_buffer_pallets,0.0,0.0
1151,receiving_buffer_pallets,0.0,0.0
1152,receiving_buffer_pallets,0.0,0.0
1153,receiving_buffer_pallets,0.0,0.0
1154,receiving_buffer_pallets,0.0,0.0
1155,receiving_buffer_pallets,0.0,0.0
1156,receiving_buffer_pallets,0.0,0.0
1157,receiving_buffer_pallets,0.0,0.0
1158,receiving_buffer_pallets,0.0,0.0
1159,receiving_buffer_pallets,0.0,0.0
1160,receiving_buffer_pallets,0.0,0.0
1161,receiving_buffer_pallets,0.0,0.0
1162,receiving_buffer_pallets,0.0,0.0
1163,receiving_buffer_pallets,0.0,0.0
1164,receiving_buffer_pallets,0.0,0.0
1165,receiving_buffer_pallets,0.0,0.0
1166,receiving_buffer_pallets,0.0,0.0
1167,receiving_buffer_pallets,0.0,0.0
1168,receiving_buffer_pallets,0.0,0.0
1169,receiving_buffer_pallets,0.0,0.0
1170,receiving_buffer_pallets,0.0,0.0
1171,receiving_buffer_pallets,0.0,0.0
1172,receiving_buffer_pallets,0.0,0.0
1173,receiving_buffer_pallets,0.0,0.0
1174,receiving_buffer_pallets,0.0,0.0
1175,receiving_buffer_pallets,0.0,0.0
1176,receiving_buffer_pallets,0.0,0.0
1177,receiving_buffer_pallets,0.0,0.0
1178,receiving_buffer_pallets,0.0,0.0
1179,receiving_buffer_pallets,0.0,0.0
1180,receiving_buffer_pallets,0.0,0.0
1181,receiving_buffer_pallets,0.0,0.0
1182,receiving_buffer_pallets,0.0,0.0
1183,receiving_buffer_pallets,0.0,0.0
1184,receiving_buffer_pallets,0.0,0.0
1185,receiving_buffer_pallets,0.0,0.0
1186,receiving_buffer_pallets,0.0,0.0
1187,receiving_buffer_pallets,0.0,0.0
1188,receiving_buffer_pallets,0.0,0.0
1189,receiving_buffer_pallets,0.0,0.0
1190,receiving_buffer_pallets,0.0,0.0
1191,receiving_buffer_pallets,0.0,0.0
1192,receiving_buffer_pallets,0.0,0.0
1193,receiving_buffer_pallets,0.0,0.0
1194,receiving_buffer_pallets,0.0,0.0
1195,receiving_buffer_pallets,0.0,0.0
1196,receiving_buffer_pallets,0.0,0.0
1197,receiving_buffer_pallets,0.0,0.0
1198,receiving_buffer_pallets,0.0,0.0
1199,receiving_buffer_pallets,0.0,0.0
1200,receiving_buffer_pallets,0.0,0.0
1201,receiving_buffer_pallets,0.0,0.0
1202,receiving_buffer_pallets,0.0,0.0
1203,receiving_buffer_pallets,0.0,0.0
1204,receiving_buffer_pallets,0.0,0.0
1205,receiving_buffer_pallets,0.0,0.0
1206,receiving_buffer_pallets,0.0,0.0
1207,receiving_buffer_pallets,0.0,0.0
1208,receiving_buffer_pallets,0.0,0.0
1209,receiving_buffer_pallets,0.0,0.0
1210,receiving_buffer_pallets,0.0,0.0
1211,receiving_buffer_pallets,0.0,0.0
1212,receiving_buffer_pallets,0.0,0.0
1213,receiving_buffer_pallets,0.0,0.0
1214,receiving_buffer_pallets,0.0,0.0
1215,receiving_buffer_pallets,0.0,0.0
1216,receiving_buffer_pallets,0.0,0.0
1217,receiving_buffer_pallets,0.0,0.0
1218,receiving_buffer_pallets,0.0,0.0
1219,receiving_buffer_pallets,0.0,0.0
1220,receiving_buffer_pallets,0.0,0.0
1221,receiving_buffer_pallets,0.0,0.0
1222,receiving_buffer_pallets,0.0,0.0
1223,receiving_buffer_pallets,0.0,0.0
1224,receiving_buffer_pallets,0.0,0.0
1225,receiving_buffer_pallets,0.0,0.0
1226,receiving_buffer_pallets,0.0,0.0
1227,receiving_buffer_pallets,0.0,0.0
1228,receiving_buffer_pallets,0.0,0.0
1229,receiving_buffer_pallets,0.0,0.0
1230,receiving_buffer_pallets,0.0,0.0
1231,receiving_buffer_pallets,0.0,0.0
1232,receiving_buffer_pallets,0.0,0.0
1233,receiving_buffer_pallets,0.0,0.0
1234,receiving_buffer_pallets,0.0,0.0
1235,receiving_buffer_pallets,0.0,0.0
1236,receiving_buffer_pallets,0.0,0.0
1237,receiving_buffer_pallets,0.0,0.0
1238,receiving_buffer_pallets,0.0,0.0
1239,receiving_buffer_pallets,0.0,0.0
1240,receiving_buffer_pallets,0.0,0.0
1241,receiving_buffer_pallets,0.0,0.0
1242,receiving_buffer_pallets,0.0,0.0
1243,receiving_buffer_pallets,0.0,0.0
1244,receiving_buffer_pallets,0.0,0.0
1245,receiving_buffer_pallets,0.0,0.0
1246,receiving_buffer_pallets,0.0,0.0
1247,receiving_buffer_pallets,0.0,0.0
1248,receiving_buffer_pallets,0.0,0.0
1249,receiving_buffer_pallets,0.0,0.0
1250,receiving_buffer_pallets,0.0,0.0
1251,receiving_buffer_pallets,0.0,0.0
1252,receiving_buffer_pallets,0.0,0.0
1253,receiving_buffer_pallets,0.0,0.0
1254,receiving_buffer_pallets,0.0,0.0
1255,receiving_buffer_pallets,0.0,0.0
1256,receiving_buffer_pallets,0.0,0.0
1257,receiving_buffer_pallets,0.0,0.0
1258,receiving_buffer_pallets,0.0,0.0
1259,receiving_buffer_pallets,0.0,0.0
1260,receiving_buffer_pallets,0.0,0.0
1261,receiving_buffer_pallets,0.0,0.0
1262,receiving_buffer_pallets,0.0,0.0
1263,receiving_buffer_pallets,0.0,0.0
1264,receiving_buffer_pallets,0.0,0.0
1265,receiving_buffer_pallets,0.0,0.0
1266,receiving_buffer_pallets,0.0,0.0
1267,receiving_buffer_pallets,0.0,0.0
1268,receiving_buffer_pallets,0.0,0.0
1269,receiving_buffer_pallets,0.0,0.0
1270,receiving_buffer_pallets,0.0,0.0
1271,receiving_buffer_pallets,0.0,0.0
1272,receiving_buffer_pallets,0.0,0.0
1273,receiving_buffer_pallets,0.0,0.0
1274,receiving_buffer_pallets,0.0,0.0
1275,receiving_buffer_pallets,0.0,0.0
1276,receiving_buffer_pallets,0.0,0.0
1277,receiving_buffer_pallets,0.0,0.0
1278,receiving_buffer_pallets,0.0,0.0
1279,receiving_buffer_pallets,0.0,0.0
1280,receiving_buffer_pallets,0.0,0.0
1281,receiving_buffer_pallets,0.0,0.0
1282,receiving_buffer_pallets,0.0,0.0
1283,receiving_buffer_pallets,0.0,0.0
1284,receiving_buffer_pallets,0.0,0.0
1285,receiving_buffer_pallets,0.0,0.0
1286,receiving_buffer_pallets,0.0,0.0
1287,receiving_buffer_pallets,0.0,0.0
1288,receiving_buffer_pallets,0.0,0.0
1289,receiving_buffer_pallets,0.0,0.0
1290,receiving_buffer_pallets,0.0,0.0
1291,receiving_buffer_pallets,0.0,0.0
1292,receiving_buffer_pallets,0.0,0.0
1293,receiving_buffer_pallets,0.0,0.0
1294,receiving_buffer_pallets,0.0,0.0
1295,receiving_buffer_pallets,0.0,0.0
1296,receiving_buffer_pallets,0.0,0.0
1297,receiving_buffer_pallets,0.0,0.0
1298,receiving_buffer_pallets,0.0,0.0
1299,receiving_buffer_pallets,0.0,0.0
1300,receiving_buffer_pallets,0.0,0.0
1301,receiving_buffer_pallets,0.0,0.0
1302,receiving_buffer_pallets,0.0,0.0
1303,receiving_buffer_pallets,0.0,0.0
1304,receiving_buffer_pallets,0.0,0.0
1305,receiving_buffer_pallets,0.0,0.0
1306,receiving_buffer_pallets,0.0,0.0
1307,receiving_buffer_pallets,0.0,0.0
1308,receiving_buffer_pallets,0.0,0.0
1309,receiving_buffer_pallets,0.0,0.0
1310,receiving_buffer_pallets,0.0,0.0
1311,receiving_buffer_pallets,0.0,0.0
1312,receiving_buffer_pallets,0.0,0.0
1313,receiving_buffer_pallets,0.0,0.0
1314,receiving_buffer_pallets,0.0,0.0
1315,receiving_buffer_pallets,0.0,0.0
1316,receiving_buffer_pallets,0.0,0.0
1317,receiving_buffer_pallets,0.0,0.0
1318,receiving_buffer_pallets,0.0,0.0
1319,receiving_buffer_pallets,0.0,0.0
1320,receiving_buffer_pallets,0.0,0.0
1321,receiving_buffer_pallets,0.0,0.0
1322,receiving_buffer_pallets,0.0,0.0
1323,receiving_buffer_pallets,0.0,0.0
1324,receiving_buffer_pallets,0.0,0.0
1325,receiving_buffer_pallets,0.0,0.0
1326,receiving_buffer_pallets,0.0,0.0
1327,receiving_buffer_pallets,0.0,0.0
1328,receiving_buffer_pallets,0.0,0.0
1329,receiving_buffer_pallets,0.0,0.0
1330,receiving_buffer_pallets,0.0,0.0
1331,receiving_buffer_pallets,0.0,0.0
1332,receiving_buffer_pallets,0.0,0.0
1333,receiving_buffer_pallets,0.0,0.0
1334,receiving_buffer_pallets,0.0,0.0
1335,receiving_buffer_pallets,0.0,0.0
1336,receiving_buffer_pallets,0.0,0.0
1337,receiving_buffer_pallets,0.0,0.0
1338,receiving_buffer_pallets,0.0,0.0
1339,receiving_buffer_pallets,0.0,0.0
1340,receiving_buffer_pallets,0.0,0.0
1341,receiving_buffer_pallets,0.0,0.0
1342,receiving_buffer_pallets,0.0,0.0
1343,receiving_buffer_pallets,0.0,0.0
1344,receiving_buffer_pallets,0.0,0.0
1345,receiving_buffer_pallets,0.0,0.0
1346,receiving_buffer_pallets,0.0,0.0
1347,receiving_buffer_pallets,0.0,0.0
1348,receiving_buffer_pallets,0.0,0.0
1349,receiving_buffer_pallets,0.0,0.0
1350,receiving_buffer_pallets,0.0,0.0
1351,receiving_buffer_pallets,0.0,0.0
1352,receiving_buffer_pallets,0.0,0.0
1353,receiving_buffer_pallets,0.0,0.0
1354,receiving_buffer_pallets,0.0,0.0
1355,receiving_buffer_pallets,0.0,0.0
1356,receiving_buffer_pallets,0.0,0.0
1357,receiving_buffer_pallets,0.0,0.0
1358,receiving_buffer_pallets,0.0,0.0
1359,receiving_buffer_pallets,0.0,0.0
1360,receiving_buffer_pallets,0.0,0.0
1361,receiving_buffer_pallets,0.0,0.0
1362,receiving_buffer_pallets,0.0,0.0
1363,receiving_buffer_pallets,0.0,0.0
1364,receiving_buffer_pallets,0.0,0.0
1365,receiving_buffer_pallets,0.0,0.0
1366,receiving_buffer_pallets,0.0,0.0
1367,receiving_buffer_pallets,0.0,0.0
1368,receiving_buffer_pallets,0.0,0.0
1369,receiving_buffer_pallets,0.0,0.0
1370,receiving_buffer_pallets,0.0,0.0
1371,receiving_buffer_pallets,0.0,0.0
1372,receiving_buffer_pallets,0.0,0.0
1373,receiving_buffer_pallets,0.0,0.0
1374,receiving_buffer_pallets,0.0,0.0
1375,receiving_buffer_pallets,0.0,0.0
1376,receiving_buffer_pallets,0.0,0.0
1377,receiving_buffer_pallets,0.0,0.0
1378,receiving_buffer_pallets,0.0,0.0
1379,receiving_buffer_pallets,0.0,0.0
1380,receiving_buffer_pallets,0.0,0.0
1381,receiving_buffer_pallets,0.0,0.0
1382,receiving_buffer_pallets,0.0,0.0
1383,receiving_buffer_pallets,0.0,0.0
1384,receiving_buffer_pallets,0.0,0.0
1385,receiving_buffer_pallets,0.0,0.0
1386,receiving_buffer_pallets,0.0,0.0
1387,receiving_buffer_pallets,0.0,0.0
1388,receiving_buffer_pallets,0.0,0.0
1389,receiving_buffer_pallets,0.0,0.0
1390,receiving_buffer_pallets,0.0,0.0
1391,receiving_buffer_pallets,0.0,0.0
1392,receiving_buffer_pallets,0.0,0.0
1393,receiving_buffer_pallets,0.0,0.0
1394,receiving_buffer_pallets,0.0,0.0
1395,receiving_buffer_pallets,0.0,0.0
1396,receiving_buffer_pallets,0.0,0.0
1397,receiving_buffer_pallets,0.0,0.0
1398,receiving_buffer_pallets,0.0,0.0
1399,receiving_buffer_pallets,0.0,0.0
1400,receiving_buffer_pallets,0.0,0.0
1401,receiving_buffer_pallets,0.0,0.0
1402,receiving_buffer_pallets,0.0,0.0
1403,receiving_buffer_pallets,0.0,0.0
1404,receiving_buffer_pallets,0.0,0.0
1405,receiving_buffer_pallets,0.0,0.0
1406,receiving_buffer_pallets,0.0,0.0
1407,receiving_buffer_pallets,0.0,0.0
1408,receiving_buffer_pallets,0.0,0.0
1409,receiving_buffer_pallets,0.0,0.0
1410,receiving_buffer_pallets,0.0,0.0
1411,receiving_buffer_pallets,0.0,0.0
1412,receiving_buffer_pallets,0.0,0.0
1413,receiving_buffer_pallets,0.0,0.0
1414,receiving_buffer_pallets,0.0,0.0
1415,receiving_buffer_pallets,0.0,0.0
1416,receiving_buffer_pallets,0.0,0.0
1417,receiving_buffer_pallets,0.0,0.0
1418,receiving_buffer_pallets,0.0,0.0
1419,receiving_buffer_pallets,0.0,0.0
1420,receiving_buffer_pallets,0.0,0.0
1421,receiving_buffer_pallets,0.0,0.0
1422,receiving_buffer_pallets,0.0,0.0
1423,receiving_buffer_pallets,0.0,0.0
1424,receiving_buffer_pallets,0.0,0.0
1425,receiving_buffer_pallets,0.0,0.0
1426,receiving_buffer_pallets,0.0,0.0
1427,receiving_buffer_pallets,0.0,0.0
1428,receiving_buffer_pallets,0.0,0.0
1429,receiving_buffer_pallets,0.0,0.0
1430,receiving_buffer_pallets,0.0,0.0
1431,receiving_buffer_pallets,0.0,0.0
1432,receiving_buffer_pallets,0.0,0.0
1433,receiving_buffer_pallets,0.0,0.0
1434,receiving_buffer_pallets,0.0,0.0
1435,receiving_buffer_pallets,0.0,0.0
1436,receiving_buffer_pallets,0.0,0.0
1437,receiving_buffer_pallets,0.0,0.0
1438,receiving_buffer_pallets,0.0,0.0
1439,receiving_buffer_pallets,0.0,0.0
0,sealing_queue_boxes,0.0,0.0
1,sealing_queue_boxes,0.0,0.0
2,sealing_queue_boxes,0.0,0.0
3,sealing_queue_boxes,0.0,0.0
4,sealing_queue_boxes,0.0,0.0
5,sealing_queue_boxes,0.0,0.0
6,sealing_queue_boxes,0.0,0.0
7,sealing_queue_boxes,0.0,0.0
8,sealing_queue_boxes,0.0,0.0
9,sealing_queue_boxes,0.0,0.0
10,sealing_queue_boxes,0.0,0.0
11,sealing_queue_boxes,0.0,0.0
12,sealing_queue_boxes,0.0,0.0
13,sealing_queue_boxes,0.0,0.0
14,sealing_queue_boxes,0.0,0.0
15,sealing_queue_boxes,0.5,1.0
16,sealing_queue_boxes,0.0,0.0
17,sealing_queue_boxes,0.0,0.0
18,sealing_queue_boxes,1.5,3.0
19,sealing_queue_boxes,0.0,0.0
20,sealing_queue_boxes,1.0,2.0
21,sealing_queue_boxes,0.0,0.0
22,sealing_queue_boxes,0.0,0.0
23,sealing_queue_boxes,0.0,0.0
24,sealing_queue_boxes,0.0,0.0
25,sealing_queue_boxes,0.0,0.0
26,sealing_queue_boxes,1.0,2.0
27,sealing_queue_boxes,0.0,0.0
28,sealing_queue_boxes,0.0,0.0
29,sealing_queue_boxes,0.0,0.0
30,sealing_queue_boxes,0.0,0.0
31,sealing_queue_boxes,0.0,0.0
32,sealing_queue_boxes,0.0,0.0
33,sealing_queue_boxes,0.5,1.0
34,sealing_queue_boxes,0.0,0.0
35,sealing_queue_boxes,0.5,1.0
36,sealing_queue_boxes,0.0,0.0
37,sealing_queue_boxes,0.0,0.0
38,sealing_queue_boxes,2.0,4.0
39,sealing_queue_boxes,0.0,0.0
40,sealing_queue_boxes,1.0,2.0
41,sealing_queue_boxes,0.0,0.0
42,sealing_queue_boxes,0.0,0.0
43,sealing_queue_boxes,0.0,0.0
44,sealing_queue_boxes,0.5,1.0
45,sealing_queue_boxes,0.0,0.0
46,sealing_queue_boxes,1.5,3.0
47,sealing_queue_boxes,0.0,0.0
48,sealing_queue_boxes,1.0,2.0
49,sealing_queue_boxes,0.0,0.0
50,sealing_queue_boxes,17.0,24.0
51,sealing_queue_boxes,16.5,22.0
52,sealing_queue_boxes,5.0,10.0
53,sealing_queue_boxes,4.0,8.0
54,sealing_queue_boxes,2.5,5.0
55,sealing_queue_boxes,0.0,0.0
56,sealing_queue_boxes,0.5,1.0
57,sealing_queue_boxes,0.5,1.0
58,sealing_queue_boxes,0.0,0.0
59,sealing_queue_boxes,0.0,0.0
60,sealing_queue_boxes,0.0,0.0
61,sealing_queue_boxes,0.0,0.0
62,sealing_queue_boxes,0.0,0.0
63,sealing_queue_boxes,0.0,0.0
64,sealing_queue_boxes,0.5,1.0
65,sealing_queue_boxes,0.0,0.0
66,sealing_queue_boxes,0.0,0.0
67,sealing_queue_boxes,0.0,0.0
68,sealing_queue_boxes,0.0,0.0
69,sealing_queue_boxes,2.5,3.0
70,sealing_queue_boxes,0.0,0.0
71,sealing_queue_boxes,0.0,0.0
72,sealing_queue_boxes,0.0,0.0
73,sealing_queue_boxes,0.0,0.0
74,sealing_queue_boxes,1.5,3.0
75,sealing_queue_boxes,0.0,0.0
76,sealing_queue_boxes,0.5,1.0
77,sealing_queue_boxes,0.0,0.0
78,sealing_queue_boxes,1.0,2.0
79,sealing_queue_boxes,0.0,0.0
80,sealing_queue_boxes,0.0,0.0
81,sealing_queue_boxes,2.0,3.0
82,sealing_queue_boxes,0.0,0.0
83,sealing_queue_boxes,0.0,0.0
84,sealing_queue_boxes,1.5,3.0
85,sealing_queue_boxes,1.0,2.0
86,sealing_queue_boxes,0.5,1.0
87,sealing_queue_boxes,0.0,0.0
88,sealing_queue_boxes,0.5,1.0
89,sealing_queue_boxes,1.0,2.0
90,sealing_queue_boxes,0.5,1.0
91,sealing_queue_boxes,0.5,1.0
92,sealing_queue_boxes,0.5,1.0
93,sealing_queue_boxes,0.5,1.0
94,sealing_queue_boxes,0.0,0.0
95,sealing_queue_boxes,0.5,1.0
96,sealing_queue_boxes,4.5,9.0
97,sealing_queue_boxes,4.0,8.0
98,sealing_queue_boxes,9.5,14.0
99,sealing_queue_boxes,3.0,6.0
100,sealing_queue_boxes,4.5,9.0
101,sealing_queue_boxes,2.0,4.0
102,sealing_queue_boxes,1.0,2.0
103,sealing_queue_boxes,0.5,1.0
104,sealing_queue_boxes,0.5,1.0
105,sealing_queue_boxes,0.5,1.0
106,sealing_queue_boxes,0.0,0.0
107,sealing_queue_boxes,0.0,0.0
108,sealing_queue_boxes,0.0,0.0
109,sealing_queue_boxes,0.0,0.0
110,sealing_queue_boxes,0.0,0.0
111,sealing_queue_boxes,0.0,0.0
112,sealing_queue_boxes,0.5,1.0
113,sealing_queue_boxes,0.0,0.0
114,sealing_queue_boxes,0.0,0.0
115,sealing_queue_boxes,0.0,0.0
116,sealing_queue_boxes,1.0,2.0
117,sealing_queue_boxes,0.5,1.0
118,sealing_queue_boxes,0.5,1.0
119,sealing_queue_boxes,0.0,0.0
120,sealing_queue_boxes,0.0,0.0
121,sealing_queue_boxes,0.5,1.0
122,sealing_queue_boxes,0.5,1.0
123,sealing_queue_boxes,0.5,1.0
124,sealing_queue_boxes,1.5,3.0
125,sealing_queue_boxes,0.0,0.0
126,sealing_queue_boxes,0.0,0.0
127,sealing_queue_boxes,0.0,0.0
128,sealing_queue_boxes,1.0,2.0
129,sealing_queue_boxes,0.0,0.0
130,sealing_queue_boxes,0.5,1.0
131,sealing_queue_boxes,0.0,0.0
132,sealing_queue_boxes,1.0,2.0
133,sealing_queue_boxes,0.5,1.0
134,sealing_queue_boxes,1.0,2.0
135,sealing_queue_boxes,1.5,3.0
136,sealing_queue_boxes,1.0,2.0
137,sealing_queue_boxes,0.0,0.0
138,sealing_queue_boxes,1.5,3.0
139,sealing_queue_boxes,0.0,0.0
140,sealing_queue_boxes,0.5,1.0
141,sealing_queue_boxes,2.5,5.0
142,sealing_queue_boxes,1.0,2.0
143,sealing_queue_boxes,1.0,2.0
144,sealing_queue_boxes,4.0,8.0
145,sealing_queue_boxes,3.5,7.0
146,sealing_queue_boxes,2.5,5.0
147,sealing_queue_boxes,3.0,6.0
148,sealing_queue_boxes,1.0,2.0
149,sealing_queue_boxes,0.5,1.0
150,sealing_queue_boxes,0.5,1.0
151,sealing_queue_boxes,1.0,2.0
152,sealing_queue_boxes,0.5,1.0
153,sealing_queue_boxes,0.5,1.0
154,sealing_queue_boxes,0.0,0.0
155,sealing_queue_boxes,0.5,1.0
156,sealing_queue_boxes,0.5,1.0
157,sealing_queue_boxes,0.5,1.0
158,sealing_queue_boxes,0.5,1.0
159,sealing_queue_boxes,0.0,0.0
160,sealing_queue_boxes,0.0,0.0
161,sealing_queue_boxes,0.5,1.0
162,sealing_queue_boxes,1.0,2.0
163,sealing_queue_boxes,0.0,0.0
164,sealing_queue_boxes,1.0,2.0
165,sealing_queue_boxes,1.0,2.0
166,sealing_queue_boxes,0.0,0.0
167,sealing_queue_boxes,1.5,3.0
168,sealing_queue_boxes,0.0,0.0
169,sealing_queue_boxes,0.5,1.0
170,sealing_queue_boxes,0.5,1.0
171,sealing_queue_boxes,0.5,1.0
172,sealing_queue_boxes,0.5,1.0
173,sealing_queue_boxes,0.5,1.0
174,sealing_queue_boxes,0.5,1.0
175,sealing_queue_boxes,0.0,0.0
176,sealing_queue_boxes,0.0,0.0
177,sealing_queue_boxes,2.5,5.0
178,sealing_queue_boxes,1.0,2.0
179,sealing_queue_boxes,1.0,2.0
180,sealing_queue_boxes,0.5,1.0
181,sealing_queue_boxes,0.0,0.0
182,sealing_queue_boxes,0.0,0.0
183,sealing_queue_boxes,0.5,1.0
184,sealing_queue_boxes,1.5,3.0
185,sealing_queue_boxes,1.0,2.0
186,sealing_queue_boxes,1.5,3.0
187,sealing_queue_boxes,2.0,4.0
188,sealing_queue_boxes,1.0,2.0
189,sealing_queue_boxes,2.0,4.0
190,sealing_queue_boxes,2.5,5.0
191,sealing_queue_boxes,1.5,3.0
192,sealing_queue_boxes,1.0,2.0
193,sealing_queue_boxes,3.5,7.0
194,sealing_queue_boxes,3.0,3.0
195,sealing_queue_boxes,1.0,2.0
196,sealing_queue_boxes,1.0,2.0
197,sealing_queue_boxes,0.5,1.0
198,sealing_queue_boxes,1.0,2.0
199,sealing_queue_boxes,0.0,0.0
200,sealing_queue_boxes,0.5,1.0
201,sealing_queue_boxes,0.0,0.0
202,sealing_queue_boxes,0.0,0.0
203,sealing_queue_boxes,1.0,2.0
204,sealing_queue_boxes,0.5,1.0
205,sealing_queue_boxes,0.0,0.0
206,sealing_queue_boxes,0.5,1.0
207,sealing_queue_boxes,0.0,0.0
208,sealing_queue_boxes,0.0,0.0
209,sealing_queue_boxes,0.5,1.0
210,sealing_queue_boxes,0.5,1.0
211,sealing_queue_boxes,0.5,1.0
212,sealing_queue_boxes,0.5,1.0
213,sealing_queue_boxes,0.5,1.0
214,sealing_queue_boxes,0.5,1.0
215,sealing_queue_boxes,1.0,2.0
216,sealing_queue_boxes,0.0,0.0
217,sealing_queue_boxes,0.0,0.0
218,sealing_queue_boxes,1.0,2.0
219,sealing_queue_boxes,0.5,1.0
220,sealing_queue_boxes,2.0,4.0
221,sealing_queue_boxes,0.5,1.0
222,sealing_queue_boxes,0.5,1.0
223,sealing_queue_boxes,0.5,1.0
224,sealing_queue_boxes,0.5,1.0
225,sealing_queue_boxes,1.0,2.0
226,sealing_queue_boxes,0.5,1.0
227,sealing_queue_boxes,1.0,2.0
228,sealing_queue_boxes,0.0,0.0
229,sealing_queue_boxes,0.0,0.0
230,sealing_queue_boxes,1.0,2.0
231,sealing_queue_boxes,0.5,1.0
232,sealing_queue_boxes,2.5,3.0
233,sealing_queue_boxes,0.0,0.0
234,sealing_queue_boxes,1.5,3.0
235,sealing_queue_boxes,1.0,2.0
236,sealing_queue_boxes,2.0,4.0
237,sealing_queue_boxes,0.5,1.0
238,sealing_queue_boxes,1.0,2.0
239,sealing_queue_boxes,2.5,5.0
240,sealing_queue_boxes,1.5,3.0
241,sealing_queue_boxes,2.5,5.0
242,sealing_queue_boxes,3.0,4.0
243,sealing_queue_boxes,1.0,2.0
244,sealing_queue_boxes,2.0,4.0
245,sealing_queue_boxes,0.0,0.0
246,sealing_queue_boxes,1.0,2.0
247,sealing_queue_boxes,1.0,2.0
248,sealing_queue_boxes,0.5,1.0
249,sealing_queue_boxes,1.0,2.0
250,sealing_queue_boxes,0.0,0.0
251,sealing_queue_boxes,1.0,2.0
252,sealing_queue_boxes,0.0,0.0
253,sealing_queue_boxes,0.5,1.0
254,sealing_queue_boxes,0.5,1.0
255,sealing_queue_boxes,0.0,0.0
256,sealing_queue_boxes,1.5,3.0
257,sealing_queue_boxes,0.0,0.0
258,sealing_queue_boxes,0.0,0.0
259,sealing_queue_boxes,0.5,1.0
260,sealing_queue_boxes,1.0,2.0
261,sealing_queue_boxes,1.0,2.0
262,sealing_queue_boxes,1.0,2.0
263,sealing_queue_boxes,1.5,3.0
264,sealing_queue_boxes,1.0,2.0
265,sealing_queue_boxes,0.0,0.0
266,sealing_queue_boxes,1.0,2.0
267,sealing_queue_boxes,1.0,2.0
268,sealing_queue_boxes,1.0,2.0
269,sealing_queue_boxes,0.5,1.0
270,sealing_queue_boxes,0.5,1.0
271,sealing_queue_boxes,0.5,1.0
272,sealing_queue_boxes,0.5,1.0
273,sealing_queue_boxes,2.5,5.0
274,sealing_queue_boxes,1.0,2.0
275,sealing_queue_boxes,2.5,5.0
276,sealing_queue_boxes,0.5,1.0
277,sealing_queue_boxes,0.5,1.0
278,sealing_queue_boxes,1.0,2.0
279,sealing_queue_boxes,1.5,2.0
280,sealing_queue_boxes,3.5,5.0
281,sealing_queue_boxes,0.0,0.0
282,sealing_queue_boxes,0.5,1.0
283,sealing_queue_boxes,0.0,0.0
284,sealing_queue_boxes,1.5,3.0
285,sealing_queue_boxes,1.0,2.0
286,sealing_queue_boxes,1.5,3.0
287,sealing_queue_boxes,1.0,2.0
288,sealing_queue_boxes,1.0,2.0
289,sealing_queue_boxes,2.5,5.0
290,sealing_queue_boxes,3.0,6.0
291,sealing_queue_boxes,1.0,2.0
292,sealing_queue_boxes,1.0,2.0
293,sealing_queue_boxes,1.5,3.0
294,sealing_queue_boxes,2.5,5.0
295,sealing_queue_boxes,0.5,1.0
296,sealing_queue_boxes,0.0,0.0
297,sealing_queue_boxes,0.0,0.0
298,sealing_queue_boxes,0.5,1.0
299,sealing_queue_boxes,0.0,0.0
300,sealing_queue_boxes,0.0,0.0
301,sealing_queue_boxes,1.0,1.0
302,sealing_queue_boxes,1.0,2.0
303,sealing_queue_boxes,1.5,3.0
304,sealing_queue_boxes,0.0,0.0
305,sealing_queue_boxes,0.0,0.0
306,sealing_queue_boxes,0.5,1.0
307,sealing_queue_boxes,0.5,1.0
308,sealing_queue_boxes,0.5,1.0
309,sealing_queue_boxes,1.0,2.0
310,sealing_queue_boxes,0.5,1.0
311,sealing_queue_boxes,0.0,0.0
312,sealing_queue_boxes,0.0,0.0
313,sealing_queue_boxes,0.0,0.0
314,sealing_queue_boxes,1.0,2.0
315,sealing_queue_boxes,0.0,0.0
316,sealing_queue_boxes,4.0,4.0
317,sealing_queue_boxes,2.0,4.0
318,sealing_queue_boxes,0.0,0.0
319,sealing_queue_boxes,0.5,1.0
320,sealing_queue_boxes,0.5,1.0
321,sealing_queue_boxes,1.5,3.0
322,sealing_queue_boxes,2.0,4.0
323,sealing_queue_boxes,0.5,1.0
324,sealing_queue_boxes,1.0,2.0
325,sealing_queue_boxes,2.0,4.0
326,sealing_queue_boxes,0.0,0.0
327,sealing_queue_boxes,2.0,4.0
328,sealing_queue_boxes,0.5,1.0
329,sealing_queue_boxes,3.5,4.0
330,sealing_queue_boxes,0.5,1.0
331,sealing_queue_boxes,1.5,3.0
332,sealing_queue_boxes,1.0,2.0
333,sealing_queue_boxes,0.0,0.0
334,sealing_queue_boxes,2.5,5.0
335,sealing_queue_boxes,0.5,1.0
336,sealing_queue_boxes,3.5,7.0
337,sealing_queue_boxes,1.5,3.0
338,sealing_queue_boxes,3.0,4.0
339,sealing_queue_boxes,1.5,3.0
340,sealing_queue_boxes,1.0,2.0
341,sealing_queue_boxes,0.5,1.0
342,sealing_queue_boxes,0.5,1.0
343,sealing_queue_boxes,0.0,0.0
344,sealing_queue_boxes,1.5,2.0
345,sealing_queue_boxes,0.5,1.0
346,sealing_queue_boxes,0.5,1.0
347,sealing_queue_boxes,1.0,2.0
348,sealing_queue_boxes,0.0,0.0
349,sealing_queue_boxes,1.0,2.0
350,sealing_queue_boxes,1.0,2.0
351,sealing_queue_boxes,0.0,0.0
352,sealing_queue_boxes,0.5,1.0
353,sealing_queue_boxes,0.5,1.0
354,sealing_queue_boxes,0.0,0.0
355,sealing_queue_boxes,0.5,1.0
356,sealing_queue_boxes,0.5,1.0
357,sealing_queue_boxes,0.0,0.0
358,sealing_queue_boxes,0.5,1.0
359,sealing_queue_boxes,0.0,0.0
360,sealing_queue_boxes,0.5,1.0
361,sealing_queue_boxes,1.0,2.0
362,sealing_queue_boxes,1.5,3.0
363,sealing_queue_boxes,2.0,4.0
364,sealing_queue_boxes,0.0,0.0
365,sealing_queue_boxes,1.0,2.0
366,sealing_queue_boxes,0.5,1.0
367,sealing_queue_boxes,1.5,3.0
368,sealing_queue_boxes,2.5,5.0
369,sealing_queue_boxes,0.5,1.0
370,sealing_queue_boxes,1.0,2.0
371,sealing_queue_boxes,1.5,3.0
372,sealing_queue_boxes,0.0,0.0
373,sealing_queue_boxes,0.5,1.0
374,sealing_queue_boxes,0.5,1.0
375,sealing_queue_boxes,1.0,2.0
376,sealing_queue_boxes,0.5,1.0
377,sealing_queue_boxes,0.5,1.0
378,sealing_queue_boxes,0.5,1.0
379,sealing_queue_boxes,1.0,2.0
380,sealing_queue_boxes,2.0,4.0
381,sealing_queue_boxes,1.0,2.0
382,sealing_queue_boxes,0.5,1.0
383,sealing_queue_boxes,1.5,3.0
384,sealing_queue_boxes,1.5,2.0
385,sealing_queue_boxes,2.0,4.0
386,sealing_queue_boxes,1.5,3.0
387,sealing_queue_boxes,1.5,3.0
388,sealing_queue_boxes,3.0,3.0
389,sealing_queue_boxes,0.5,1.0
390,sealing_queue_boxes,1.0,2.0
391,sealing_queue_boxes,0.0,0.0
392,sealing_queue_boxes,0.5,1.0
393,sealing_queue_boxes,0.5,1.0
394,sealing_queue_boxes,0.0,0.0
395,sealing_queue_boxes,0.0,0.0
396,sealing_queue_boxes,2.0,4.0
397,sealing_queue_boxes,0.0,0.0
398,sealing_queue_boxes,0.5,1.0
399,sealing_queue_boxes,1.5,3.0
400,sealing_queue_boxes,1.0,2.0
401,sealing_queue_boxes,0.5,1.0
402,sealing_queue_boxes,2.5,5.0
403,sealing_queue_boxes,0.0,0.0
404,sealing_queue_boxes,0.5,1.0
405,sealing_queue_boxes,1.0,2.0
406,sealing_queue_boxes,0.0,0.0
407,sealing_queue_boxes,0.0,0.0
408,sealing_queue_boxes,3.0,4.0
409,sealing_queue_boxes,0.5,1.0
410,sealing_queue_boxes,1.5,3.0
411,sealing_queue_boxes,0.0,0.0
412,sealing_queue_boxes,0.0,0.0
413,sealing_queue_boxes,1.0,2.0
414,sealing_queue_boxes,1.0,2.0
415,sealing_queue_boxes,3.0,6.0
416,sealing_queue_boxes,1.0,2.0
417,sealing_queue_boxes,2.5,5.0
418,sealing_queue_boxes,0.0,0.0
419,sealing_queue_boxes,0.5,1.0
420,sealing_queue_boxes,3.0,4.0
421,sealing_queue_boxes,1.5,3.0
422,sealing_queue_boxes,1.5,3.0
423,sealing_queue_boxes,1.0,2.0
424,sealing_queue_boxes,1.0,2.0
425,sealing_queue_boxes,1.0,2.0
426,sealing_queue_boxes,1.5,3.0
427,sealing_queue_boxes,0.5,1.0
428,sealing_queue_boxes,0.0,0.0
429,sealing_queue_boxes,1.0,2.0
430,sealing_queue_boxes,0.0,0.0
431,sealing_queue_boxes,3.5,7.0
432,sealing_queue_boxes,2.5,5.0
433,sealing_queue_boxes,2.0,4.0
434,sealing_queue_boxes,1.5,2.0
435,sealing_queue_boxes,2.0,4.0
436,sealing_queue_boxes,2.0,3.0
437,sealing_queue_boxes,1.0,2.0
438,sealing_queue_boxes,1.5,3.0
439,sealing_queue_boxes,0.0,0.0
440,sealing_queue_boxes,0.0,0.0
441,sealing_queue_boxes,0.0,0.0
442,sealing_queue_boxes,1.0,2.0
443,sealing_queue_boxes,1.5,3.0
444,sealing_queue_boxes,0.5,1.0
445,sealing_queue_boxes,0.5,1.0
446,sealing_queue_boxes,0.5,1.0
447,sealing_queue_boxes,0.0,0.0
448,sealing_queue_boxes,1.0,2.0
449,sealing_queue_boxes,0.0,0.0
450,sealing_queue_boxes,0.0,0.0
451,sealing_queue_boxes,0.0,0.0
452,sealing_queue_boxes,1.0,2.0
453,sealing_queue_boxes,2.5,3.0
454,sealing_queue_boxes,0.0,0.0
455,sealing_queue_boxes,1.5,3.0
456,sealing_queue_boxes,0.5,1.0
457,sealing_queue_boxes,0.0,0.0
458,sealing_queue_boxes,1.0,2.0
459,sealing_queue_boxes,1.0,2.0
460,sealing_queue_boxes,1.5,3.0
461,sealing_queue_boxes,0.0,0.0
462,sealing_queue_boxes,0.0,0.0
463,sealing_queue_boxes,1.5,3.0
464,sealing_queue_boxes,0.5,1.0
465,sealing_queue_boxes,0.0,0.0
466,sealing_queue_boxes,3.0,6.0
467,sealing_queue_boxes,1.5,3.0
468,sealing_queue_boxes,0.5,1.0
469,sealing_queue_boxes,0.5,1.0
470,sealing_queue_boxes,1.0,2.0
471,sealing_queue_boxes,1.5,3.0
472,sealing_queue_boxes,1.5,3.0
473,sealing_queue_boxes,1.0,2.0
474,sealing_queue_boxes,0.5,1.0
475,sealing_queue_boxes,1.0,2.0
476,sealing_queue_boxes,1.5,3.0
477,sealing_queue_boxes,1.0,2.0
478,sealing_queue_boxes,1.0,2.0
479,sealing_queue_boxes,0.0,0.0
480,sealing_queue_boxes,1.0,2.0
481,sealing_queue_boxes,1.5,3.0
482,sealing_queue_boxes,0.5,1.0
483,sealing_queue_boxes,0.0,0.0
484,sealing_queue_boxes,1.5,3.0
485,sealing_queue_boxes,0.0,0.0
486,sealing_queue_boxes,1.0,2.0
487,sealing_queue_boxes,0.5,1.0
488,sealing_queue_boxes,0.5,1.0
489,sealing_queue_boxes,0.0,0.0
490,sealing_queue_boxes,0.0,0.0
491,sealing_queue_boxes,0.5,1.0
492,sealing_queue_boxes,0.5,1.0
493,sealing_queue_boxes,0.5,1.0
494,sealing_queue_boxes,0.5,1.0
495,sealing_queue_boxes,1.0,2.0
496,sealing_queue_boxes,1.0,2.0
497,sealing_queue_boxes,1.0,2.0
498,sealing_queue_boxes,3.0,6.0
499,sealing_queue_boxes,0.5,1.0
500,sealing_queue_boxes,1.0,2.0
501,sealing_queue_boxes,0.0,0.0
502,sealing_queue_boxes,1.5,3.0
503,sealing_queue_boxes,0.5,1.0
504,sealing_queue_boxes,0.5,1.0
505,sealing_queue_boxes,0.5,1.0
506,sealing_queue_boxes,0.5,1.0
507,sealing_queue_boxes,2.0,4.0
508,sealing_queue_boxes,0.5,1.0
509,sealing_queue_boxes,0.5,1.0
510,sealing_queue_boxes,0.5,1.0
511,sealing_queue_boxes,1.5,3.0
512,sealing_queue_boxes,1.0,2.0
513,sealing_queue_boxes,1.0,2.0
514,sealing_queue_boxes,1.0,2.0
515,sealing_queue_boxes,0.5,1.0
516,sealing_queue_boxes,1.5,3.0
517,sealing_queue_boxes,1.0,1.0
518,sealing_queue_boxes,1.5,3.0
519,sealing_queue_boxes,0.5,1.0
520,sealing_queue_boxes,0.5,1.0
521,sealing_queue_boxes,1.5,3.0
522,sealing_queue_boxes,1.0,2.0
523,sealing_queue_boxes,0.5,1.0
524,sealing_queue_boxes,1.0,1.0
525,sealing_queue_boxes,0.5,1.0
526,sealing_queue_boxes,2.0,4.0
527,sealing_queue_boxes,1.5,3.0
528,sealing_queue_boxes,1.5,3.0
529,sealing_queue_boxes,0.5,1.0
530,sealing_queue_boxes,0.5,1.0
531,sealing_queue_boxes,2.5,5.0
532,sealing_queue_boxes,2.0,2.0
533,sealing_queue_boxes,0.0,0.0
534,sealing_queue_boxes,0.0,0.0
535,sealing_queue_boxes,0.5,1.0
536,sealing_queue_boxes,1.0,2.0
537,sealing_queue_boxes,0.0,0.0
538,sealing_queue_boxes,1.5,2.0
539,sealing_queue_boxes,2.0,4.0
540,sealing_queue_boxes,0.5,1.0
541,sealing_queue_boxes,1.0,2.0
542,sealing_queue_boxes,0.5,1.0
543,sealing_queue_boxes,0.5,1.0
544,sealing_queue_boxes,1.0,2.0
545,sealing_queue_boxes,2.5,5.0
546,sealing_queue_boxes,1.5,3.0
547,sealing_queue_boxes,1.0,2.0
548,sealing_queue_boxes,0.0,0.0
549,sealing_queue_boxes,0.5,1.0
550,sealing_queue_boxes,0.5,1.0
551,sealing_queue_boxes,1.0,2.0
552,sealing_queue_boxes,0.0,0.0
553,sealing_queue_boxes,0.0,0.0
554,sealing_queue_boxes,0.0,0.0
555,sealing_queue_boxes,1.0,2.0
556,sealing_queue_boxes,0.5,1.0
557,sealing_queue_boxes,1.0,2.0
558,sealing_queue_boxes,1.5,3.0
559,sealing_queue_boxes,1.0,2.0
560,sealing_queue_boxes,1.0,2.0
561,sealing_queue_boxes,1.0,2.0
562,sealing_queue_boxes,3.0,4.0
563,sealing_queue_boxes,0.5,1.0
564,sealing_queue_boxes,1.0,2.0
565,sealing_queue_boxes,2.0,4.0
566,sealing_queue_boxes,0.5,1.0
567,sealing_queue_boxes,0.0,0.0
568,sealing_queue_boxes,0.5,1.0
569,sealing_queue_boxes,2.0,2.0
570,sealing_queue_boxes,2.0,2.0
571,sealing_queue_boxes,0.5,1.0
572,sealing_queue_boxes,1.5,3.0
573,sealing_queue_boxes,0.5,1.0
574,sealing_queue_boxes,1.5,2.0
575,sealing_queue_boxes,1.5,3.0
576,sealing_queue_boxes,0.0,0.0
577,sealing_queue_boxes,3.5,5.0
578,sealing_queue_boxes,0.5,1.0
579,sealing_queue_boxes,2.5,4.0
580,sealing_queue_boxes,0.5,1.0
581,sealing_queue_boxes,1.0,2.0
582,sealing_queue_boxes,1.0,2.0
583,sealing_queue_boxes,0.5,1.0
584,sealing_queue_boxes,1.0,2.0
585,sealing_queue_boxes,1.0,2.0
586,sealing_queue_boxes,0.5,1.0
587,sealing_queue_boxes,0.0,0.0
588,sealing_queue_boxes,0.0,0.0
589,sealing_queue_boxes,0.0,0.0
590,sealing_queue_boxes,1.5,3.0
591,sealing_queue_boxes,0.5,1.0
592,sealing_queue_boxes,4.0,5.0
593,sealing_queue_boxes,0.0,0.0
594,sealing_queue_boxes,0.5,1.0
595,sealing_queue_boxes,0.5,1.0
596,sealing_queue_boxes,0.0,0.0
597,sealing_queue_boxes,0.5,1.0
598,sealing_queue_boxes,1.0,2.0
599,sealing_queue_boxes,0.5,1.0
600,sealing_queue_boxes,0.0,0.0
601,sealing_queue_boxes,0.5,1.0
602,sealing_queue_boxes,0.5,1.0
603,sealing_queue_boxes,0.5,1.0
604,sealing_queue_boxes,0.0,0.0
605,sealing_queue_boxes,0.0,0.0
606,sealing_queue_boxes,0.5,1.0
607,sealing_queue_boxes,0.5,1.0
608,sealing_queue_boxes,1.0,2.0
609,sealing_queue_boxes,0.5,1.0
610,sealing_queue_boxes,0.5,1.0
611,sealing_queue_boxes,2.5,4.0
612,sealing_queue_boxes,0.5,1.0
613,sealing_queue_boxes,3.0,4.0
614,sealing_queue_boxes,0.5,1.0
615,sealing_queue_boxes,1.0,2.0
616,sealing_queue_boxes,2.0,4.0
617,sealing_queue_boxes,1.0,2.0
618,sealing_queue_boxes,1.0,2.0
619,sealing_queue_boxes,0.5,1.0
620,sealing_queue_boxes,1.5,3.0
621,sealing_queue_boxes,0.5,1.0
622,sealing_queue_boxes,1.0,2.0
623,sealing_queue_boxes,2.0,4.0
624,sealing_queue_boxes,1.0,2.0
625,sealing_queue_boxes,0.5,1.0
626,sealing_queue_boxes,0.5,1.0
627,sealing_queue_boxes,1.5,2.0
628,sealing_queue_boxes,1.0,2.0
629,sealing_queue_boxes,1.0,2.0
630,sealing_queue_boxes,2.0,4.0
631,sealing_queue_boxes,1.5,3.0
632,sealing_queue_boxes,1.5,3.0
633,sealing_queue_boxes,0.0,0.0
634,sealing_queue_boxes,1.0,2.0
635,sealing_queue_boxes,0.5,1.0
636,sealing_queue_boxes,2.0,2.0
637,sealing_queue_boxes,1.0,2.0
638,sealing_queue_boxes,1.5,3.0
639,sealing_queue_boxes,1.0,1.0
640,sealing_queue_boxes,0.5,1.0
641,sealing_queue_boxes,1.0,2.0
642,sealing_queue_boxes,2.0,3.0
643,sealing_queue_boxes,0.0,0.0
644,sealing_queue_boxes,1.0,1.0
645,sealing_queue_boxes,1.0,2.0
646,sealing_queue_boxes,1.0,2.0
647,sealing_queue_boxes,1.0,2.0
648,sealing_queue_boxes,2.0,4.0
649,sealing_queue_boxes,0.5,1.0
650,sealing_queue_boxes,0.0,0.0
651,sealing_queue_boxes,0.5,1.0
652,sealing_queue_boxes,0.0,0.0
653,sealing_queue_boxes,0.5,1.0
654,sealing_queue_boxes,2.5,3.0
655,sealing_queue_boxes,2.5,5.0
656,sealing_queue_boxes,3.0,6.0
657,sealing_queue_boxes,1.0,2.0
658,sealing_queue_boxes,2.0,3.0
659,sealing_queue_boxes,0.5,1.0
660,sealing_queue_boxes,1.0,2.0
661,sealing_queue_boxes,0.5,1.0
662,sealing_queue_boxes,2.5,5.0
663,sealing_queue_boxes,0.5,1.0
664,sealing_queue_boxes,1.0,2.0
665,sealing_queue_boxes,0.5,1.0
666,sealing_queue_boxes,1.5,3.0
667,sealing_queue_boxes,1.0,2.0
668,sealing_queue_boxes,0.5,1.0
669,sealing_queue_boxes,1.5,3.0
670,sealing_queue_boxes,1.0,2.0
671,sealing_queue_boxes,1.0,2.0
672,sealing_queue_boxes,2.0,4.0
673,sealing_queue_boxes,2.0,4.0
674,sealing_queue_boxes,1.0,2.0
675,sealing_queue_boxes,0.5,1.0
676,sealing_queue_boxes,1.0,2.0
677,sealing_queue_boxes,3.0,6.0
678,sealing_queue_boxes,2.5,5.0
679,sealing_queue_boxes,1.0,2.0
680,sealing_queue_boxes,0.0,0.0
681,sealing_queue_boxes,1.5,3.0
682,sealing_queue_boxes,0.0,0.0
683,sealing_queue_boxes,0.5,1.0
684,sealing_queue_boxes,0.5,1.0
685,sealing_queue_boxes,0.5,1.0
686,sealing_queue_boxes,1.0,1.0
687,sealing_queue_boxes,1.5,3.0
688,sealing_queue_boxes,0.0,0.0
689,sealing_queue_boxes,0.0,0.0
690,sealing_queue_boxes,0.5,1.0
691,sealing_queue_boxes,0.5,1.0
692,sealing_queue_boxes,0.0,0.0
693,sealing_queue_boxes,0.0,0.0
694,sealing_queue_boxes,0.5,1.0
695,sealing_queue_boxes,1.0,2.0
696,sealing_queue_boxes,1.0,2.0
697,sealing_queue_boxes,0.0,0.0
698,sealing_queue_boxes,0.0,0.0
699,sealing_queue_boxes,0.0,0.0
700,sealing_queue_boxes,0.5,1.0
701,sealing_queue_boxes,1.5,3.0
702,sealing_queue_boxes,1.0,2.0
703,sealing_queue_boxes,0.0,0.0
704,sealing_queue_boxes,1.5,3.0
705,sealing_queue_boxes,1.0,2.0
706,sealing_queue_boxes,1.5,3.0
707,sealing_queue_boxes,1.5,3.0
708,sealing_queue_boxes,0.5,1.0
709,sealing_queue_boxes,0.0,0.0
710,sealing_queue_boxes,0.5,1.0
711,sealing_queue_boxes,1.5,3.0
712,sealing_queue_boxes,1.0,2.0
713,sealing_queue_boxes,0.5,1.0
714,sealing_queue_boxes,1.0,2.0
715,sealing_queue_boxes,1.5,3.0
716,sealing_queue_boxes,1.0,2.0
717,sealing_queue_boxes,0.5,1.0
718,sealing_queue_boxes,1.5,3.0
719,sealing_queue_boxes,1.5,3.0
720,sealing_queue_boxes,0.0,0.0
721,sealing_queue_boxes,1.0,2.0
722,sealing_queue_boxes,1.5,3.0
723,sealing_queue_boxes,1.5,3.0
724,sealing_queue_boxes,0.5,1.0
725,sealing_queue_boxes,1.0,2.0
726,sealing_queue_boxes,1.0,2.0
727,sealing_queue_boxes,1.0,2.0
728,sealing_queue_boxes,0.0,0.0
729,sealing_queue_boxes,0.5,1.0
730,sealing_queue_boxes,0.0,0.0
731,sealing_queue_boxes,1.0,1.0
732,sealing_queue_boxes,0.5,1.0
733,sealing_queue_boxes,0.0,0.0
734,sealing_queue_boxes,0.5,1.0
735,sealing_queue_boxes,1.0,2.0
736,sealing_queue_boxes,1.0,2.0
737,sealing_queue_boxes,0.0,0.0
738,sealing_queue_boxes,0.0,0.0
739,sealing_queue_boxes,1.0,2.0
740,sealing_queue_boxes,1.0,2.0
741,sealing_queue_boxes,0.0,0.0
742,sealing_queue_boxes,2.0,3.0
743,sealing_queue_boxes,1.0,1.0
744,sealing_queue_boxes,0.5,1.0
745,sealing_queue_boxes,0.5,1.0
746,sealing_queue_boxes,1.5,3.0
747,sealing_queue_boxes,1.0,2.0
748,sealing_queue_boxes,2.0,4.0
749,sealing_queue_boxes,0.5,1.0
750,sealing_queue_boxes,1.5,3.0
751,sealing_queue_boxes,0.5,1.0
752,sealing_queue_boxes,0.5,1.0
753,sealing_queue_boxes,1.5,3.0
754,sealing_queue_boxes,1.5,3.0
755,sealing_queue_boxes,1.0,2.0
756,sealing_queue_boxes,0.0,0.0
757,sealing_queue_boxes,2.0,4.0
758,sealing_queue_boxes,0.0,0.0
759,sealing_queue_boxes,3.0,4.0
760,sealing_queue_boxes,0.0,0.0
761,sealing_queue_boxes,2.0,2.0
762,sealing_queue_boxes,2.5,5.0
763,sealing_queue_boxes,1.0,2.0
764,sealing_queue_boxes,2.0,4.0
765,sealing_queue_boxes,1.0,2.0
766,sealing_queue_boxes,1.0,2.0
767,sealing_queue_boxes,0.0,0.0
768,sealing_queue_boxes,1.5,2.0
769,sealing_queue_boxes,1.5,3.0
770,sealing_queue_boxes,1.0,2.0
771,sealing_queue_boxes,1.0,2.0
772,sealing_queue_boxes,0.5,1.0
773,sealing_queue_boxes,0.0,0.0
774,sealing_queue_boxes,0.0,0.0
775,sealing_queue_boxes,2.5,3.0
776,sealing_queue_boxes,0.5,1.0
777,sealing_queue_boxes,0.5,1.0
778,sealing_queue_boxes,0.0,0.0
779,sealing_queue_boxes,0.0,0.0
780,sealing_queue_boxes,0.5,1.0
781,sealing_queue_boxes,1.0,2.0
782,sealing_queue_boxes,2.0,4.0
783,sealing_queue_boxes,1.0,2.0
784,sealing_queue_boxes,0.0,0.0
785,sealing_queue_boxes,0.0,0.0
786,sealing_queue_boxes,1.0,2.0
787,sealing_queue_boxes,0.5,1.0
788,sealing_queue_boxes,1.0,2.0
789,sealing_queue_boxes,0.5,1.0
790,sealing_queue_boxes,1.5,3.0
791,sealing_queue_boxes,0.0,0.0
792,sealing_queue_boxes,0.0,0.0
793,sealing_queue_boxes,1.0,2.0
794,sealing_queue_boxes,1.5,3.0
795,sealing_queue_boxes,1.5,3.0
796,sealing_queue_boxes,0.0,0.0
797,sealing_queue_boxes,0.0,0.0
798,sealing_queue_boxes,1.5,3.0
799,sealing_queue_boxes,0.5,1.0
800,sealing_queue_boxes,2.0,4.0
801,sealing_queue_boxes,1.0,2.0
802,sealing_queue_boxes,0.5,1.0
803,sealing_queue_boxes,1.0,2.0
804,sealing_queue_boxes,0.0,0.0
805,sealing_queue_boxes,0.5,1.0
806,sealing_queue_boxes,0.0,0.0
807,sealing_queue_boxes,1.5,3.0
808,sealing_queue_boxes,0.0,0.0
809,sealing_queue_boxes,2.0,4.0
810,sealing_queue_boxes,1.5,3.0
811,sealing_queue_boxes,1.5,3.0
812,sealing_queue_boxes,1.0,2.0
813,sealing_queue_boxes,3.0,4.0
814,sealing_queue_boxes,2.5,5.0
815,sealing_queue_boxes,0.0,0.0
816,sealing_queue_boxes,2.5,3.0
817,sealing_queue_boxes,1.0,2.0
818,sealing_queue_boxes,0.0,0.0
819,sealing_queue_boxes,0.0,0.0
820,sealing_queue_boxes,0.0,0.0
821,sealing_queue_boxes,1.5,3.0
822,sealing_queue_boxes,1.0,2.0
823,sealing_queue_boxes,0.5,1.0
824,sealing_queue_boxes,1.0,2.0
825,sealing_queue_boxes,0.0,0.0
826,sealing_queue_boxes,0.5,1.0
827,sealing_queue_boxes,0.0,0.0
828,sealing_queue_boxes,1.0,2.0
829,sealing_queue_boxes,1.5,3.0
830,sealing_queue_boxes,1.0,2.0
831,sealing_queue_boxes,3.0,5.0
832,sealing_queue_boxes,0.0,0.0
833,sealing_queue_boxes,0.0,0.0
834,sealing_queue_boxes,1.0,2.0
835,sealing_queue_boxes,0.5,1.0
836,sealing_queue_boxes,0.5,1.0
837,sealing_queue_boxes,0.5,1.0
838,sealing_queue_boxes,1.0,2.0
839,sealing_queue_boxes,0.0,0.0
840,sealing_queue_boxes,1.0,2.0
841,sealing_queue_boxes,0.0,0.0
842,sealing_queue_boxes,0.5,1.0
843,sealing_queue_boxes,1.0,2.0
844,sealing_queue_boxes,1.0,2.0
845,sealing_queue_boxes,0.0,0.0
846,sealing_queue_boxes,2.0,4.0
847,sealing_queue_boxes,1.0,2.0
848,sealing_queue_boxes,0.5,1.0
849,sealing_queue_boxes,1.5,2.0
850,sealing_queue_boxes,0.5,1.0
851,sealing_queue_boxes,2.0,3.0
852,sealing_queue_boxes,0.5,1.0
853,sealing_queue_boxes,0.0,0.0
854,sealing_queue_boxes,0.5,1.0
855,sealing_queue_boxes,0.0,0.0
856,sealing_queue_boxes,1.0,2.0
857,sealing_queue_boxes,0.5,1.0
858,sealing_queue_boxes,2.5,4.0
859,sealing_queue_boxes,2.5,5.0
860,sealing_queue_boxes,2.5,5.0
861,sealing_queue_boxes,1.0,2.0
862,sealing_queue_boxes,2.0,4.0
863,sealing_queue_boxes,0.5,1.0
864,sealing_queue_boxes,2.0,4.0
865,sealing_queue_boxes,0.5,1.0
866,sealing_queue_boxes,0.0,0.0
867,sealing_queue_boxes,0.5,1.0
868,sealing_queue_boxes,0.5,1.0
869,sealing_queue_boxes,0.0,0.0
870,sealing_queue_boxes,0.5,1.0
871,sealing_queue_boxes,0.5,1.0
872,sealing_queue_boxes,1.0,2.0
873,sealing_queue_boxes,0.0,0.0
874,sealing_queue_boxes,1.5,3.0
875,sealing_queue_boxes,1.5,3.0
876,sealing_queue_boxes,0.5,1.0
877,sealing_queue_boxes,0.5,1.0
878,sealing_queue_boxes,0.5,1.0
879,sealing_queue_boxes,0.0,0.0
880,sealing_queue_boxes,1.0,2.0
881,sealing_queue_boxes,2.0,3.0
882,sealing_queue_boxes,0.0,0.0
883,sealing_queue_boxes,0.0,0.0
884,sealing_queue_boxes,1.0,2.0
885,sealing_queue_boxes,2.0,4.0
886,sealing_queue_boxes,0.5,1.0
887,sealing_queue_boxes,0.5,1.0
888,sealing_queue_boxes,0.0,0.0
889,sealing_queue_boxes,1.5,2.0
890,sealing_queue_boxes,0.0,0.0
891,sealing_queue_boxes,0.5,1.0
892,sealing_queue_boxes,1.0,2.0
893,sealing_queue_boxes,1.0,2.0
894,sealing_queue_boxes,1.0,2.0
895,sealing_queue_boxes,1.0,2.0
896,sealing_queue_boxes,1.5,3.0
897,sealing_queue_boxes,0.5,1.0
898,sealing_queue_boxes,1.0,2.0
899,sealing_queue_boxes,1.5,3.0
900,sealing_queue_boxes,1.5,3.0
901,sealing_queue_boxes,0.5,1.0
902,sealing_queue_boxes,4.0,7.0
903,sealing_queue_boxes,1.0,2.0
904,sealing_queue_boxes,0.0,0.0
905,sealing_queue_boxes,1.5,3.0
906,sealing_queue_boxes,3.0,4.0
907,sealing_queue_boxes,1.0,2.0
908,sealing_queue_boxes,1.0,2.0
909,sealing_queue_boxes,1.0,2.0
910,sealing_queue_boxes,1.5,3.0
911,sealing_queue_boxes,0.5,1.0
912,sealing_queue_boxes,0.0,0.0
913,sealing_queue_boxes,0.5,1.0
914,sealing_queue_boxes,1.0,1.0
915,sealing_queue_boxes,1.0,2.0
916,sealing_queue_boxes,1.0,2.0
917,sealing_queue_boxes,0.0,0.0
918,sealing_queue_boxes,0.5,1.0
919,sealing_queue_boxes,0.5,1.0
920,sealing_queue_boxes,0.5,1.0
921,sealing_queue_boxes,0.0,0.0
922,sealing_queue_boxes,0.0,0.0
923,sealing_queue_boxes,1.0,2.0
924,sealing_queue_boxes,0.5,1.0
925,sealing_queue_boxes,1.0,2.0
926,sealing_queue_boxes,0.5,1.0
927,sealing_queue_boxes,0.0,0.0
928,sealing_queue_boxes,1.0,2.0
929,sealing_queue_boxes,1.0,2.0
930,sealing_queue_boxes,0.5,1.0
931,sealing_queue_boxes,1.0,2.0
932,sealing_queue_boxes,0.5,1.0
933,sealing_queue_boxes,1.5,3.0
934,sealing_queue_boxes,0.0,0.0
935,sealing_queue_boxes,0.5,1.0
936,sealing_queue_boxes,1.0,2.0
937,sealing_queue_boxes,1.5,2.0
938,sealing_queue_boxes,1.5,2.0
939,sealing_queue_boxes,1.5,3.0
940,sealing_queue_boxes,0.5,1.0
941,sealing_queue_boxes,1.5,3.0
942,sealing_queue_boxes,1.5,3.0
943,sealing_queue_boxes,1.5,3.0
944,sealing_queue_boxes,1.0,2.0
945,sealing_queue_boxes,0.5,1.0
946,sealing_queue_boxes,0.5,1.0
947,sealing_queue_boxes,0.5,1.0
948,sealing_queue_boxes,0.5,1.0
949,sealing_queue_boxes,0.5,1.0
950,sealing_queue_boxes,1.0,2.0
951,sealing_queue_boxes,0.5,1.0
952,sealing_queue_boxes,2.5,5.0
953,sealing_queue_boxes,1.0,2.0
954,sealing_queue_boxes,1.0,2.0
955,sealing_queue_boxes,0.5,1.0
956,sealing_queue_boxes,0.0,0.0
957,sealing_queue_boxes,2.0,2.0
958,sealing_queue_boxes,0.5,1.0
959,sealing_queue_boxes,0.0,0.0
960,sealing_queue_boxes,0.5,1.0
961,sealing_queue_boxes,1.0,2.0
962,sealing_queue_boxes,0.5,1.0
963,sealing_queue_boxes,1.0,2.0
964,sealing_queue_boxes,0.0,0.0
965,sealing_queue_boxes,1.0,2.0
966,sealing_queue_boxes,2.0,4.0
967,sealing_queue_boxes,0.5,1.0
968,sealing_queue_boxes,0.5,1.0
969,sealing_queue_boxes,1.0,2.0
970,sealing_queue_boxes,0.5,1.0
971,sealing_queue_boxes,0.5,1.0
972,sealing_queue_boxes,1.0,2.0
973,sealing_queue_boxes,1.0,2.0
974,sealing_queue_boxes,1.0,2.0
975,sealing_queue_boxes,0.0,0.0
976,sealing_queue_boxes,0.0,0.0
977,sealing_queue_boxes,0.5,1.0
978,sealing_queue_boxes,0.0,0.0
979,sealing_queue_boxes,1.0,2.0
980,sealing_queue_boxes,1.0,2.0
981,sealing_queue_boxes,0.0,0.0
982,sealing_queue_boxes,1.0,2.0
983,sealing_queue_boxes,1.0,2.0
984,sealing_queue_boxes,0.5,1.0
985,sealing_queue_boxes,1.0,2.0
986,sealing_queue_boxes,1.0,2.0
987,sealing_queue_boxes,0.0,0.0
988,sealing_queue_boxes,0.5,1.0
989,sealing_queue_boxes,1.5,3.0
990,sealing_queue_boxes,1.0,2.0
991,sealing_queue_boxes,0.5,1.0
992,sealing_queue_boxes,0.0,0.0
993,sealing_queue_boxes,2.0,4.0
994,sealing_queue_boxes,1.0,2.0
995,sealing_queue_boxes,1.5,3.0
996,sealing_queue_boxes,0.5,1.0
997,sealing_queue_boxes,1.0,1.0
998,sealing_queue_boxes,0.5,1.0
999,sealing_queue_boxes,2.5,5.0
1000,sealing_queue_boxes,1.0,2.0
1001,sealing_queue_boxes,1.5,3.0
1002,sealing_queue_boxes,0.5,1.0
1003,sealing_queue_boxes,1.5,3.0
1004,sealing_queue_boxes,2.0,2.0
1005,sealing_queue_boxes,0.5,1.0
1006,sealing_queue_boxes,0.0,0.0
1007,sealing_queue_boxes,0.5,1.0
1008,sealing_queue_boxes,0.0,0.0
1009,sealing_queue_boxes,0.0,0.0
1010,sealing_queue_boxes,0.5,1.0
1011,sealing_queue_boxes,0.5,1.0
1012,sealing_queue_boxes,0.0,0.0
1013,sealing_queue_boxes,0.5,1.0
1014,sealing_queue_boxes,0.5,1.0
1015,sealing_queue_boxes,0.5,1.0
1016,sealing_queue_boxes,2.5,5.0
1017,sealing_queue_boxes,1.5,3.0
1018,sealing_queue_boxes,1.0,2.0
1019,sealing_queue_boxes,1.5,3.0
1020,sealing_queue_boxes,1.0,1.0
1021,sealing_queue_boxes,1.0,2.0
1022,sealing_queue_boxes,0.0,0.0
1023,sealing_queue_boxes,1.0,2.0
1024,sealing_queue_boxes,1.5,3.0
1025,sealing_queue_boxes,0.5,1.0
1026,sealing_queue_boxes,0.0,0.0
1027,sealing_queue_boxes,1.0,2.0
1028,sealing_queue_boxes,1.5,3.0
1029,sealing_queue_boxes,0.5,1.0
1030,sealing_queue_boxes,0.0,0.0
1031,sealing_queue_boxes,1.0,2.0
1032,sealing_queue_boxes,1.0,2.0
1033,sealing_queue_boxes,6.0,6.0
1034,sealing_queue_boxes,1.5,2.0
1035,sealing_queue_boxes,1.0,2.0
1036,sealing_queue_boxes,0.5,1.0
1037,sealing_queue_boxes,2.5,5.0
1038,sealing_queue_boxes,0.5,1.0
1039,sealing_queue_boxes,0.5,1.0
1040,sealing_queue_boxes,1.5,3.0
1041,sealing_queue_boxes,1.5,3.0
1042,sealing_queue_boxes,0.5,1.0
1043,sealing_queue_boxes,0.5,1.0
1044,sealing_queue_boxes,0.5,1.0
1045,sealing_queue_boxes,0.5,1.0
1046,sealing_queue_boxes,0.5,1.0
1047,sealing_queue_boxes,1.5,3.0
1048,sealing_queue_boxes,1.0,2.0
1049,sealing_queue_boxes,3.0,6.0
1050,sealing_queue_boxes,5.5,8.0
1051,sealing_queue_boxes,0.0,0.0
1052,sealing_queue_boxes,1.0,2.0
1053,sealing_queue_boxes,1.0,2.0
1054,sealing_queue_boxes,0.0,0.0
1055,sealing_queue_boxes,0.5,1.0
1056,sealing_queue_boxes,1.5,3.0
1057,sealing_queue_boxes,0.5,1.0
1058,sealing_queue_boxes,0.5,1.0
1059,sealing_queue_boxes,1.0,2.0
1060,sealing_queue_boxes,1.5,3.0
1061,sealing_queue_boxes,0.5,1.0
1062,sealing_queue_boxes,1.0,2.0
1063,sealing_queue_boxes,0.5,1.0
1064,sealing_queue_boxes,0.0,0.0
1065,sealing_queue_boxes,0.5,1.0
1066,sealing_queue_boxes,1.5,3.0
1067,sealing_queue_boxes,1.0,2.0
1068,sealing_queue_boxes,0.0,0.0
1069,sealing_queue_boxes,1.5,3.0
1070,sealing_queue_boxes,0.0,0.0
1071,sealing_queue_boxes,0.5,1.0
1072,sealing_queue_boxes,0.5,1.0
1073,sealing_queue_boxes,1.0,2.0
1074,sealing_queue_boxes,0.0,0.0
1075,sealing_queue_boxes,1.0,2.0
1076,sealing_queue_boxes,0.0,0.0
1077,sealing_queue_boxes,1.5,3.0
1078,sealing_queue_boxes,1.0,2.0
1079,sealing_queue_boxes,0.5,1.0
1080,sealing_queue_boxes,1.0,2.0
1081,sealing_queue_boxes,1.5,3.0
1082,sealing_queue_boxes,1.5,3.0
1083,sealing_queue_boxes,3.5,7.0
1084,sealing_queue_boxes,0.5,1.0
1085,sealing_queue_boxes,0.5,1.0
1086,sealing_queue_boxes,1.5,3.0
1087,sealing_queue_boxes,0.5,1.0
1088,sealing_queue_boxes,1.5,3.0
1089,sealing_queue_boxes,0.5,1.0
1090,sealing_queue_boxes,0.5,1.0
1091,sealing_queue_boxes,0.5,1.0
1092,sealing_queue_boxes,1.0,2.0
1093,sealing_queue_boxes,0.5,1.0
1094,sealing_queue_boxes,1.0,2.0
1095,sealing_queue_boxes,0.5,1.0
1096,sealing_queue_boxes,0.5,1.0
1097,sealing_queue_boxes,1.0,2.0
1098,sealing_queue_boxes,2.5,4.0
1099,sealing_queue_boxes,1.0,2.0
1100,sealing_queue_boxes,1.0,2.0
1101,sealing_queue_boxes,0.0,0.0
1102,sealing_queue_boxes,1.0,2.0
1103,sealing_queue_boxes,0.5,1.0
1104,sealing_queue_boxes,0.5,1.0
1105,sealing_queue_boxes,0.5,1.0
1106,sealing_queue_boxes,2.0,2.0
1107,sealing_queue_boxes,1.0,2.0
1108,sealing_queue_boxes,1.5,3.0
1109,sealing_queue_boxes,1.0,2.0
1110,sealing_queue_boxes,0.0,0.0
1111,sealing_queue_boxes,0.5,1.0
1112,sealing_queue_boxes,0.0,0.0
1113,sealing_queue_boxes,1.0,2.0
1114,sealing_queue_boxes,0.5,1.0
1115,sealing_queue_boxes,1.5,3.0
1116,sealing_queue_boxes,0.0,0.0
1117,sealing_queue_boxes,1.0,2.0
1118,sealing_queue_boxes,0.5,1.0
1119,sealing_queue_boxes,1.0,2.0
1120,sealing_queue_boxes,0.5,1.0
1121,sealing_queue_boxes,1.0,2.0
1122,sealing_queue_boxes,0.5,1.0
1123,sealing_queue_boxes,0.5,1.0
1124,sealing_queue_boxes,1.5,3.0
1125,sealing_queue_boxes,0.5,1.0
1126,sealing_queue_boxes,0.0,0.0
1127,sealing_queue_boxes,0.0,0.0
1128,sealing_queue_boxes,1.0,1.0
1129,sealing_queue_boxes,1.5,3.0
1130,sealing_queue_boxes,1.5,3.0
1131,sealing_queue_boxes,0.0,0.0
1132,sealing_queue_boxes,1.5,3.0
1133,sealing_queue_boxes,2.0,4.0
1134,sealing_queue_boxes,1.0,2.0
1135,sealing_queue_boxes,1.0,2.0
1136,sealing_queue_boxes,1.5,3.0
1137,sealing_queue_boxes,0.5,1.0
1138,sealing_queue_boxes,0.5,1.0
1139,sealing_queue_boxes,2.5,5.0
1140,sealing_queue_boxes,0.5,1.0
1141,sealing_queue_boxes,1.5,3.0
1142,sealing_queue_boxes,1.0,2.0
1143,sealing_queue_boxes,0.0,0.0
1144,sealing_queue_boxes,2.0,4.0
1145,sealing_queue_boxes,0.5,1.0
1146,sealing_queue_boxes,0.5,1.0
1147,sealing_queue_boxes,1.5,3.0
1148,sealing_queue_boxes,0.0,0.0
1149,sealing_queue_boxes,3.0,4.0
1150,sealing_queue_boxes,0.5,1.0
1151,sealing_queue_boxes,1.0,1.0
1152,sealing_queue_boxes,0.0,0.0
1153,sealing_queue_boxes,1.0,2.0
1154,sealing_queue_boxes,0.5,1.0
1155,sealing_queue_boxes,0.5,1.0
1156,sealing_queue_boxes,1.0,2.0
1157,sealing_queue_boxes,0.0,0.0
1158,sealing_queue_boxes,0.5,1.0
1159,sealing_queue_boxes,0.5,1.0
1160,sealing_queue_boxes,1.5,3.0
1161,sealing_queue_boxes,0.5,1.0
1162,sealing_queue_boxes,1.5,3.0
1163,sealing_queue_boxes,1.0,2.0
1164,sealing_queue_boxes,1.5,3.0
1165,sealing_queue_boxes,0.5,1.0
1166,sealing_queue_boxes,1.0,2.0
1167,sealing_queue_boxes,0.5,1.0
1168,sealing_queue_boxes,0.5,1.0
1169,sealing_queue_boxes,1.0,1.0
1170,sealing_queue_boxes,0.5,1.0
1171,sealing_queue_boxes,1.5,3.0
1172,sealing_queue_boxes,1.5,3.0
1173,sealing_queue_boxes,0.5,1.0
1174,sealing_queue_boxes,0.5,1.0
1175,sealing_queue_boxes,1.5,3.0
1176,sealing_queue_boxes,1.0,2.0
1177,sealing_queue_boxes,0.5,1.0
1178,sealing_queue_boxes,0.5,1.0
1179,sealing_queue_boxes,1.5,3.0
1180,sealing_queue_boxes,2.0,4.0
1181,sealing_queue_boxes,0.0,0.0
1182,sealing_queue_boxes,0.5,1.0
1183,sealing_queue_boxes,0.5,1.0
1184,sealing_queue_boxes,2.0,4.0
1185,sealing_queue_boxes,0.5,1.0
1186,sealing_queue_boxes,0.5,1.0
1187,sealing_queue_boxes,2.0,4.0
1188,sealing_queue_boxes,1.0,2.0
1189,sealing_queue_boxes,4.5,8.0
1190,sealing_queue_boxes,0.0,0.0
1191,sealing_queue_boxes,0.5,1.0
1192,sealing_queue_boxes,1.0,2.0
1193,sealing_queue_boxes,1.5,3.0
1194,sealing_queue_boxes,0.5,1.0
1195,sealing_queue_boxes,0.0,0.0
1196,sealing_queue_boxes,0.5,1.0
1197,sealing_queue_boxes,0.5,1.0
1198,sealing_queue_boxes,0.5,1.0
1199,sealing_queue_boxes,1.5,3.0
1200,sealing_queue_boxes,0.5,1.0
1201,sealing_queue_boxes,1.0,1.0
1202,sealing_queue_boxes,2.0,2.0
1203,sealing_queue_boxes,0.0,0.0
1204,sealing_queue_boxes,0.5,1.0
1205,sealing_queue_boxes,1.0,2.0
1206,sealing_queue_boxes,0.5,1.0
1207,sealing_queue_boxes,0.5,1.0
1208,sealing_queue_boxes,0.5,1.0
1209,sealing_queue_boxes,1.0,2.0
1210,sealing_queue_boxes,0.5,1.0
1211,sealing_queue_boxes,0.0,0.0
1212,sealing_queue_boxes,0.5,1.0
1213,sealing_queue_boxes,1.0,2.0
1214,sealing_queue_boxes,1.5,3.0
1215,sealing_queue_boxes,1.0,2.0
1216,sealing_queue_boxes,1.5,3.0
1217,sealing_queue_boxes,1.0,2.0
1218,sealing_queue_boxes,0.0,0.0
1219,sealing_queue_boxes,1.0,2.0
1220,sealing_queue_boxes,1.5,3.0
1221,sealing_queue_boxes,1.0,2.0
1222,sealing_queue_boxes,2.0,4.0
1223,sealing_queue_boxes,0.5,1.0
1224,sealing_queue_boxes,0.5,1.0
1225,sealing_queue_boxes,0.0,0.0
1226,sealing_queue_boxes,0.5,1.0
1227,sealing_queue_boxes,0.0,0.0
1228,sealing_queue_boxes,1.0,2.0
1229,sealing_queue_boxes,0.5,1.0
1230,sealing_queue_boxes,1.0,2.0
1231,sealing_queue_boxes,2.0,4.0
1232,sealing_queue_boxes,0.5,1.0
1233,sealing_queue_boxes,2.0,4.0
1234,sealing_queue_boxes,0.5,1.0
1235,sealing_queue_boxes,1.0,2.0
1236,sealing_queue_boxes,1.0,2.0
1237,sealing_queue_boxes,0.5,1.0
1238,sealing_queue_boxes,0.5,1.0
1239,sealing_queue_boxes,3.0,4.0
1240,sealing_queue_boxes,0.5,1.0
1241,sealing_queue_boxes,0.5,1.0
1242,sealing_queue_boxes,2.0,4.0
1243,sealing_queue_boxes,0.5,1.0
1244,sealing_queue_boxes,0.5,1.0
1245,sealing_queue_boxes,0.5,1.0
1246,sealing_queue_boxes,3.5,5.0
1247,sealing_queue_boxes,0.5,1.0
1248,sealing_queue_boxes,0.5,1.0
1249,sealing_queue_boxes,0.5,1.0
1250,sealing_queue_boxes,0.0,0.0
1251,sealing_queue_boxes,0.0,0.0
1252,sealing_queue_boxes,0.5,1.0
1253,sealing_queue_boxes,0.5,1.0
1254,sealing_queue_boxes,1.0,2.0
1255,sealing_queue_boxes,1.5,3.0
1256,sealing_queue_boxes,1.0,2.0
1257,sealing_queue_boxes,1.5,3.0
1258,sealing_queue_boxes,2.0,4.0
1259,sealing_queue_boxes,0.0,0.0
1260,sealing_queue_boxes,0.5,1.0
1261,sealing_queue_boxes,1.0,2.0
1262,sealing_queue_boxes,3.5,7.0
1263,sealing_queue_boxes,0.5,1.0
1264,sealing_queue_boxes,3.5,7.0
1265,sealing_queue_boxes,1.0,2.0
1266,sealing_queue_boxes,1.5,3.0
1267,sealing_queue_boxes,0.5,1.0
1268,sealing_queue_boxes,1.5,3.0
1269,sealing_queue_boxes,0.5,1.0
1270,sealing_queue_boxes,0.0,0.0
1271,sealing_queue_boxes,0.0,0.0
1272,sealing_queue_boxes,0.0,0.0
1273,sealing_queue_boxes,0.0,0.0
1274,sealing_queue_boxes,1.5,3.0
1275,sealing_queue_boxes,2.0,4.0
1276,sealing_queue_boxes,1.0,2.0
1277,sealing_queue_boxes,0.5,1.0
1278,sealing_queue_boxes,1.0,2.0
1279,sealing_queue_boxes,1.0,2.0
1280,sealing_queue_boxes,1.5,3.0
1281,sealing_queue_boxes,1.0,2.0
1282,sealing_queue_boxes,1.0,2.0
1283,sealing_queue_boxes,0.5,1.0
1284,sealing_queue_boxes,0.5,1.0
1285,sealing_queue_boxes,0.0,0.0
1286,sealing_queue_boxes,1.0,2.0
1287,sealing_queue_boxes,0.5,1.0
1288,sealing_queue_boxes,2.0,4.0
1289,sealing_queue_boxes,2.5,4.0
1290,sealing_queue_boxes,0.5,1.0
1291,sealing_queue_boxes,0.5,1.0
1292,sealing_queue_boxes,0.5,1.0
1293,sealing_queue_boxes,1.0,2.0
1294,sealing_queue_boxes,0.0,0.0
1295,sealing_queue_boxes,0.0,0.0
1296,sealing_queue_boxes,1.0,2.0
1297,sealing_queue_boxes,0.5,1.0
1298,sealing_queue_boxes,0.0,0.0
1299,sealing_queue_boxes,0.0,0.0
1300,sealing_queue_boxes,0.5,1.0
1301,sealing_queue_boxes,2.0,4.0
1302,sealing_queue_boxes,2.0,4.0
1303,sealing_queue_boxes,2.0,4.0
1304,sealing_queue_boxes,0.5,1.0
1305,sealing_queue_boxes,0.0,0.0
1306,sealing_queue_boxes,0.0,0.0
1307,sealing_queue_boxes,1.0,2.0
1308,sealing_queue_boxes,1.0,2.0
1309,sealing_queue_boxes,1.0,2.0
1310,sealing_queue_boxes,1.5,2.0
1311,sealing_queue_boxes,1.0,2.0
1312,sealing_queue_boxes,1.0,2.0
1313,sealing_queue_boxes,1.5,3.0
1314,sealing_queue_boxes,1.5,3.0
1315,sealing_queue_boxes,0.0,0.0
1316,sealing_queue_boxes,0.0,0.0
1317,sealing_queue_boxes,1.5,3.0
1318,sealing_queue_boxes,0.0,0.0
1319,sealing_queue_boxes,0.0,0.0
1320,sealing_queue_boxes,0.0,0.0
1321,sealing_queue_boxes,1.5,3.0
1322,sealing_queue_boxes,1.0,2.0
1323,sealing_queue_boxes,1.0,2.0
1324,sealing_queue_boxes,3.5,4.0
1325,sealing_queue_boxes,0.0,0.0
1326,sealing_queue_boxes,2.0,4.0
1327,sealing_queue_boxes,0.5,1.0
1328,sealing_queue_boxes,1.5,3.0
1329,sealing_queue_boxes,1.0,2.0
1330,sealing_queue_boxes,1.0,2.0
1331,sealing_queue_boxes,1.0,2.0
1332,sealing_queue_boxes,0.5,1.0
1333,sealing_queue_boxes,1.0,2.0
1334,sealing_queue_boxes,1.5,3.0
1335,sealing_queue_boxes,2.5,5.0
1336,sealing_queue_boxes,1.5,3.0
1337,sealing_queue_boxes,0.0,0.0
1338,sealing_queue_boxes,0.5,1.0
1339,sealing_queue_boxes,0.0,0.0
1340,sealing_queue_boxes,2.0,4.0
1341,sealing_queue_boxes,0.0,0.0
1342,sealing_queue_boxes,1.0,2.0
1343,sealing_queue_boxes,3.5,6.0
1344,sealing_queue_boxes,0.0,0.0
1345,sealing_queue_boxes,0.0,0.0
1346,sealing_queue_boxes,0.5,1.0
1347,sealing_queue_boxes,1.0,2.0
1348,sealing_queue_boxes,2.5,5.0
1349,sealing_queue_boxes,1.5,3.0
1350,sealing_queue_boxes,1.5,3.0
1351,sealing_queue_boxes,3.0,6.0
1352,sealing_queue_boxes,0.5,1.0
1353,sealing_queue_boxes,0.5,1.0
1354,sealing_queue_boxes,1.5,3.0
1355,sealing_queue_boxes,2.0,2.0
1356,sealing_queue_boxes,0.0,0.0
1357,sealing_queue_boxes,0.5,1.0
1358,sealing_queue_boxes,0.5,1.0
1359,sealing_queue_boxes,0.0,0.0
1360,sealing_queue_boxes,2.0,4.0
1361,sealing_queue_boxes,1.0,2.0
1362,sealing_queue_boxes,1.5,3.0
1363,sealing_queue_boxes,0.0,0.0
1364,sealing_queue_boxes,2.0,4.0
1365,sealing_queue_boxes,1.0,2.0
1366,sealing_queue_boxes,0.0,0.0
1367,sealing_queue_boxes,0.5,1.0
1368,sealing_queue_boxes,0.5,1.0
1369,sealing_queue_boxes,0.5,1.0
1370,sealing_queue_boxes,2.0,4.0
1371,sealing_queue_boxes,1.5,2.0
1372,sealing_queue_boxes,1.0,2.0
1373,sealing_queue_boxes,1.5,3.0
1374,sealing_queue_boxes,0.5,1.0
1375,sealing_queue_boxes,3.0,6.0
1376,sealing_queue_boxes,0.0,0.0
1377,sealing_queue_boxes,4.0,8.0
1378,sealing_queue_boxes,0.5,1.0
1379,sealing_queue_boxes,1.0,2.0
1380,sealing_queue_boxes,0.5,1.0
1381,sealing_queue_boxes,1.5,2.0
1382,sealing_queue_boxes,1.0,2.0
1383,sealing_queue_boxes,0.0,0.0
1384,sealing_queue_boxes,2.0,4.0
1385,sealing_queue_boxes,0.5,1.0
1386,sealing_queue_boxes,1.0,2.0
1387,sealing_queue_boxes,0.0,0.0
1388,sealing_queue_boxes,0.5,1.0
1389,sealing_queue_boxes,0.5,1.0
1390,sealing_queue_boxes,1.5,3.0
1391,sealing_queue_boxes,0.5,1.0
1392,sealing_queue_boxes,1.0,2.0
1393,sealing_queue_boxes,2.0,3.0
1394,sealing_queue_boxes,0.5,1.0
1395,sealing_queue_boxes,1.0,2.0
1396,sealing_queue_boxes,0.5,1.0
1397,sealing_queue_boxes,1.5,3.0
1398,sealing_queue_boxes,1.0,2.0
1399,sealing_queue_boxes,1.0,2.0
1400,sealing_queue_boxes,2.0,3.0
1401,sealing_queue_boxes,0.5,1.0
1402,sealing_queue_boxes,0.0,0.0
1403,sealing_queue_boxes,0.0,0.0
1404,sealing_queue_boxes,1.0,2.0
1405,sealing_queue_boxes,0.5,1.0
1406,sealing_queue_boxes,0.5,1.0
1407,sealing_queue_boxes,0.5,1.0
1408,sealing_queue_boxes,2.0,4.0
1409,sealing_queue_boxes,0.5,1.0
1410,sealing_queue_boxes,0.5,1.0
1411,sealing_queue_boxes,0.5,1.0
1412,sealing_queue_boxes,0.5,1.0
1413,sealing_queue_boxes,3.0,6.0
1414,sealing_queue_boxes,2.0,4.0
1415,sealing_queue_boxes,0.5,1.0
1416,sealing_queue_boxes,1.0,2.0
1417,sealing_queue_boxes,0.5,1.0
1418,sealing_queue_boxes,0.5,1.0
1419,sealing_queue_boxes,1.0,2.0
1420,sealing_queue_boxes,2.0,4.0
1421,sealing_queue_boxes,1.0,2.0
1422,sealing_queue_boxes,1.0,2.0
1423,sealing_queue_boxes,0.5,1.0
1424,sealing_queue_boxes,0.5,1.0
1425,sealing_queue_boxes,0.0,0.0
1426,sealing_queue_boxes,1.5,3.0
1427,sealing_queue_boxes,0.5,1.0
1428,sealing_queue_boxes,0.0,0.0
1429,sealing_queue_boxes,0.5,1.0
1430,sealing_queue_boxes,5.0,6.0
1431,sealing_queue_boxes,0.5,1.0
1432,sealing_queue_boxes,2.0,3.0
1433,sealing_queue_boxes,0.5,1.0
1434,sealing_queue_boxes,1.5,3.0
1435,sealing_queue_boxes,0.0,0.0
1436,sealing_queue_boxes,0.0,0.0
1437,sealing_queue_boxes,0.5,1.0
1438,sealing_queue_boxes,1.5,3.0
1439,sealing_queue_boxes,0.5,1.0
0,shipping_buffer_boxes,0.0,0.0
1,shipping_buffer_boxes,0.0,0.0
2,shipping_buffer_boxes,0.0,0.0
3,shipping_buffer_boxes,0.0,0.0
4,shipping_buffer_boxes,0.0,0.0
5,shipping_buffer_boxes,0.0,0.0
6,shipping_buffer_boxes,0.0,0.0
7,shipping_buffer_boxes,0.0,0.0
8,shipping_buffer_boxes,0.0,0.0
9,shipping_buffer_boxes,0.0,0.0
10,shipping_buffer_boxes,0.0,0.0
11,shipping_buffer_boxes,22.5,33.0
12,shipping_buffer_boxes,64.5,77.0
13,shipping_buffer_boxes,51.0,102.0
14,shipping_buffer_boxes,0.0,0.0
15,shipping_buffer_boxes,26.5,39.0
16,shipping_buffer_boxes,0.0,0.0
17,shipping_buffer_boxes,0.0,0.0
18,shipping_buffer_boxes,0.0,0.0
19,shipping_buffer_boxes,0.0,0.0
20,shipping_buffer_boxes,0.0,0.0
21,shipping_buffer_boxes,0.0,0.0
22,shipping_buffer_boxes,0.0,0.0
23,shipping_buffer_boxes,0.0,0.0
24,shipping_buffer_boxes,0.0,0.0
25,shipping_buffer_boxes,0.0,0.0
26,shipping_buffer_boxes,0.0,0.0
27,shipping_buffer_boxes,0.0,0.0
28,shipping_buffer_boxes,0.0,0.0
29,shipping_buffer_boxes,0.0,0.0
30,shipping_buffer_boxes,0.0,0.0
31,shipping_buffer_boxes,0.0,0.0
32,shipping_buffer_boxes,0.0,0.0
33,shipping_buffer_boxes,0.0,0.0
34,shipping_buffer_boxes,0.0,0.0
35,shipping_buffer_boxes,0.0,0.0
36,shipping_buffer_boxes,0.0,0.0
37,shipping_buffer_boxes,0.0,0.0
38,shipping_buffer_boxes,0.0,0.0
39,shipping_buffer_boxes,0.0,0.0
40,shipping_buffer_boxes,0.0,0.0
41,shipping_buffer_boxes,0.0,0.0
42,shipping_buffer_boxes,0.0,0.0
43,shipping_buffer_boxes,0.0,0.0
44,shipping_buffer_boxes,0.0,0.0
45,shipping_buffer_boxes,0.0,0.0
46,shipping_buffer_boxes,0.0,0.0
47,shipping_buffer_boxes,0.0,0.0
48,shipping_buffer_boxes,0.0,0.0
49,shipping_buffer_boxes,0.0,0.0
50,shipping_buffer_boxes,0.0,0.0
51,shipping_buffer_boxes,0.5,1.0
52,shipping_buffer_boxes,8.0,10.0
53,shipping_buffer_boxes,28.0,34.0
54,shipping_buffer_boxes,13.0,16.0
55,shipping_buffer_boxes,0.5,1.0
56,shipping_buffer_boxes,0.0,0.0
57,shipping_buffer_boxes,0.0,0.0
58,shipping_buffer_boxes,0.0,0.0
59,shipping_buffer_boxes,0.0,0.0
60,shipping_buffer_boxes,0.0,0.0
61,shipping_buffer_boxes,0.0,0.0
62,shipping_buffer_boxes,0.0,0.0
63,shipping_buffer_boxes,0.0,0.0
64,shipping_buffer_boxes,0.0,0.0
65,shipping_buffer_boxes,0.0,0.0
66,shipping_buffer_boxes,0.0,0.0
67,shipping_buffer_boxes,0.0,0.0
68,shipping_buffer_boxes,0.0,0.0
69,shipping_buffer_boxes,0.0,0.0
70,shipping_buffer_boxes,0.0,0.0
71,shipping_buffer_boxes,0.0,0.0
72,shipping_buffer_boxes,0.0,0.0
73,shipping_buffer_boxes,0.0,0.0
74,shipping_buffer_boxes,0.0,0.0
75,shipping_buffer_boxes,0.0,0.0
76,shipping_buffer_boxes,0.0,0.0
77,shipping_buffer_boxes,0.0,0.0
78,shipping_buffer_boxes,0.0,0.0
79,shipping_buffer_boxes,0.0,0.0
80,shipping_buffer_boxes,0.0,0.0
81,shipping_buffer_boxes,0.0,0.0
82,shipping_buffer_boxes,0.0,0.0
83,shipping_buffer_boxes,3.0,6.0
84,shipping_buffer_boxes,3.5,7.0
85,shipping_buffer_boxes,0.0,0.0
86,shipping_buffer_boxes,0.0,0.0
87,shipping_buffer_boxes,0.0,0.0
88,shipping_buffer_boxes,0.0,0.0
89,shipping_buffer_boxes,0.0,0.0
90,shipping_buffer_boxes,0.0,0.0
91,shipping_buffer_boxes,0.0,0.0
92,shipping_buffer_boxes,2.0,4.0
93,shipping_buffer_boxes,3.0,6.0
94,shipping_buffer_boxes,0.0,0.0
95,shipping_buffer_boxes,0.0,0.0
96,shipping_buffer_boxes,0.0,0.0
97,shipping_buffer_boxes,15.0,23.0
98,shipping_buffer_boxes,5.0,9.0
99,shipping_buffer_boxes,2.0,4.0
100,shipping_buffer_boxes,0.5,1.0
101,shipping_buffer_boxes,3.0,6.0
102,shipping_buffer_boxes,0.0,0.0
103,shipping_buffer_boxes,0.0,0.0
104,shipping_buffer_boxes,0.0,0.0
105,shipping_buffer_boxes,0.0,0.0
106,shipping_buffer_boxes,0.0,0.0
107,shipping_buffer_boxes,0.0,0.0
108,shipping_buffer_boxes,0.0,0.0
109,shipping_buffer_boxes,0.0,0.0
110,shipping_buffer_boxes,0.0,0.0
111,shipping_buffer_boxes,0.0,0.0
112,shipping_buffer_boxes,0.0,0.0
113,shipping_buffer_boxes,0.0,0.0
114,shipping_buffer_boxes,0.0,0.0
115,shipping_buffer_boxes,0.0,0.0
116,shipping_buffer_boxes,0.0,0.0
117,shipping_buffer_boxes,0.0,0.0
118,shipping_buffer_boxes,0.0,0.0
119,shipping_buffer_boxes,0.0,0.0
120,shipping_buffer_boxes,0.0,0.0
121,shipping_buffer_boxes,2.5,5.0
122,shipping_buffer_boxes,0.0,0.0
123,shipping_buffer_boxes,0.0,0.0
124,shipping_buffer_boxes,0.0,0.0
125,shipping_buffer_boxes,0.0,0.0
126,shipping_buffer_boxes,5.0,10.0
127,shipping_buffer_boxes,6.0,10.0
128,shipping_buffer_boxes,0.0,0.0
129,shipping_buffer_boxes,0.0,0.0
130,shipping_buffer_boxes,0.0,0.0
131,shipping_buffer_boxes,0.0,0.0
132,shipping_buffer_boxes,0.0,0.0
133,shipping_buffer_boxes,0.0,0.0
134,shipping_buffer_boxes,0.0,0.0
135,shipping_buffer_boxes,0.0,0.0
136,shipping_buffer_boxes,0.0,0.0
137,shipping_buffer_boxes,0.0,0.0
138,shipping_buffer_boxes,0.0,0.0
139,shipping_buffer_boxes,0.0,0.0
140,shipping_buffer_boxes,0.0,0.0
141,shipping_buffer_boxes,0.0,0.0
142,shipping_buffer_boxes,0.0,0.0
143,shipping_buffer_boxes,0.0,0.0
144,shipping_buffer_boxes,0.0,0.0
145,shipping_buffer_boxes,1.5,3.0
146,shipping_buffer_boxes,1.0,2.0
147,shipping_buffer_boxes,0.5,1.0
148,shipping_buffer_boxes,0.0,0.0
149,shipping_buffer_boxes,0.0,0.0
150,shipping_buffer_boxes,0.0,0.0
151,shipping_buffer_boxes,0.0,0.0
152,shipping_buffer_boxes,0.0,0.0
153,shipping_buffer_boxes,0.0,0.0
154,shipping_buffer_boxes,0.0,0.0
155,shipping_buffer_boxes,0.0,0.0
156,shipping_buffer_boxes,0.0,0.0
157,shipping_buffer_boxes,0.0,0.0
158,shipping_buffer_boxes,0.0,0.0
159,shipping_buffer_boxes,1.5,3.0
160,shipping_buffer_boxes,0.0,0.0
161,shipping_buffer_boxes,0.0,0.0
162,shipping_buffer_boxes,0.0,0.0
163,shipping_buffer_boxes,0.0,0.0
164,shipping_buffer_boxes,1.5,3.0
165,shipping_buffer_boxes,1.0,2.0
166,shipping_buffer_boxes,0.0,0.0
167,shipping_buffer_boxes,0.0,0.0
168,shipping_buffer_boxes,0.0,0.0
169,shipping_buffer_boxes,0.0,0.0
170,shipping_buffer_boxes,0.0,0.0
171,shipping_buffer_boxes,0.0,0.0
172,shipping_buffer_boxes,0.0,0.0
173,shipping_buffer_boxes,0.0,0.0
174,shipping_buffer_boxes,0.0,0.0
175,shipping_buffer_boxes,0.0,0.0
176,shipping_buffer_boxes,0.0,0.0
177,shipping_buffer_boxes,0.0,0.0
178,shipping_buffer_boxes,0.0,0.0
179,shipping_buffer_boxes,0.0,0.0
180,shipping_buffer_boxes,0.0,0.0
181,shipping_buffer_boxes,0.0,0.0
182,shipping_buffer_boxes,0.0,0.0
183,shipping_buffer_boxes,0.0,0.0
184,shipping_buffer_boxes,0.0,0.0
185,shipping_buffer_boxes,0.0,0.0
186,shipping_buffer_boxes,0.0,0.0
187,shipping_buffer_boxes,0.0,0.0
188,shipping_buffer_boxes,0.0,0.0
189,shipping_buffer_boxes,0.0,0.0
190,shipping_buffer_boxes,0.0,0.0
191,shipping_buffer_boxes,0.0,0.0
192,shipping_buffer_boxes,0.0,0.0
193,shipping_buffer_boxes,0.0,0.0
194,shipping_buffer_boxes,0.0,0.0
195,shipping_buffer_boxes,0.0,0.0
196,shipping_buffer_boxes,0.0,0.0
197,shipping_buffer_boxes,0.0,0.0
198,shipping_buffer_boxes,0.0,0.0
199,shipping_buffer_boxes,0.0,0.0
200,shipping_buffer_boxes,0.0,0.0
201,shipping_buffer_boxes,2.0,4.0
202,shipping_buffer_boxes,1.5,3.0
203,shipping_buffer_boxes,0.0,0.0
204,shipping_buffer_boxes,0.0,0.0
205,shipping_buffer_boxes,0.0,0.0
206,shipping_buffer_boxes,0.0,0.0
207,shipping_buffer_boxes,1.0,2.0
208,shipping_buffer_boxes,1.5,2.0
209,shipping_buffer_boxes,0.0,0.0
210,shipping_buffer_boxes,0.0,0.0
211,shipping_buffer_boxes,0.0,0.0
212,shipping_buffer_boxes,0.0,0.0
213,shipping_buffer_boxes,4.5,9.0
214,shipping_buffer_boxes,11.5,14.0
215,shipping_buffer_boxes,0.0,0.0
216,shipping_buffer_boxes,0.0,0.0
217,shipping_buffer_boxes,0.0,0.0
218,shipping_buffer_boxes,0.0,0.0
219,shipping_buffer_boxes,0.0,0.0
220,shipping_buffer_boxes,0.0,0.0
221,shipping_buffer_boxes,0.0,0.0
222,shipping_buffer_boxes,0.0,0.0
223,shipping_buffer_boxes,0.0,0.0
224,shipping_buffer_boxes,0.0,0.0
225,shipping_buffer_boxes,0.0,0.0
226,shipping_buffer_boxes,7.0,13.0
227,shipping_buffer_boxes,1.5,3.0
228,shipping_buffer_boxes,0.0,0.0
229,shipping_buffer_boxes,0.0,0.0
230,shipping_buffer_boxes,0.0,0.0
231,shipping_buffer_boxes,0.0,0.0
232,shipping_buffer_boxes,0.0,0.0
233,shipping_buffer_boxes,0.0,0.0
234,shipping_buffer_boxes,0.0,0.0
235,shipping_buffer_boxes,0.0,0.0
236,shipping_buffer_boxes,0.0,0.0
237,shipping_buffer_boxes,0.0,0.0
238,shipping_buffer_boxes,0.0,0.0
239,shipping_buffer_boxes,0.0,0.0
240,shipping_buffer_boxes,1.0,2.0
241,shipping_buffer_boxes,0.5,1.0
242,shipping_buffer_boxes,0.0,0.0
243,shipping_buffer_boxes,0.0,0.0
244,shipping_buffer_boxes,0.0,0.0
245,shipping_buffer_boxes,0.0,0.0
246,shipping_buffer_boxes,0.0,0.0
247,shipping_buffer_boxes,0.0,0.0
248,shipping_buffer_boxes,0.0,0.0
249,shipping_buffer_boxes,0.0,0.0
250,shipping_buffer_boxes,0.0,0.0
251,shipping_buffer_boxes,0.0,0.0
252,shipping_buffer_boxes,0.0,0.0
253,shipping_buffer_boxes,0.0,0.0
254,shipping_buffer_boxes,0.0,0.0
255,shipping_buffer_boxes,0.0,0.0
256,shipping_buffer_boxes,0.0,0.0
257,shipping_buffer_boxes,0.0,0.0
258,shipping_buffer_boxes,0.0,0.0
259,shipping_buffer_boxes,10.5,13.0
260,shipping_buffer_boxes,1.0,2.0
261,shipping_buffer_boxes,0.0,0.0
262,shipping_buffer_boxes,0.0,0.0
263,shipping_buffer_boxes,0.0,0.0
264,shipping_buffer_boxes,2.0,4.0
265,shipping_buffer_boxes,0.0,0.0
266,shipping_buffer_boxes,0.0,0.0
267,shipping_buffer_boxes,0.0,0.0
268,shipping_buffer_boxes,0.0,0.0
269,shipping_buffer_boxes,0.0,0.0
270,shipping_buffer_boxes,0.0,0.0
271,shipping_buffer_boxes,1.0,2.0
272,shipping_buffer_boxes,0.0,0.0
273,shipping_buffer_boxes,0.0,0.0
274,shipping_buffer_boxes,0.0,0.0
275,shipping_buffer_boxes,0.0,0.0
276,shipping_buffer_boxes,0.0,0.0
277,shipping_buffer_boxes,2.0,4.0
278,shipping_buffer_boxes,0.0,0.0
279,shipping_buffer_boxes,0.0,0.0
280,shipping_buffer_boxes,0.5,1.0
281,shipping_buffer_boxes,0.0,0.0
282,shipping_buffer_boxes,6.0,12.0
283,shipping_buffer_boxes,0.0,0.0
284,shipping_buffer_boxes,0.0,0.0
285,shipping_buffer_boxes,0.0,0.0
286,shipping_buffer_boxes,0.0,0.0
287,shipping_buffer_boxes,0.0,0.0
288,shipping_buffer_boxes,0.5,1.0
289,shipping_buffer_boxes,0.0,0.0
290,shipping_buffer_boxes,1.5,3.0
291,shipping_buffer_boxes,0.5,1.0
292,shipping_buffer_boxes,1.0,2.0
293,shipping_buffer_boxes,3.5,7.0
294,shipping_buffer_boxes,0.0,0.0
295,shipping_buffer_boxes,0.0,0.0
296,shipping_buffer_boxes,0.0,0.0
297,shipping_buffer_boxes,0.0,0.0
298,shipping_buffer_boxes,0.0,0.0
299,shipping_buffer_boxes,0.0,0.0
300,shipping_buffer_boxes,0.0,0.0
301,shipping_buffer_boxes,0.0,0.0
302,shipping_buffer_boxes,0.0,0.0
303,shipping_buffer_boxes,0.0,0.0
304,shipping_buffer_boxes,0.0,0.0
305,shipping_buffer_boxes,0.0,0.0
306,shipping_buffer_boxes,0.0,0.0
307,shipping_buffer_boxes,0.0,0.0
308,shipping_buffer_boxes,0.0,0.0
309,shipping_buffer_boxes,2.0,4.0
310,shipping_buffer_boxes,0.0,0.0
311,shipping_buffer_boxes,0.0,0.0
312,shipping_buffer_boxes,0.0,0.0
313,shipping_buffer_boxes,0.0,0.0
314,shipping_buffer_boxes,5.0,10.0
315,shipping_buffer_boxes,0.0,0.0
316,shipping_buffer_boxes,0.0,0.0
317,shipping_buffer_boxes,0.0,0.0
318,shipping_buffer_boxes,0.0,0.0
319,shipping_buffer_boxes,3.5,7.0
320,shipping_buffer_boxes,9.0,18.0
321,shipping_buffer_boxes,0.0,0.0
322,shipping_buffer_boxes,0.0,0.0
323,shipping_buffer_boxes,0.0,0.0
324,shipping_buffer_boxes,9.0,11.0
325,shipping_buffer_boxes,0.0,0.0
326,shipping_buffer_boxes,0.0,0.0
327,shipping_buffer_boxes,0.0,0.0
328,shipping_buffer_boxes,0.0,0.0
329,shipping_buffer_boxes,0.0,0.0
330,shipping_buffer_boxes,0.0,0.0
331,shipping_buffer_boxes,0.0,0.0
332,shipping_buffer_boxes,0.0,0.0
333,shipping_buffer_boxes,0.0,0.0
334,shipping_buffer_boxes,0.0,0.0
335,shipping_buffer_boxes,0.0,0.0
336,shipping_buffer_boxes,0.0,0.0
337,shipping_buffer_boxes,0.0,0.0
338,shipping_buffer_boxes,1.0,2.0
339,shipping_buffer_boxes,0.0,0.0
340,shipping_buffer_boxes,0.0,0.0
341,shipping_buffer_boxes,0.0,0.0
342,shipping_buffer_boxes,0.0,0.0
343,shipping_buffer_boxes,0.0,0.0
344,shipping_buffer_boxes,0.0,0.0
345,shipping_buffer_boxes,0.0,0.0
346,shipping_buffer_boxes,0.0,0.0
347,shipping_buffer_boxes,0.0,0.0
348,shipping_buffer_boxes,0.0,0.0
349,shipping_buffer_boxes,0.0,0.0
350,shipping_buffer_boxes,0.0,0.0
351,shipping_buffer_boxes,0.0,0.0
352,shipping_buffer_boxes,0.0,0.0
353,shipping_buffer_boxes,0.0,0.0
354,shipping_buffer_boxes,0.0,0.0
355,shipping_buffer_boxes,0.0,0.0
356,shipping_buffer_boxes,0.0,0.0
357,shipping_buffer_boxes,0.0,0.0
358,shipping_buffer_boxes,3.5,7.0
359,shipping_buffer_boxes,4.5,9.0
360,shipping_buffer_boxes,0.0,0.0
361,shipping_buffer_boxes,0.0,0.0
362,shipping_buffer_boxes,0.0,0.0
363,shipping_buffer_boxes,0.0,0.0
364,shipping_buffer_boxes,1.0,2.0
365,shipping_buffer_boxes,0.0,0.0
366,shipping_buffer_boxes,0.0,0.0
367,shipping_buffer_boxes,0.0,0.0
368,shipping_buffer_boxes,0.0,0.0
369,shipping_buffer_boxes,0.5,1.0
370,shipping_buffer_boxes,0.0,0.0
371,shipping_buffer_boxes,0.0,0.0
372,shipping_buffer_boxes,0.0,0.0
373,shipping_buffer_boxes,0.0,0.0
374,shipping_buffer_boxes,0.0,0.0
375,shipping_buffer_boxes,3.0,6.0
376,shipping_buffer_boxes,0.0,0.0
377,shipping_buffer_boxes,0.0,0.0
378,shipping_buffer_boxes,0.0,0.0
379,shipping_buffer_boxes,0.0,0.0
380,shipping_buffer_boxes,0.0,0.0
381,shipping_buffer_boxes,1.5,3.0
382,shipping_buffer_boxes,1.5,3.0
383,shipping_buffer_boxes,0.0,0.0
384,shipping_buffer_boxes,0.0,0.0
385,shipping_buffer_boxes,0.0,0.0
386,shipping_buffer_boxes,0.0,0.0
387,shipping_buffer_boxes,0.0,0.0
388,shipping_buffer_boxes,0.0,0.0
389,shipping_buffer_boxes,0.0,0.0
390,shipping_buffer_boxes,0.0,0.0
391,shipping_buffer_boxes,0.0,0.0
392,shipping_buffer_boxes,0.0,0.0
393,shipping_buffer_boxes,0.0,0.0
394,shipping_buffer_boxes,0.0,0.0
395,shipping_buffer_boxes,0.0,0.0
396,shipping_buffer_boxes,0.0,0.0
397,shipping_buffer_boxes,0.0,0.0
398,shipping_buffer_boxes,0.0,0.0
399,shipping_buffer_boxes,0.0,0.0
400,shipping_buffer_boxes,0.0,0.0
401,shipping_buffer_boxes,0.0,0.0
402,shipping_buffer_boxes,0.0,0.0
403,shipping_buffer_boxes,0.0,0.0
404,shipping_buffer_boxes,0.0,0.0
405,shipping_buffer_boxes,0.0,0.0
406,shipping_buffer_boxes,0.0,0.0
407,shipping_buffer_boxes,0.0,0.0
408,shipping_buffer_boxes,0.0,0.0
409,shipping_buffer_boxes,0.0,0.0
410,shipping_buffer_boxes,0.0,0.0
411,shipping_buffer_boxes,2.0,4.0
412,shipping_buffer_boxes,0.0,0.0
413,shipping_buffer_boxes,0.0,0.0
414,shipping_buffer_boxes,0.0,0.0
415,shipping_buffer_boxes,0.0,0.0
416,shipping_buffer_boxes,0.0,0.0
417,shipping_buffer_boxes,0.0,0.0
418,shipping_buffer_boxes,0.0,0.0
419,shipping_buffer_boxes,0.0,0.0
420,shipping_buffer_boxes,0.0,0.0
421,shipping_buffer_boxes,0.0,0.0
422,shipping_buffer_boxes,7.0,12.0
423,shipping_buffer_boxes,0.5,1.0
424,shipping_buffer_boxes,0.0,0.0
425,shipping_buffer_boxes,0.0,0.0
426,shipping_buffer_boxes,0.0,0.0
427,shipping_buffer_boxes,0.0,0.0
428,shipping_buffer_boxes,0.0,0.0
429,shipping_buffer_boxes,2.5,5.0
430,shipping_buffer_boxes,0.0,0.0
431,shipping_buffer_boxes,0.0,0.0
432,shipping_buffer_boxes,0.0,0.0
433,shipping_buffer_boxes,0.0,0.0
434,shipping_buffer_boxes,0.0,0.0
435,shipping_buffer_boxes,0.0,0.0
436,shipping_buffer_boxes,0.0,0.0
437,shipping_buffer_boxes,0.0,0.0
438,shipping_buffer_boxes,0.0,0.0
439,shipping_buffer_boxes,0.0,0.0
440,shipping_buffer_boxes,0.0,0.0
441,shipping_buffer_boxes,0.0,0.0
442,shipping_buffer_boxes,0.0,0.0
443,shipping_buffer_boxes,0.0,0.0
444,shipping_buffer_boxes,2.5,5.0
445,shipping_buffer_boxes,0.0,0.0
446,shipping_buffer_boxes,0.5,1.0
447,shipping_buffer_boxes,0.0,0.0
448,shipping_buffer_boxes,0.0,0.0
449,shipping_buffer_boxes,0.0,0.0
450,shipping_buffer_boxes,0.0,0.0
451,shipping_buffer_boxes,0.0,0.0
452,shipping_buffer_boxes,0.0,0.0
453,shipping_buffer_boxes,0.0,0.0
454,shipping_buffer_boxes,0.5,1.0
455,shipping_buffer_boxes,0.0,0.0
456,shipping_buffer_boxes,0.0,0.0
457,shipping_buffer_boxes,0.0,0.0
458,shipping_buffer_boxes,0.0,0.0
459,shipping_buffer_boxes,0.0,0.0
460,shipping_buffer_boxes,5.5,11.0
461,shipping_buffer_boxes,1.5,3.0
462,shipping_buffer_boxes,0.0,0.0
463,shipping_buffer_boxes,0.0,0.0
464,shipping_buffer_boxes,0.0,0.0
465,shipping_buffer_boxes,0.0,0.0
466,shipping_buffer_boxes,0.0,0.0
467,shipping_buffer_boxes,0.0,0.0
468,shipping_buffer_boxes,0.0,0.0
469,shipping_buffer_boxes,0.0,0.0
470,shipping_buffer_boxes,0.0,0.0
471,shipping_buffer_boxes,0.5,1.0
472,shipping_buffer_boxes,0.0,0.0
473,shipping_buffer_boxes,0.0,0.0
474,shipping_buffer_boxes,0.0,0.0
475,shipping_buffer_boxes,0.0,0.0
476,shipping_buffer_boxes,0.0,0.0
477,shipping_buffer_boxes,0.0,0.0
478,shipping_buffer_boxes,0.0,0.0
479,shipping_buffer_boxes,0.0,0.0
480,shipping_buffer_boxes,0.0,0.0
481,shipping_buffer_boxes,0.5,1.0
482,shipping_buffer_boxes,1.0,2.0
483,shipping_buffer_boxes,0.0,0.0
484,shipping_buffer_boxes,0.0,0.0
485,shipping_buffer_boxes,0.5,1.0
486,shipping_buffer_boxes,4.0,5.0
487,shipping_buffer_boxes,0.0,0.0
488,shipping_buffer_boxes,0.0,0.0
489,shipping_buffer_boxes,0.0,0.0
490,shipping_buffer_boxes,0.0,0.0
491,shipping_buffer_boxes,0.0,0.0
492,shipping_buffer_boxes,0.0,0.0
493,shipping_buffer_boxes,2.5,5.0
494,shipping_buffer_boxes,0.0,0.0
495,shipping_buffer_boxes,0.0,0.0
496,shipping_buffer_boxes,0.0,0.0
497,shipping_buffer_boxes,0.0,0.0
498,shipping_buffer_boxes,0.5,1.0
499,shipping_buffer_boxes,0.0,0.0
500,shipping_buffer_boxes,0.0,0.0
501,shipping_buffer_boxes,10.0,16.0
502,shipping_buffer_boxes,0.0,0.0
503,shipping_buffer_boxes,0.0,0.0
504,shipping_buffer_boxes,0.0,0.0
505,shipping_buffer_boxes,0.0,0.0
506,shipping_buffer_boxes,0.0,0.0
507,shipping_buffer_boxes,0.0,0.0
508,shipping_buffer_boxes,0.0,0.0
509,shipping_buffer_boxes,0.0,0.0
510,shipping_buffer_boxes,0.0,0.0
511,shipping_buffer_boxes,0.5,1.0
512,shipping_buffer_boxes,0.0,0.0
513,shipping_buffer_boxes,0.0,0.0
514,shipping_buffer_boxes,0.0,0.0
515,shipping_buffer_boxes,0.0,0.0
516,shipping_buffer_boxes,0.0,0.0
517,shipping_buffer_boxes,0.0,0.0
518,shipping_buffer_boxes,0.0,0.0
519,shipping_buffer_boxes,0.0,0.0
520,shipping_buffer_boxes,0.0,0.0
521,shipping_buffer_boxes,0.0,0.0
522,shipping_buffer_boxes,0.0,0.0
523,shipping_buffer_boxes,0.0,0.0
524,shipping_buffer_boxes,0.0,0.0
525,shipping_buffer_boxes,0.0,0.0
526,shipping_buffer_boxes,0.0,0.0
527,shipping_buffer_boxes,0.0,0.0
528,shipping_buffer_boxes,0.0,0.0
529,shipping_buffer_boxes,3.0,6.0
530,shipping_buffer_boxes,0.0,0.0
531,shipping_buffer_boxes,0.0,0.0
532,shipping_buffer_boxes,1.0,2.0
533,shipping_buffer_boxes,0.5,1.0
534,shipping_buffer_boxes,2.0,4.0
535,shipping_buffer_boxes,0.0,0.0
536,shipping_buffer_boxes,0.0,0.0
537,shipping_buffer_boxes,0.0,0.0
538,shipping_buffer_boxes,0.0,0.0
539,shipping_buffer_boxes,6.5,13.0
540,shipping_buffer_boxes,0.0,0.0
541,shipping_buffer_boxes,0.0,0.0
542,shipping_buffer_boxes,0.0,0.0
543,shipping_buffer_boxes,0.0,0.0
544,shipping_buffer_boxes,0.0,0.0
545,shipping_buffer_boxes,0.0,0.0
546,shipping_buffer_boxes,2.0,4.0
547,shipping_buffer_boxes,0.0,0.0
548,shipping_buffer_boxes,0.0,0.0
549,shipping_buffer_boxes,0.0,0.0
550,shipping_buffer_boxes,0.0,0.0
551,shipping_buffer_boxes,0.0,0.0
552,shipping_buffer_boxes,0.0,0.0
553,shipping_buffer_boxes,0.0,0.0
554,shipping_buffer_boxes,0.0,0.0
555,shipping_buffer_boxes,0.0,0.0
556,shipping_buffer_boxes,12.0,24.0
557,shipping_buffer_boxes,0.0,0.0
558,shipping_buffer_boxes,0.0,0.0
559,shipping_buffer_boxes,0.0,0.0
560,shipping_buffer_boxes,1.5,3.0
561,shipping_buffer_boxes,0.0,0.0
562,shipping_buffer_boxes,0.0,0.0
563,shipping_buffer_boxes,0.0,0.0
564,shipping_buffer_boxes,0.0,0.0
565,shipping_buffer_boxes,0.0,0.0
566,shipping_buffer_boxes,0.0,0.0
567,shipping_buffer_boxes,0.0,0.0
568,shipping_buffer_boxes,0.0,0.0
569,shipping_buffer_boxes,0.0,0.0
570,shipping_buffer_boxes,0.0,0.0
571,shipping_buffer_boxes,0.0,0.0
572,shipping_buffer_boxes,0.0,0.0
573,shipping_buffer_boxes,1.5,3.0
574,shipping_buffer_boxes,0.0,0.0
575,shipping_buffer_boxes,0.0,0.0
576,shipping_buffer_boxes,0.0,0.0
577,shipping_buffer_boxes,0.0,0.0
578,shipping_buffer_boxes,0.0,0.0
579,shipping_buffer_boxes,0.0,0.0
580,shipping_buffer_boxes,0.0,0.0
581,shipping_buffer_boxes,0.0,0.0
582,shipping_buffer_boxes,7.0,14.0
583,shipping_buffer_boxes,0.0,0.0
584,shipping_buffer_boxes,0.0,0.0
585,shipping_buffer_boxes,0.0,0.0
586,shipping_buffer_boxes,0.0,0.0
587,shipping_buffer_boxes,0.0,0.0
588,shipping_buffer_boxes,0.0,0.0
589,shipping_buffer_boxes,0.0,0.0
590,shipping_buffer_boxes,0.0,0.0
591,shipping_buffer_boxes,0.0,0.0
592,shipping_buffer_boxes,0.0,0.0
593,shipping_buffer_boxes,0.5,1.0
594,shipping_buffer_boxes,0.0,0.0
595,shipping_buffer_boxes,0.0,0.0
596,shipping_buffer_boxes,0.0,0.0
597,shipping_buffer_boxes,0.0,0.0
598,shipping_buffer_boxes,0.0,0.0
599,shipping_buffer_boxes,0.0,0.0
600,shipping_buffer_boxes,0.0,0.0
601,shipping_buffer_boxes,0.0,0.0
602,shipping_buffer_boxes,0.0,0.0
603,shipping_buffer_boxes,0.0,0.0
604,shipping_buffer_boxes,0.0,0.0
605,shipping_buffer_boxes,0.0,0.0
606,shipping_buffer_boxes,0.0,0.0
607,shipping_buffer_boxes,0.0,0.0
608,shipping_buffer_boxes,3.5,7.0
609,shipping_buffer_boxes,8.0,14.0
610,shipping_buffer_boxes,0.0,0.0
611,shipping_buffer_boxes,0.0,0.0
612,shipping_buffer_boxes,0.0,0.0
613,shipping_buffer_boxes,0.0,0.0
614,shipping_buffer_boxes,0.0,0.0
615,shipping_buffer_boxes,0.0,0.0
616,shipping_buffer_boxes,0.5,1.0
617,shipping_buffer_boxes,0.0,0.0
618,shipping_buffer_boxes,0.0,0.0
619,shipping_buffer_boxes,0.0,0.0
620,shipping_buffer_boxes,0.0,0.0
621,shipping_buffer_boxes,0.0,0.0
622,shipping_buffer_boxes,0.0,0.0
623,shipping_buffer_boxes,0.0,0.0
624,shipping_buffer_boxes,0.0,0.0
625,shipping_buffer_boxes,0.0,0.0
626,shipping_buffer_boxes,0.0,0.0
627,shipping_buffer_boxes,0.0,0.0
628,shipping_buffer_boxes,0.0,0.0
629,shipping_buffer_boxes,0.0,0.0
630,shipping_buffer_boxes,0.0,0.0
631,shipping_buffer_boxes,0.0,0.0
632,shipping_buffer_boxes,0.0,0.0
633,shipping_buffer_boxes,2.0,4.0
634,shipping_buffer_boxes,0.0,0.0
635,shipping_buffer_boxes,0.0,0.0
636,shipping_buffer_boxes,0.0,0.0
637,shipping_buffer_boxes,1.0,2.0
638,shipping_buffer_boxes,0.0,0.0
639,shipping_buffer_boxes,0.0,0.0
640,shipping_buffer_boxes,0.0,0.0
641,shipping_buffer_boxes,0.0,0.0
642,shipping_buffer_boxes,0.0,0.0
643,shipping_buffer_boxes,0.0,0.0
644,shipping_buffer_boxes,0.0,0.0
645,shipping_buffer_boxes,0.0,0.0
646,shipping_buffer_boxes,0.0,0.0
647,shipping_buffer_boxes,0.0,0.0
648,shipping_buffer_boxes,0.0,0.0
649,shipping_buffer_boxes,0.0,0.0
650,shipping_buffer_boxes,0.0,0.0
651,shipping_buffer_boxes,0.0,0.0
652,shipping_buffer_boxes,0.0,0.0
653,shipping_buffer_boxes,0.0,0.0
654,shipping_buffer_boxes,0.0,0.0
655,shipping_buffer_boxes,7.0,12.0
656,shipping_buffer_boxes,0.0,0.0
657,shipping_buffer_boxes,0.0,0.0
658,shipping_buffer_boxes,0.0,0.0
659,shipping_buffer_boxes,7.0,14.0
660,shipping_buffer_boxes,0.5,1.0
661,shipping_buffer_boxes,0.0,0.0
662,shipping_buffer_boxes,0.0,0.0
663,shipping_buffer_boxes,0.0,0.0
664,shipping_buffer_boxes,3.5,7.0
665,shipping_buffer_boxes,0.0,0.0
666,shipping_buffer_boxes,0.0,0.0
667,shipping_buffer_boxes,0.0,0.0
668,shipping_buffer_boxes,0.0,0.0
669,shipping_buffer_boxes,0.5,1.0
670,shipping_buffer_boxes,4.5,8.0
671,shipping_buffer_boxes,6.0,10.0
672,shipping_buffer_boxes,0.0,0.0
673,shipping_buffer_boxes,0.0,0.0
674,shipping_buffer_boxes,0.0,0.0
675,shipping_buffer_boxes,4.0,8.0
676,shipping_buffer_boxes,0.5,1.0
677,shipping_buffer_boxes,0.0,0.0
678,shipping_buffer_boxes,0.5,1.0
679,shipping_buffer_boxes,0.0,0.0
680,shipping_buffer_boxes,2.0,4.0
681,shipping_buffer_boxes,0.0,0.0
682,shipping_buffer_boxes,0.5,1.0
683,shipping_buffer_boxes,0.0,0.0
684,shipping_buffer_boxes,0.0,0.0
685,shipping_buffer_boxes,0.0,0.0
686,shipping_buffer_boxes,0.0,0.0
687,shipping_buffer_boxes,0.0,0.0
688,shipping_buffer_boxes,0.0,0.0
689,shipping_buffer_boxes,0.0,0.0
690,shipping_buffer_boxes,0.0,0.0
691,shipping_buffer_boxes,0.0,0.0
692,shipping_buffer_boxes,0.0,0.0
693,shipping_buffer_boxes,0.0,0.0
694,shipping_buffer_boxes,0.0,0.0
695,shipping_buffer_boxes,0.0,0.0
696,shipping_buffer_boxes,0.5,1.0
697,shipping_buffer_boxes,0.0,0.0
698,shipping_buffer_boxes,0.0,0.0
699,shipping_buffer_boxes,0.0,0.0
700,shipping_buffer_boxes,0.0,0.0
701,shipping_buffer_boxes,0.0,0.0
702,shipping_buffer_boxes,0.0,0.0
703,shipping_buffer_boxes,0.0,0.0
704,shipping_buffer_boxes,0.0,0.0
705,shipping_buffer_boxes,0.0,0.0
706,shipping_buffer_boxes,0.0,0.0
707,shipping_buffer_boxes,0.0,0.0
708,shipping_buffer_boxes,0.0,0.0
709,shipping_buffer_boxes,0.0,0.0
710,shipping_buffer_boxes,0.0,0.0
711,shipping_buffer_boxes,0.0,0.0
712,shipping_buffer_boxes,0.0,0.0
713,shipping_buffer_boxes,0.0,0.0
714,shipping_buffer_boxes,0.0,0.0
715,shipping_buffer_boxes,3.5,7.0
716,shipping_buffer_boxes,0.0,0.0
717,shipping_buffer_boxes,0.0,0.0
718,shipping_buffer_boxes,0.0,0.0
719,shipping_buffer_boxes,0.0,0.0
720,shipping_buffer_boxes,0.0,0.0
721,shipping_buffer_boxes,0.5,1.0
722,shipping_buffer_boxes,0.0,0.0
723,shipping_buffer_boxes,0.0,0.0
724,shipping_buffer_boxes,0.0,0.0
725,shipping_buffer_boxes,0.0,0.0
726,shipping_buffer_boxes,10.0,20.0
727,shipping_buffer_boxes,3.0,6.0
728,shipping_buffer_boxes,0.0,0.0
729,shipping_buffer_boxes,0.0,0.0
730,shipping_buffer_boxes,0.0,0.0
731,shipping_buffer_boxes,0.0,0.0
732,shipping_buffer_boxes,0.0,0.0
733,shipping_buffer_boxes,0.0,0.0
734,shipping_buffer_boxes,0.0,0.0
735,shipping_buffer_boxes,0.0,0.0
736,shipping_buffer_boxes,0.0,0.0
737,shipping_buffer_boxes,0.0,0.0
738,shipping_buffer_boxes,0.0,0.0
739,shipping_buffer_boxes,0.0,0.0
740,shipping_buffer_boxes,0.0,0.0
741,shipping_buffer_boxes,0.0,0.0
742,shipping_buffer_boxes,0.0,0.0
743,shipping_buffer_boxes,0.0,0.0
744,shipping_buffer_boxes,4.0,8.0
745,shipping_buffer_boxes,7.0,13.0
746,shipping_buffer_boxes,0.0,0.0
747,shipping_buffer_boxes,0.0,0.0
748,shipping_buffer_boxes,0.0,0.0
749,shipping_buffer_boxes,0.0,0.0
750,shipping_buffer_boxes,0.0,0.0
751,shipping_buffer_boxes,0.0,0.0
752,shipping_buffer_boxes,0.0,0.0
753,shipping_buffer_boxes,0.0,0.0
754,shipping_buffer_boxes,0.0,0.0
755,shipping_buffer_boxes,0.0,0.0
756,shipping_buffer_boxes,0.0,0.0
757,shipping_buffer_boxes,0.0,0.0
758,shipping_buffer_boxes,0.0,0.0
759,shipping_buffer_boxes,0.0,0.0
760,shipping_buffer_boxes,0.0,0.0
761,shipping_buffer_boxes,0.0,0.0
762,shipping_buffer_boxes,0.5,1.0
763,shipping_buffer_boxes,0.0,0.0
764,shipping_buffer_boxes,0.0,0.0
765,shipping_buffer_boxes,0.0,0.0
766,shipping_buffer_boxes,0.0,0.0
767,shipping_buffer_boxes,0.0,0.0
768,shipping_buffer_boxes,0.0,0.0
769,shipping_buffer_boxes,0.0,0.0
770,shipping_buffer_boxes,0.0,0.0
771,shipping_buffer_boxes,0.0,0.0
772,shipping_buffer_boxes,0.0,0.0
773,shipping_buffer_boxes,0.0,0.0
774,shipping_buffer_boxes,0.0,0.0
775,shipping_buffer_boxes,0.0,0.0
776,shipping_buffer_boxes,0.0,0.0
777,shipping_buffer_boxes,0.0,0.0
778,shipping_buffer_boxes,0.0,0.0
779,shipping_buffer_boxes,0.0,0.0
780,shipping_buffer_boxes,0.0,0.0
781,shipping_buffer_boxes,0.0,0.0
782,shipping_buffer_boxes,0.0,0.0
783,shipping_buffer_boxes,0.0,0.0
784,shipping_buffer_boxes,0.0,0.0
785,shipping_buffer_boxes,1.5,3.0
786,shipping_buffer_boxes,0.0,0.0
787,shipping_buffer_boxes,0.0,0.0
788,shipping_buffer_boxes,0.0,0.0
789,shipping_buffer_boxes,9.5,16.0
790,shipping_buffer_boxes,0.0,0.0
791,shipping_buffer_boxes,0.0,0.0
792,shipping_buffer_boxes,0.0,0.0
793,shipping_buffer_boxes,0.0,0.0
794,shipping_buffer_boxes,0.5,1.0
795,shipping_buffer_boxes,0.0,0.0
796,shipping_buffer_boxes,0.0,0.0
797,shipping_buffer_boxes,0.0,0.0
798,shipping_buffer_boxes,0.0,0.0
799,shipping_buffer_boxes,0.0,0.0
800,shipping_buffer_boxes,0.0,0.0
801,shipping_buffer_boxes,5.0,10.0
802,shipping_buffer_boxes,5.0,10.0
803,shipping_buffer_boxes,7.0,14.0
804,shipping_buffer_boxes,0.0,0.0
805,shipping_buffer_boxes,0.0,0.0
806,shipping_buffer_boxes,0.0,0.0
807,shipping_buffer_boxes,0.0,0.0
808,shipping_buffer_boxes,0.0,0.0
809,shipping_buffer_boxes,0.0,0.0
810,shipping_buffer_boxes,0.0,0.0
811,shipping_buffer_boxes,0.0,0.0
812,shipping_buffer_boxes,0.0,0.0
813,shipping_buffer_boxes,0.0,0.0
814,shipping_buffer_boxes,0.0,0.0
815,shipping_buffer_boxes,0.0,0.0
816,shipping_buffer_boxes,0.0,0.0
817,shipping_buffer_boxes,1.0,2.0
818,shipping_buffer_boxes,0.0,0.0
819,shipping_buffer_boxes,0.0,0.0
820,shipping_buffer_boxes,0.0,0.0
821,shipping_buffer_boxes,0.0,0.0
822,shipping_buffer_boxes,0.0,0.0
823,shipping_buffer_boxes,0.0,0.0
824,shipping_buffer_boxes,1.5,3.0
825,shipping_buffer_boxes,3.5,7.0
826,shipping_buffer_boxes,0.0,0.0
827,shipping_buffer_boxes,0.0,0.0
828,shipping_buffer_boxes,0.0,0.0
829,shipping_buffer_boxes,0.0,0.0
830,shipping_buffer_boxes,3.0,6.0
831,shipping_buffer_boxes,0.0,0.0
832,shipping_buffer_boxes,0.0,0.0
833,shipping_buffer_boxes,0.0,0.0
834,shipping_buffer_boxes,0.0,0.0
835,shipping_buffer_boxes,0.0,0.0
836,shipping_buffer_boxes,0.0,0.0
837,shipping_buffer_boxes,0.0,0.0
838,shipping_buffer_boxes,0.0,0.0
839,shipping_buffer_boxes,0.5,1.0
840,shipping_buffer_boxes,0.0,0.0
841,shipping_buffer_boxes,0.0,0.0
842,shipping_buffer_boxes,0.0,0.0
843,shipping_buffer_boxes,0.0,0.0
844,shipping_buffer_boxes,0.0,0.0
845,shipping_buffer_boxes,0.0,0.0
846,shipping_buffer_boxes,0.0,0.0
847,shipping_buffer_boxes,0.0,0.0
848,shipping_buffer_boxes,0.0,0.0
849,shipping_buffer_boxes,0.0,0.0
850,shipping_buffer_boxes,0.0,0.0
851,shipping_buffer_boxes,0.0,0.0
852,shipping_buffer_boxes,0.0,0.0
853,shipping_buffer_boxes,0.0,0.0
854,shipping_buffer_boxes,0.0,0.0
855,shipping_buffer_boxes,0.0,0.0
856,shipping_buffer_boxes,0.0,0.0
857,shipping_buffer_boxes,0.0,0.0
858,shipping_buffer_boxes,0.0,0.0
859,shipping_buffer_boxes,1.5,3.0
860,shipping_buffer_boxes,0.0,0.0
861,shipping_buffer_boxes,0.0,0.0
862,shipping_buffer_boxes,3.0,6.0
863,shipping_buffer_boxes,0.0,0.0
864,shipping_buffer_boxes,0.0,0.0
865,shipping_buffer_boxes,0.0,0.0
866,shipping_buffer_boxes,0.0,0.0
867,shipping_buffer_boxes,0.0,0.0
868,shipping_buffer_boxes,0.0,0.0
869,shipping_buffer_boxes,0.0,0.0
870,shipping_buffer_boxes,0.0,0.0
871,shipping_buffer_boxes,0.0,0.0
872,shipping_buffer_boxes,0.0,0.0
873,shipping_buffer_boxes,0.0,0.0
874,shipping_buffer_boxes,0.0,0.0
875,shipping_buffer_boxes,0.0,0.0
876,shipping_buffer_boxes,0.0,0.0
877,shipping_buffer_boxes,0.0,0.0
878,shipping_buffer_boxes,0.0,0.0
879,shipping_buffer_boxes,0.0,0.0
880,shipping_buffer_boxes,0.0,0.0
881,shipping_buffer_boxes,0.0,0.0
882,shipping_buffer_boxes,0.0,0.0
883,shipping_buffer_boxes,0.0,0.0
884,shipping_buffer_boxes,0.0,0.0
885,shipping_buffer_boxes,0.0,0.0
886,shipping_buffer_boxes,0.0,0.0
887,shipping_buffer_boxes,0.0,0.0
888,shipping_buffer_boxes,0.0,0.0
889,shipping_buffer_boxes,0.0,0.0
890,shipping_buffer_boxes,0.0,0.0
891,shipping_buffer_boxes,0.0,0.0
892,shipping_buffer_boxes,0.0,0.0
893,shipping_buffer_boxes,0.0,0.0
894,shipping_buffer_boxes,1.0,2.0
895,shipping_buffer_boxes,0.0,0.0
896,shipping_buffer_boxes,0.0,0.0
897,shipping_buffer_boxes,0.0,0.0
898,shipping_buffer_boxes,0.0,0.0
899,shipping_buffer_boxes,0.0,0.0
900,shipping_buffer_boxes,0.0,0.0
901,shipping_buffer_boxes,0.0,0.0
902,shipping_buffer_boxes,0.0,0.0
903,shipping_buffer_boxes,0.0,0.0
904,shipping_buffer_boxes,0.0,0.0
905,shipping_buffer_boxes,0.0,0.0
906,shipping_buffer_boxes,0.0,0.0
907,shipping_buffer_boxes,0.0,0.0
908,shipping_buffer_boxes,0.0,0.0
909,shipping_buffer_boxes,0.0,0.0
910,shipping_buffer_boxes,0.0,0.0
911,shipping_buffer_boxes,0.0,0.0
912,shipping_buffer_boxes,0.0,0.0
913,shipping_buffer_boxes,0.0,0.0
914,shipping_buffer_boxes,0.5,1.0
915,shipping_buffer_boxes,0.0,0.0
916,shipping_buffer_boxes,0.0,0.0
917,shipping_buffer_boxes,0.0,0.0
918,shipping_buffer_boxes,0.0,0.0
919,shipping_buffer_boxes,0.0,0.0
920,shipping_buffer_boxes,0.0,0.0
921,shipping_buffer_boxes,1.5,3.0
922,shipping_buffer_boxes,0.0,0.0
923,shipping_buffer_boxes,0.0,0.0
924,shipping_buffer_boxes,0.0,0.0
925,shipping_buffer_boxes,0.0,0.0
926,shipping_buffer_boxes,0.0,0.0
927,shipping_buffer_boxes,0.0,0.0
928,shipping_buffer_boxes,0.0,0.0
929,shipping_buffer_boxes,0.0,0.0
930,shipping_buffer_boxes,0.0,0.0
931,shipping_buffer_boxes,0.0,0.0
932,shipping_buffer_boxes,0.0,0.0
933,shipping_buffer_boxes,0.0,0.0
934,shipping_buffer_boxes,0.5,1.0
935,shipping_buffer_boxes,0.0,0.0
936,shipping_buffer_boxes,0.0,0.0
937,shipping_buffer_boxes,0.0,0.0
938,shipping_buffer_boxes,0.5,1.0
939,shipping_buffer_boxes,0.0,0.0
940,shipping_buffer_boxes,0.0,0.0
941,shipping_buffer_boxes,0.0,0.0
942,shipping_buffer_boxes,0.0,0.0
943,shipping_buffer_boxes,0.0,0.0
944,shipping_buffer_boxes,4.0,8.0
945,shipping_buffer_boxes,0.0,0.0
946,shipping_buffer_boxes,3.0,6.0
947,shipping_buffer_boxes,0.0,0.0
948,shipping_buffer_boxes,0.0,0.0
949,shipping_buffer_boxes,0.0,0.0
950,shipping_buffer_boxes,0.0,0.0
951,shipping_buffer_boxes,0.0,0.0
952,shipping_buffer_boxes,0.0,0.0
953,shipping_buffer_boxes,0.0,0.0
954,shipping_buffer_boxes,4.0,8.0
955,shipping_buffer_boxes,1.0,2.0
956,shipping_buffer_boxes,0.0,0.0
957,shipping_buffer_boxes,0.0,0.0
958,shipping_buffer_boxes,0.0,0.0
959,shipping_buffer_boxes,0.0,0.0
960,shipping_buffer_boxes,0.0,0.0
961,shipping_buffer_boxes,0.0,0.0
962,shipping_buffer_boxes,0.0,0.0
963,shipping_buffer_boxes,0.0,0.0
964,shipping_buffer_boxes,0.0,0.0
965,shipping_buffer_boxes,0.0,0.0
966,shipping_buffer_boxes,0.0,0.0
967,shipping_buffer_boxes,0.0,0.0
968,shipping_buffer_boxes,0.0,0.0
969,shipping_buffer_boxes,0.0,0.0
970,shipping_buffer_boxes,0.0,0.0
971,shipping_buffer_boxes,3.5,6.0
972,shipping_buffer_boxes,0.0,0.0
973,shipping_buffer_boxes,0.0,0.0
974,shipping_buffer_boxes,0.0,0.0
975,shipping_buffer_boxes,6.0,12.0
976,shipping_buffer_boxes,0.0,0.0
977,shipping_buffer_boxes,0.0,0.0
978,shipping_buffer_boxes,0.0,0.0
979,shipping_buffer_boxes,0.0,0.0
980,shipping_buffer_boxes,0.0,0.0
981,shipping_buffer_boxes,5.5,11.0
982,shipping_buffer_boxes,0.0,0.0
983,shipping_buffer_boxes,0.0,0.0
984,shipping_buffer_boxes,0.0,0.0
985,shipping_buffer_boxes,0.0,0.0
986,shipping_buffer_boxes,0.0,0.0
987,shipping_buffer_boxes,2.5,5.0
988,shipping_buffer_boxes,0.0,0.0
989,shipping_buffer_boxes,0.0,0.0
990,shipping_buffer_boxes,0.0,0.0
991,shipping_buffer_boxes,0.0,0.0
992,shipping_buffer_boxes,0.0,0.0
993,shipping_buffer_boxes,2.5,5.0
994,shipping_buffer_boxes,0.0,0.0
995,shipping_buffer_boxes,0.0,0.0
996,shipping_buffer_boxes,0.0,0.0
997,shipping_buffer_boxes,0.0,0.0
998,shipping_buffer_boxes,0.0,0.0
999,shipping_buffer_boxes,0.0,0.0
1000,shipping_buffer_boxes,0.0,0.0
1001,shipping_buffer_boxes,0.0,0.0
1002,shipping_buffer_boxes,0.0,0.0
1003,shipping_buffer_boxes,0.0,0.0
1004,shipping_buffer_boxes,0.0,0.0
1005,shipping_buffer_boxes,0.0,0.0
1006,shipping_buffer_boxes,2.0,4.0
1007,shipping_buffer_boxes,0.0,0.0
1008,shipping_buffer_boxes,0.0,0.0
1009,shipping_buffer_boxes,0.0,0.0
1010,shipping_buffer_boxes,0.0,0.0
1011,shipping_buffer_boxes,0.0,0.0
1012,shipping_buffer_boxes,0.0,0.0
1013,shipping_buffer_boxes,0.0,0.0
1014,shipping_buffer_boxes,0.0,0.0
1015,shipping_buffer_boxes,0.0,0.0
1016,shipping_buffer_boxes,0.0,0.0
1017,shipping_buffer_boxes,0.0,0.0
1018,shipping_buffer_boxes,0.0,0.0
1019,shipping_buffer_boxes,0.0,0.0
1020,shipping_buffer_boxes,0.0,0.0
1021,shipping_buffer_boxes,0.5,1.0
1022,shipping_buffer_boxes,0.0,0.0
1023,shipping_buffer_boxes,0.0,0.0
1024,shipping_buffer_boxes,0.0,0.0
1025,shipping_buffer_boxes,0.0,0.0
1026,shipping_buffer_boxes,0.0,0.0
1027,shipping_buffer_boxes,0.0,0.0
1028,shipping_buffer_boxes,0.0,0.0
1029,shipping_buffer_boxes,0.0,0.0
1030,shipping_buffer_boxes,0.0,0.0
1031,shipping_buffer_boxes,0.0,0.0
1032,shipping_buffer_boxes,0.0,0.0
1033,shipping_buffer_boxes,0.0,0.0
1034,shipping_buffer_boxes,0.5,1.0
1035,shipping_buffer_boxes,15.5,31.0
1036,shipping_buffer_boxes,9.0,17.0
1037,shipping_buffer_boxes,0.0,0.0
1038,shipping_buffer_boxes,0.0,0.0
1039,shipping_buffer_boxes,0.0,0.0
1040,shipping_buffer_boxes,0.0,0.0
1041,shipping_buffer_boxes,0.0,0.0
1042,shipping_buffer_boxes,0.0,0.0
1043,shipping_buffer_boxes,1.5,3.0
1044,shipping_buffer_boxes,0.0,0.0
1045,shipping_buffer_boxes,0.0,0.0
1046,shipping_buffer_boxes,0.0,0.0
1047,shipping_buffer_boxes,0.0,0.0
1048,shipping_buffer_boxes,0.0,0.0
1049,shipping_buffer_boxes,0.0,0.0
1050,shipping_buffer_boxes,0.0,0.0
1051,shipping_buffer_boxes,1.0,2.0
1052,shipping_buffer_boxes,0.0,0.0
1053,shipping_buffer_boxes,0.0,0.0
1054,shipping_buffer_boxes,0.0,0.0
1055,shipping_buffer_boxes,0.0,0.0
1056,shipping_buffer_boxes,0.0,0.0
1057,shipping_buffer_boxes,0.0,0.0
1058,shipping_buffer_boxes,0.0,0.0
1059,shipping_buffer_boxes,0.5,1.0
1060,shipping_buffer_boxes,0.0,0.0
1061,shipping_buffer_boxes,2.0,4.0
1062,shipping_buffer_boxes,0.0,0.0
1063,shipping_buffer_boxes,0.0,0.0
1064,shipping_buffer_boxes,0.0,0.0
1065,shipping_buffer_boxes,0.0,0.0
1066,shipping_buffer_boxes,0.0,0.0
1067,shipping_buffer_boxes,0.0,0.0
1068,shipping_buffer_boxes,0.0,0.0
1069,shipping_buffer_boxes,0.0,0.0
1070,shipping_buffer_boxes,0.0,0.0
1071,shipping_buffer_boxes,0.0,0.0
1072,shipping_buffer_boxes,0.0,0.0
1073,shipping_buffer_boxes,0.0,0.0
1074,shipping_buffer_boxes,0.0,0.0
1075,shipping_buffer_boxes,0.0,0.0
1076,shipping_buffer_boxes,0.0,0.0
1077,shipping_buffer_boxes,0.0,0.0
1078,shipping_buffer_boxes,0.0,0.0
1079,shipping_buffer_boxes,0.0,0.0
1080,shipping_buffer_boxes,4.5,9.0
1081,shipping_buffer_boxes,0.0,0.0
1082,shipping_buffer_boxes,0.0,0.0
1083,shipping_buffer_boxes,0.0,0.0
1084,shipping_buffer_boxes,0.0,0.0
1085,shipping_buffer_boxes,2.5,5.0
1086,shipping_buffer_boxes,0.0,0.0
1087,shipping_buffer_boxes,0.0,0.0
1088,shipping_buffer_boxes,0.0,0.0
1089,shipping_buffer_boxes,0.0,0.0
1090,shipping_buffer_boxes,0.0,0.0
1091,shipping_buffer_boxes,0.0,0.0
1092,shipping_buffer_boxes,0.0,0.0
1093,shipping_buffer_boxes,0.0,0.0
1094,shipping_buffer_boxes,0.0,0.0
1095,shipping_buffer_boxes,1.0,2.0
1096,shipping_buffer_boxes,0.0,0.0
1097,shipping_buffer_boxes,0.0,0.0
1098,shipping_buffer_boxes,0.0,0.0
1099,shipping_buffer_boxes,0.0,0.0
1100,shipping_buffer_boxes,0.0,0.0
1101,shipping_buffer_boxes,1.0,2.0
1102,shipping_buffer_boxes,0.0,0.0
1103,shipping_buffer_boxes,0.0,0.0
1104,shipping_buffer_boxes,0.0,0.0
1105,shipping_buffer_boxes,0.0,0.0
1106,shipping_buffer_boxes,0.0,0.0
1107,shipping_buffer_boxes,0.0,0.0
1108,shipping_buffer_boxes,1.0,2.0
1109,shipping_buffer_boxes,0.5,1.0
1110,shipping_buffer_boxes,0.0,0.0
1111,shipping_buffer_boxes,0.0,0.0
1112,shipping_buffer_boxes,0.0,0.0
1113,shipping_buffer_boxes,0.0,0.0
1114,shipping_buffer_boxes,0.0,0.0
1115,shipping_buffer_boxes,3.5,7.0
1116,shipping_buffer_boxes,0.5,1.0
1117,shipping_buffer_boxes,4.5,9.0
1118,shipping_buffer_boxes,0.5,1.0
1119,shipping_buffer_boxes,0.0,0.0
1120,shipping_buffer_boxes,0.0,0.0
1121,shipping_buffer_boxes,0.0,0.0
1122,shipping_buffer_boxes,0.0,0.0
1123,shipping_buffer_boxes,0.0,0.0
1124,shipping_buffer_boxes,0.0,0.0
1125,shipping_buffer_boxes,0.0,0.0
1126,shipping_buffer_boxes,11.5,17.0
1127,shipping_buffer_boxes,0.0,0.0
1128,shipping_buffer_boxes,0.0,0.0
1129,shipping_buffer_boxes,0.0,0.0
1130,shipping_buffer_boxes,0.0,0.0
1131,shipping_buffer_boxes,3.5,6.0
1132,shipping_buffer_boxes,3.5,7.0
1133,shipping_buffer_boxes,0.0,0.0
1134,shipping_buffer_boxes,0.0,0.0
1135,shipping_buffer_boxes,0.0,0.0
1136,shipping_buffer_boxes,0.0,0.0
1137,shipping_buffer_boxes,0.0,0.0
1138,shipping_buffer_boxes,0.0,0.0
1139,shipping_buffer_boxes,0.0,0.0
1140,shipping_buffer_boxes,0.0,0.0
1141,shipping_buffer_boxes,0.0,0.0
1142,shipping_buffer_boxes,1.0,2.0
1143,shipping_buffer_boxes,0.0,0.0
1144,shipping_buffer_boxes,0.0,0.0
1145,shipping_buffer_boxes,0.0,0.0
1146,shipping_buffer_boxes,0.0,0.0
1147,shipping_buffer_boxes,0.0,0.0
1148,shipping_buffer_boxes,0.0,0.0
1149,shipping_buffer_boxes,0.0,0.0
1150,shipping_buffer_boxes,0.0,0.0
1151,shipping_buffer_boxes,0.0,0.0
1152,shipping_buffer_boxes,0.0,0.0
1153,shipping_buffer_boxes,0.0,0.0
1154,shipping_buffer_boxes,0.0,0.0
1155,shipping_buffer_boxes,0.0,0.0
1156,shipping_buffer_boxes,0.0,0.0
1157,shipping_buffer_boxes,0.0,0.0
1158,shipping_buffer_boxes,0.0,0.0
1159,shipping_buffer_boxes,0.0,0.0
1160,shipping_buffer_boxes,0.0,0.0
1161,shipping_buffer_boxes,0.5,1.0
1162,shipping_buffer_boxes,0.0,0.0
1163,shipping_buffer_boxes,0.0,0.0
1164,shipping_buffer_boxes,0.0,0.0
1165,shipping_buffer_boxes,0.0,0.0
1166,shipping_buffer_boxes,0.0,0.0
1167,shipping_buffer_boxes,0.0,0.0
1168,shipping_buffer_boxes,0.0,0.0
1169,shipping_buffer_boxes,0.0,0.0
1170,shipping_buffer_boxes,0.0,0.0
1171,shipping_buffer_boxes,0.0,0.0
1172,shipping_buffer_boxes,0.5,1.0
1173,shipping_buffer_boxes,0.0,0.0
1174,shipping_buffer_boxes,0.0,0.0
1175,shipping_buffer_boxes,6.5,13.0
1176,shipping_buffer_boxes,0.0,0.0
1177,shipping_buffer_boxes,0.0,0.0
1178,shipping_buffer_boxes,0.0,0.0
1179,shipping_buffer_boxes,0.0,0.0
1180,shipping_buffer_boxes,0.0,0.0
1181,shipping_buffer_boxes,0.0,0.0
1182,shipping_buffer_boxes,0.0,0.0
1183,shipping_buffer_boxes,0.0,0.0
1184,shipping_buffer_boxes,0.0,0.0
1185,shipping_buffer_boxes,0.0,0.0
1186,shipping_buffer_boxes,0.0,0.0
1187,shipping_buffer_boxes,2.0,3.0
1188,shipping_buffer_boxes,3.5,7.0
1189,shipping_buffer_boxes,0.0,0.0
1190,shipping_buffer_boxes,0.0,0.0
1191,shipping_buffer_boxes,0.0,0.0
1192,shipping_buffer_boxes,0.0,0.0
1193,shipping_buffer_boxes,0.0,0.0
1194,shipping_buffer_boxes,0.0,0.0
1195,shipping_buffer_boxes,0.0,0.0
1196,shipping_buffer_boxes,0.0,0.0
1197,shipping_buffer_boxes,0.0,0.0
1198,shipping_buffer_boxes,0.0,0.0
1199,shipping_buffer_boxes,0.0,0.0
1200,shipping_buffer_boxes,2.0,4.0
1201,shipping_buffer_boxes,0.0,0.0
1202,shipping_buffer_boxes,0.0,0.0
1203,shipping_buffer_boxes,0.0,0.0
1204,shipping_buffer_boxes,0.0,0.0
1205,shipping_buffer_boxes,0.0,0.0
1206,shipping_buffer_boxes,0.5,1.0
1207,shipping_buffer_boxes,0.5,1.0
1208,shipping_buffer_boxes,0.0,0.0
1209,shipping_buffer_boxes,0.0,0.0
1210,shipping_buffer_boxes,0.0,0.0
1211,shipping_buffer_boxes,0.0,0.0
1212,shipping_buffer_boxes,0.0,0.0
1213,shipping_buffer_boxes,0.0,0.0
1214,shipping_buffer_boxes,0.0,0.0
1215,shipping_buffer_boxes,0.0,0.0
1216,shipping_buffer_boxes,0.0,0.0
1217,shipping_buffer_boxes,0.0,0.0
1218,shipping_buffer_boxes,0.5,1.0
1219,shipping_buffer_boxes,4.0,8.0
1220,shipping_buffer_boxes,0.0,0.0
1221,shipping_buffer_boxes,0.0,0.0
1222,shipping_buffer_boxes,0.0,0.0
1223,shipping_buffer_boxes,0.0,0.0
1224,shipping_buffer_boxes,4.5,9.0
1225,shipping_buffer_boxes,1.5,3.0
1226,shipping_buffer_boxes,0.0,0.0
1227,shipping_buffer_boxes,0.0,0.0
1228,shipping_buffer_boxes,0.0,0.0
1229,shipping_buffer_boxes,0.0,0.0
1230,shipping_buffer_boxes,0.0,0.0
1231,shipping_buffer_boxes,1.0,2.0
1232,shipping_buffer_boxes,0.0,0.0
1233,shipping_buffer_boxes,0.0,0.0
1234,shipping_buffer_boxes,0.0,0.0
1235,shipping_buffer_boxes,0.0,0.0
1236,shipping_buffer_boxes,0.0,0.0
1237,shipping_buffer_boxes,0.0,0.0
1238,shipping_buffer_boxes,0.0,0.0
1239,shipping_buffer_boxes,0.0,0.0
1240,shipping_buffer_boxes,0.0,0.0
1241,shipping_buffer_boxes,0.0,0.0
1242,shipping_buffer_boxes,0.0,0.0
1243,shipping_buffer_boxes,0.0,0.0
1244,shipping_buffer_boxes,0.5,1.0
1245,shipping_buffer_boxes,0.0,0.0
1246,shipping_buffer_boxes,0.5,1.0
1247,shipping_buffer_boxes,0.0,0.0
1248,shipping_buffer_boxes,0.0,0.0
1249,shipping_buffer_boxes,0.0,0.0
1250,shipping_buffer_boxes,1.0,1.0
1251,shipping_buffer_boxes,1.0,2.0
1252,shipping_buffer_boxes,0.0,0.0
1253,shipping_buffer_boxes,0.0,0.0
1254,shipping_buffer_boxes,0.0,0.0
1255,shipping_buffer_boxes,0.0,0.0
1256,shipping_buffer_boxes,0.0,0.0
1257,shipping_buffer_boxes,4.0,8.0
1258,shipping_buffer_boxes,5.5,11.0
1259,shipping_buffer_boxes,0.0,0.0
1260,shipping_buffer_boxes,0.0,0.0
1261,shipping_buffer_boxes,0.0,0.0
1262,shipping_buffer_boxes,0.0,0.0
1263,shipping_buffer_boxes,0.0,0.0
1264,shipping_buffer_boxes,0.0,0.0
1265,shipping_buffer_boxes,0.0,0.0
1266,shipping_buffer_boxes,0.0,0.0
1267,shipping_buffer_boxes,0.0,0.0
1268,shipping_buffer_boxes,0.0,0.0
1269,shipping_buffer_boxes,0.0,0.0
1270,shipping_buffer_boxes,0.0,0.0
1271,shipping_buffer_boxes,0.0,0.0
1272,shipping_buffer_boxes,0.0,0.0
1273,shipping_buffer_boxes,0.0,0.0
1274,shipping_buffer_boxes,0.0,0.0
1275,shipping_buffer_boxes,0.0,0.0
1276,shipping_buffer_boxes,0.0,0.0
1277,shipping_buffer_boxes,0.0,0.0
1278,shipping_buffer_boxes,0.0,0.0
1279,shipping_buffer_boxes,1.0,2.0
1280,shipping_buffer_boxes,0.0,0.0
1281,shipping_buffer_boxes,0.0,0.0
1282,shipping_buffer_boxes,0.0,0.0
1283,shipping_buffer_boxes,1.0,2.0
1284,shipping_buffer_boxes,0.0,0.0
1285,shipping_buffer_boxes,2.5,5.0
1286,shipping_buffer_boxes,0.0,0.0
1287,shipping_buffer_boxes,0.0,0.0
1288,shipping_buffer_boxes,0.5,1.0
1289,shipping_buffer_boxes,0.0,0.0
1290,shipping_buffer_boxes,1.0,2.0
1291,shipping_buffer_boxes,15.0,21.0
1292,shipping_buffer_boxes,0.0,0.0
1293,shipping_buffer_boxes,0.0,0.0
1294,shipping_buffer_boxes,0.0,0.0
1295,shipping_buffer_boxes,0.0,0.0
1296,shipping_buffer_boxes,0.0,0.0
1297,shipping_buffer_boxes,0.0,0.0
1298,shipping_buffer_boxes,0.0,0.0
1299,shipping_buffer_boxes,0.0,0.0
1300,shipping_buffer_boxes,0.0,0.0
1301,shipping_buffer_boxes,0.0,0.0
1302,shipping_buffer_boxes,0.0,0.0
1303,shipping_buffer_boxes,0.5,1.0
1304,shipping_buffer_boxes,0.0,0.0
1305,shipping_buffer_boxes,3.5,7.0
1306,shipping_buffer_boxes,0.0,0.0
1307,shipping_buffer_boxes,0.0,0.0
1308,shipping_buffer_boxes,0.0,0.0
1309,shipping_buffer_boxes,0.0,0.0
1310,shipping_buffer_boxes,0.5,1.0
1311,shipping_buffer_boxes,1.5,3.0
1312,shipping_buffer_boxes,0.0,0.0
1313,shipping_buffer_boxes,0.0,0.0
1314,shipping_buffer_boxes,0.0,0.0
1315,shipping_buffer_boxes,0.0,0.0
1316,shipping_buffer_boxes,0.0,0.0
1317,shipping_buffer_boxes,0.0,0.0
1318,shipping_buffer_boxes,0.0,0.0
1319,shipping_buffer_boxes,0.0,0.0
1320,shipping_buffer_boxes,0.0,0.0
1321,shipping_buffer_boxes,0.0,0.0
1322,shipping_buffer_boxes,0.0,0.0
1323,shipping_buffer_boxes,0.0,0.0
1324,shipping_buffer_boxes,0.0,0.0
1325,shipping_buffer_boxes,1.0,2.0
1326,shipping_buffer_boxes,2.0,4.0
1327,shipping_buffer_boxes,0.0,0.0
1328,shipping_buffer_boxes,0.0,0.0
1329,shipping_buffer_boxes,0.0,0.0
1330,shipping_buffer_boxes,0.0,0.0
1331,shipping_buffer_boxes,0.0,0.0
1332,shipping_buffer_boxes,1.5,3.0
1333,shipping_buffer_boxes,15.5,19.0
1334,shipping_buffer_boxes,5.5,11.0
1335,shipping_buffer_boxes,0.0,0.0
1336,shipping_buffer_boxes,0.0,0.0
1337,shipping_buffer_boxes,0.0,0.0
1338,shipping_buffer_boxes,0.0,0.0
1339,shipping_buffer_boxes,0.0,0.0
1340,shipping_buffer_boxes,0.0,0.0
1341,shipping_buffer_boxes,0.0,0.0
1342,shipping_buffer_boxes,0.0,0.0
1343,shipping_buffer_boxes,0.0,0.0
1344,shipping_buffer_boxes,0.5,1.0
1345,shipping_buffer_boxes,0.0,0.0
1346,shipping_buffer_boxes,0.0,0.0
1347,shipping_buffer_boxes,1.0,2.0
1348,shipping_buffer_boxes,0.0,0.0
1349,shipping_buffer_boxes,0.0,0.0
1350,shipping_buffer_boxes,0.0,0.0
1351,shipping_buffer_boxes,5.0,10.0
1352,shipping_buffer_boxes,0.0,0.0
1353,shipping_buffer_boxes,0.0,0.0
1354,shipping_buffer_boxes,0.0,0.0
1355,shipping_buffer_boxes,0.0,0.0
1356,shipping_buffer_boxes,0.0,0.0
1357,shipping_buffer_boxes,0.0,0.0
1358,shipping_buffer_boxes,0.0,0.0
1359,shipping_buffer_boxes,0.0,0.0
1360,shipping_buffer_boxes,0.0,0.0
1361,shipping_buffer_boxes,0.0,0.0
1362,shipping_buffer_boxes,6.0,9.0
1363,shipping_buffer_boxes,0.0,0.0
1364,shipping_buffer_boxes,0.0,0.0
1365,shipping_buffer_boxes,0.0,0.0
1366,shipping_buffer_boxes,0.0,0.0
1367,shipping_buffer_boxes,0.0,0.0
1368,shipping_buffer_boxes,0.0,0.0
1369,shipping_buffer_boxes,0.0,0.0
1370,shipping_buffer_boxes,0.0,0.0
1371,shipping_buffer_boxes,0.0,0.0
1372,shipping_buffer_boxes,0.0,0.0
1373,shipping_buffer_boxes,0.0,0.0
1374,shipping_buffer_boxes,0.0,0.0
1375,shipping_buffer_boxes,0.0,0.0
1376,shipping_buffer_boxes,0.0,0.0
1377,shipping_buffer_boxes,0.0,0.0
1378,shipping_buffer_boxes,0.0,0.0
1379,shipping_buffer_boxes,0.0,0.0
1380,shipping_buffer_boxes,0.0,0.0
1381,shipping_buffer_boxes,0.0,0.0
1382,shipping_buffer_boxes,0.0,0.0
1383,shipping_buffer_boxes,0.0,0.0
1384,shipping_buffer_boxes,0.0,0.0
1385,shipping_buffer_boxes,0.0,0.0
1386,shipping_buffer_boxes,0.0,0.0
1387,shipping_buffer_boxes,0.0,0.0
1388,shipping_buffer_boxes,0.0,0.0
1389,shipping_buffer_boxes,0.0,0.0
1390,shipping_buffer_boxes,0.0,0.0
1391,shipping_buffer_boxes,0.0,0.0
1392,shipping_buffer_boxes,0.0,0.0
1393,shipping_buffer_boxes,0.0,0.0
1394,shipping_buffer_boxes,0.0,0.0
1395,shipping_buffer_boxes,0.0,0.0
1396,shipping_buffer_boxes,0.0,0.0
1397,shipping_buffer_boxes,0.0,0.0
1398,shipping_buffer_boxes,0.0,0.0
1399,shipping_buffer_boxes,3.5,7.0
1400,shipping_buffer_boxes,0.0,0.0
1401,shipping_buffer_boxes,1.5,3.0
1402,shipping_buffer_boxes,0.0,0.0
1403,shipping_buffer_boxes,1.0,2.0
1404,shipping_buffer_boxes,2.0,4.0
1405,shipping_buffer_boxes,0.0,0.0
1406,shipping_buffer_boxes,0.5,1.0
1407,shipping_buffer_boxes,0.0,0.0
1408,shipping_buffer_boxes,0.0,0.0
1409,shipping_buffer_boxes,0.0,0.0
1410,shipping_buffer_boxes,3.5,7.0
1411,shipping_buffer_boxes,0.0,0.0
1412,shipping_buffer_boxes,0.0,0.0
1413,shipping_buffer_boxes,0.0,0.0
1414,shipping_buffer_boxes,0.0,0.0
1415,shipping_buffer_boxes,0.0,0.0
1416,shipping_buffer_boxes,11.0,16.0
1417,shipping_buffer_boxes,0.5,1.0
1418,shipping_buffer_boxes,0.0,0.0
1419,shipping_buffer_boxes,0.0,0.0
1420,shipping_buffer_boxes,0.0,0.0
1421,shipping_buffer_boxes,0.0,0.0
1422,shipping_buffer_boxes,7.0,12.0
1423,shipping_buffer_boxes,3.5,7.0
1424,shipping_buffer_boxes,0.0,0.0
1425,shipping_buffer_boxes,0.0,0.0
1426,shipping_buffer_boxes,0.0,0.0
1427,shipping_buffer_boxes,0.0,0.0
1428,shipping_buffer_boxes,0.0,0.0
1429,shipping_buffer_boxes,0.0,0.0
1430,shipping_buffer_boxes,0.0,0.0
1431,shipping_buffer_boxes,0.5,1.0
1432,shipping_buffer_boxes,0.0,0.0
1433,shipping_buffer_boxes,4.0,8.0
1434,shipping_buffer_boxes,0.0,0.0
1435,shipping_buffer_boxes,0.0,0.0
1436,shipping_buffer_boxes,0.0,0.0
1437,shipping_buffer_boxes,0.0,0.0
1438,shipping_buffer_boxes,0.0,0.0
1439,shipping_buffer_boxes,0.0,0.0
0,sorter_queues_total_batches,0.0,0.0
1,sorter_queues_total_batches,0.0,0.0
2,sorter_queues_total_batches,0.0,0.0
3,sorter_queues_total_batches,0.0,0.0
4,sorter_queues_total_batches,9.5,19.0
5,sorter_queues_total_batches,44.5,60.0
6,sorter_queues_total_batches,70.5,77.0
7,sorter_queues_total_batches,89.0,90.0
8,sorter_queues_total_batches,124.0,140.0
9,sorter_queues_total_batches,154.0,170.0
10,sorter_queues_total_batches,180.5,195.0
11,sorter_queues_total_batches,194.5,207.0
12,sorter_queues_total_batches,225.0,226.0
13,sorter_queues_total_batches,246.0,256.0
14,sorter_queues_total_batches,260.0,267.0
15,sorter_queues_total_batches,302.5,306.0
16,sorter_queues_total_batches,332.5,333.0
17,sorter_queues_total_batches,369.5,380.0
18,sorter_queues_total_batches,386.0,394.0
19,sorter_queues_total_batches,403.5,408.0
20,sorter_queues_total_batches,436.0,451.0
21,sorter_queues_total_batches,464.5,480.0
22,sorter_queues_total_batches,493.5,508.0
23,sorter_queues_total_batches,511.5,521.0
24,sorter_queues_total_batches,552.0,557.0
25,sorter_queues_total_batches,570.0,576.0
26,sorter_queues_total_batches,584.0,591.0
27,sorter_queues_total_batches,615.5,617.0
28,sorter_queues_total_batches,648.0,651.0
29,sorter_queues_total_batches,682.5,693.0
30,sorter_queues_total_batches,700.0,707.0
31,sorter_queues_total_batches,716.0,719.0
32,sorter_queues_total_batches,747.0,762.0
33,sorter_queues_total_batches,776.0,792.0
34,sorter_queues_total_batches,802.5,816.0
35,sorter_queues_total_batches,820.5,835.0
36,sorter_queues_total_batches,859.5,860.0
37,sorter_queues_total_batches,877.0,885.0
38,sorter_queues_total_batches,896.0,905.0
39,sorter_queues_total_batches,936.0,936.0
40,sorter_queues_total_batches,963.5,964.0
41,sorter_queues_total_batches,1008.0,1020.0
42,sorter_queues_total_batches,1028.5,1033.0
43,sorter_queues_total_batches,1049.5,1056.0
44,sorter_queues_total_batches,1079.5,1099.0
45,sorter_queues_total_batches,1112.5,1128.0
46,sorter_queues_total_batches,1131.0,1144.0
47,sorter_queues_total_batches,1141.5,1150.0
48,sorter_queues_total_batches,1179.0,1181.0
49,sorter_queues_total_batches,1203.5,1212.0
50,sorter_queues_total_batches,1222.5,1231.0
51,sorter_queues_total_batches,1259.5,1262.0
52,sorter_queues_total_batches,1286.0,1286.0
53,sorter_queues_total_batches,1320.5,1333.0
54,sorter_queues_total_batches,1342.5,1347.0
55,sorter_queues_total_batches,1365.0,1369.0
56,sorter_queues_total_batches,1389.5,1408.0
57,sorter_queues_total_batches,1420.5,1438.0
58,sorter_queues_total_batches,1447.5,1457.0
59,sorter_queues_total_batches,1458.0,1468.0
60,sorter_queues_total_batches,1498.0,1499.0
61,sorter_queues_total_batches,1518.0,1528.0
62,sorter_queues_total_batches,1532.5,1540.0
63,sorter_queues_total_batches,1570.0,1571.0
64,sorter_queues_total_batches,1601.0,1602.0
65,sorter_queues_total_batches,1633.0,1641.0
66,sorter_queues_total_batches,1655.0,1657.0
67,sorter_queues_total_batches,1674.0,1675.0
68,sorter_queues_total_batches,1709.5,1723.0
69,sorter_queues_total_batches,1735.5,1750.0
70,sorter_queues_total_batches,1763.5,1778.0
71,sorter_queues_total_batches,1778.0,1789.0
72,sorter_queues_total_batches,1817.0,1819.0
73,sorter_queues_total_batches,1834.0,1842.0
74,sorter_queues_total_batches,1849.5,1859.0
75,sorter_queues_total_batches,1890.0,1890.0
76,sorter_queues_total_batches,1914.5,1915.0
77,sorter_queues_total_batches,1957.0,1970.0
78,sorter_queues_total_batches,1972.0,1977.0
79,sorter_queues_total_batches,1998.0,2000.0
80,sorter_queues_total_batches,2028.5,2045.0
81,sorter_queues_total_batches,2060.5,2077.0
82,sorter_queues_total_batches,2084.5,2096.0
83,sorter_queues_total_batches,2096.5,2110.0
84,sorter_queues_total_batches,2140.0,2141.0
85,sorter_queues_total_batches,2158.0,2168.0
86,sorter_queues_total_batches,2176.0,2186.0
87,sorter_queues_total_batches,2211.5,2212.0
88,sorter_queues_total_batches,2240.5,2241.0
89,sorter_queues_total_batches,2274.0,2290.0
90,sorter_queues_total_batches,2302.5,2304.0
91,sorter_queues_total_batches,2323.5,2330.0
92,sorter_queues_total_batches,2356.0,2372.0
93,sorter_queues_total_batches,2381.0,2394.0
94,sorter_queues_total_batches,2406.0,2417.0
95,sorter_queues_total_batches,2421.0,2433.0
96,sorter_queues_total_batches,2454.0,2458.0
97,sorter_queues_total_batches,2471.5,2478.0
98,sorter_queues_total_batches,2488.0,2496.0
99,sorter_queues_total_batches,2525.5,2527.0
100,sorter_queues_total_batches,2556.5,2557.0
101,sorter_queues_total_batches,2599.0,2612.0
102,sorter_queues_total_batches,2616.0,2624.0
103,sorter_queues_total_batches,2643.5,2649.0
104,sorter_queues_total_batches,2673.0,2691.0
105,sorter_queues_total_batches,2703.0,2718.0
106,sorter_queues_total_batches,2733.5,2747.0
107,sorter_queues_total_batches,2743.0,2753.0
108,sorter_queues_total_batches,2782.0,2789.0
109,sorter_queues_total_batches,2804.0,2811.0
110,sorter_queues_total_batches,2822.0,2829.0
111,sorter_queues_total_batches,2859.0,2861.0
112,sorter_queues_total_batches,2895.0,2895.0
113,sorter_queues_total_batches,2932.5,2948.0
114,sorter_queues_total_batches,2955.0,2962.0
115,sorter_queues_total_batches,2973.0,2977.0
116,sorter_queues_total_batches,3002.0,3020.0
117,sorter_queues_total_batches,3032.0,3052.0
118,sorter_queues_total_batches,3058.5,3072.0
119,sorter_queues_total_batches,3071.5,3081.0
120,sorter_queues_total_batches,3110.5,3114.0
121,sorter_queues_total_batches,3127.5,3136.0
122,sorter_queues_total_batches,3144.5,3153.0
123,sorter_queues_total_batches,3177.5,3180.0
124,sorter_queues_total_batches,3199.5,3200.0
125,sorter_queues_total_batches,3243.5,3257.0
126,sorter_queues_total_batches,3270.5,3275.0
127,sorter_queues_total_batches,3286.5,3288.0
128,sorter_queues_total_batches,3314.5,3330.0
129,sorter_queues_total_batches,3341.5,3357.0
130,sorter_queues_total_batches,3367.0,3380.0
131,sorter_queues_total_batches,3382.5,3395.0
132,sorter_queues_total_batches,3426.5,3427.0
133,sorter_queues_total_batches,3442.5,3455.0
134,sorter_queues_total_batches,3460.5,3471.0
135,sorter_queues_total_batches,3498.0,3502.0
136,sorter_queues_total_batches,3532.0,3532.0
137,sorter_queues_total_batches,3570.5,3584.0
138,sorter_queues_total_batches,3585.5,3590.0
139,sorter_queues_total_batches,3608.5,3612.0
140,sorter_queues_total_batches,3636.0,3652.0
141,sorter_queues_total_batches,3667.5,3685.0
142,sorter_queues_total_batches,3692.0,3708.0
143,sorter_queues_total_batches,3707.5,3718.0
144,sorter_queues_total_batches,3747.5,3748.0
145,sorter_queues_total_batches,3765.5,3771.0
146,sorter_queues_total_batches,3779.5,3788.0
147,sorter_queues_total_batches,3820.5,3821.0
148,sorter_queues_total_batches,3847.5,3850.0
149,sorter_queues_total_batches,3886.0,3899.0
150,sorter_queues_total_batches,3901.0,3901.0
151,sorter_queues_total_batches,3918.5,3919.0
152,sorter_queues_total_batches,3956.5,3975.0
153,sorter_queues_total_batches,3983.5,3996.0
154,sorter_queues_total_batches,4013.0,4029.0
155,sorter_queues_total_batches,4032.0,4044.0
156,sorter_queues_total_batches,4064.5,4066.0
157,sorter_queues_total_batches,4081.0,4089.0
158,sorter_queues_total_batches,4099.0,4109.0
159,sorter_queues_total_batches,4139.5,4141.0
160,sorter_queues_total_batches,4164.5,4166.0
161,sorter_queues_total_batches,4203.5,4219.0
162,sorter_queues_total_batches,4221.0,4227.0
163,sorter_queues_total_batches,4241.0,4242.0
164,sorter_queues_total_batches,4277.5,4296.0
165,sorter_queues_total_batches,4303.0,4317.0
166,sorter_queues_total_batches,4326.5,4342.0
167,sorter_queues_total_batches,4334.5,4345.0
168,sorter_queues_total_batches,4377.0,4377.0
169,sorter_queues_total_batches,4393.0,4404.0
170,sorter_queues_total_batches,4410.5,4419.0
171,sorter_queues_total_batches,4448.5,4451.0
172,sorter_queues_total_batches,4475.0,4475.0
173,sorter_queues_total_batches,4515.5,4525.0
174,sorter_queues_total_batches,4533.0,4538.0
175,sorter_queues_total_batches,4551.0,4552.0
176,sorter_queues_total_batches,4578.0,4594.0
177,sorter_queues_total_batches,4616.0,4629.0
178,sorter_queues_total_batches,4644.5,4655.0
179,sorter_queues_total_batches,4648.0,4659.0
180,sorter_queues_total_batches,4680.5,4683.0
181,sorter_queues_total_batches,4702.5,4713.0
182,sorter_queues_total_batches,4721.5,4731.0
183,sorter_queues_total_batches,4761.5,4762.0
184,sorter_queues_total_batches,4785.0,4787.0
185,sorter_queues_total_batches,4824.0,4838.0
186,sorter_queues_total_batches,4841.0,4846.0
187,sorter_queues_total_batches,4867.0,4870.0
188,sorter_queues_total_batches,4897.0,4910.0
189,sorter_queues_total_batches,4926.5,4945.0
190,sorter_queues_total_batches,4955.0,4967.0
191,sorter_queues_total_batches,4971.0,4981.0
192,sorter_queues_total_batches,5008.0,5011.0
193,sorter_queues_total_batches,5030.5,5039.0
194,sorter_queues_total_batches,5047.0,5056.0
195,sorter_queues_total_batches,5084.5,5085.0
196,sorter_queues_total_batches,5116.0,5116.0
197,sorter_queues_total_batches,5150.0,5162.0
198,sorter_queues_total_batches,5170.0,5173.0
199,sorter_queues_total_batches,5185.0,5187.0
200,sorter_queues_total_batches,5214.0,5230.0
201,sorter_queues_total_batches,5246.5,5263.0
202,sorter_queues_total_batches,5275.5,5288.0
203,sorter_queues_total_batches,5282.5,5293.0
204,sorter_queues_total_batches,5320.5,5321.0
205,sorter_queues_total_batches,5337.5,5347.0
206,sorter_queues_total_batches,5356.5,5365.0
207,sorter_queues_total_batches,5393.5,5396.0
208,sorter_queues_total_batches,5422.5,5424.0
209,sorter_queues_total_batches,5459.5,5467.0
210,sorter_queues_total_batches,5483.0,5485.0
211,sorter_queues_total_batches,5501.5,5505.0
212,sorter_queues_total_batches,5535.0,5553.0
213,sorter_queues_total_batches,5565.5,5584.0
214,sorter_queues_total_batches,5592.0,5605.0
215,sorter_queues_total_batches,5603.0,5612.0
216,sorter_queues_total_batches,5640.0,5640.0
217,sorter_queues_total_batches,5661.5,5672.0
218,sorter_queues_total_batches,5678.0,5684.0
219,sorter_queues_total_batches,5714.5,5715.0
220,sorter_queues_total_batches,5748.5,5750.0
221,sorter_queues_total_batches,5782.5,5795.0
222,sorter_queues_total_batches,5803.5,5808.0
223,sorter_queues_total_batches,5820.5,5824.0
224,sorter_queues_total_batches,5856.0,5874.0
225,sorter_queues_total_batches,5889.5,5908.0
226,sorter_queues_total_batches,5916.0,5930.0
227,sorter_queues_total_batches,5921.5,5930.0
228,sorter_queues_total_batches,5960.5,5963.0
229,sorter_queues_total_batches,5975.0,5982.0
230,sorter_queues_total_batches,5993.0,6000.0
231,sorter_queues_total_batches,6029.0,6029.0
232,sorter_queues_total_batches,6053.0,6054.0
233,sorter_queues_total_batches,6095.0,6110.0
234,sorter_queues_total_batches,6116.0,6118.0
235,sorter_queues_total_batches,6136.0,6140.0
236,sorter_queues_total_batches,6166.0,6180.0
237,sorter_queues_total_batches,6197.0,6214.0
238,sorter_queues_total_batches,6222.0,6234.0
239,sorter_queues_total_batches,6232.0,6245.0
240,sorter_queues_total_batches,6268.5,6273.0
241,sorter_queues_total_batches,6286.0,6291.0
242,sorter_queues_total_batches,6301.0,6307.0
243,sorter_queues_total_batches,6339.0,6341.0
244,sorter_queues_total_batches,6366.5,6367.0
245,sorter_queues_total_batches,6400.5,6412.0
246,sorter_queues_total_batches,6427.5,6431.0
247,sorter_queues_total_batches,6446.0,6451.0
248,sorter_queues_total_batches,6474.0,6495.0
249,sorter_queues_total_batches,6504.0,6520.0
250,sorter_queues_total_batches,6529.5,6542.0
251,sorter_queues_total_batches,6543.0,6552.0
252,sorter_queues_total_batches,6584.5,6586.0
253,sorter_queues_total_batches,6606.5,6617.0
254,sorter_queues_total_batches,6624.5,6631.0
255,sorter_queues_total_batches,6661.0,6662.0
256,sorter_queues_total_batches,6688.5,6690.0
257,sorter_queues_total_batches,6729.5,6747.0
258,sorter_queues_total_batches,6748.0,6753.0
259,sorter_queues_total_batches,6771.5,6772.0
260,sorter_queues_total_batches,6802.0,6817.0
261,sorter_queues_total_batches,6830.0,6841.0
262,sorter_queues_total_batches,6855.5,6869.0
263,sorter_queues_total_batches,6870.0,6881.0
264,sorter_queues_total_batches,6906.0,6908.0
265,sorter_queues_total_batches,6924.5,6931.0
266,sorter_queues_total_batches,6939.0,6947.0
267,sorter_queues_total_batches,6977.5,6980.0
268,sorter_queues_total_batches,7006.5,7009.0
269,sorter_queues_total_batches,7037.5,7052.0
270,sorter_queues_total_batches,7056.5,7063.0
271,sorter_queues_total_batches,7078.5,7081.0
272,sorter_queues_total_batches,7110.0,7130.0
273,sorter_queues_total_batches,7147.0,7166.0
274,sorter_queues_total_batches,7170.5,7181.0
275,sorter_queues_total_batches,7184.5,7195.0
276,sorter_queues_total_batches,7218.5,7221.0
277,sorter_queues_total_batches,7234.5,7241.0
278,sorter_queues_total_batches,7249.5,7259.0
279,sorter_queues_total_batches,7288.0,7289.0
280,sorter_queues_total_batches,7314.5,7318.0
281,sorter_queues_total_batches,7354.0,7368.0
282,sorter_queues_total_batches,7379.5,7383.0
283,sorter_queues_total_batches,7399.0,7402.0
284,sorter_queues_total_batches,7433.0,7451.0
285,sorter_queues_total_batches,7465.0,7483.0
286,sorter_queues_total_batches,7492.0,7505.0
287,sorter_queues_total_batches,7502.0,7511.0
288,sorter_queues_total_batches,7543.0,7545.0
289,sorter_queues_total_batches,7565.0,7576.0
290,sorter_queues_total_batches,7575.0,7585.0
291,sorter_queues_total_batches,7613.5,7615.0
292,sorter_queues_total_batches,7642.0,7643.0
293,sorter_queues_total_batches,7681.5,7698.0
294,sorter_queues_total_batches,7703.5,7707.0
295,sorter_queues_total_batches,7725.5,7731.0
296,sorter_queues_total_batches,7758.5,7774.0
297,sorter_queues_total_batches,7787.0,7804.0
298,sorter_queues_total_batches,7813.0,7827.0
299,sorter_queues_total_batches,7827.0,7840.0
300,sorter_queues_total_batches,7862.0,7864.0
301,sorter_queues_total_batches,7878.0,7886.0
302,sorter_queues_total_batches,7893.0,7902.0
303,sorter_queues_total_batches,7931.5,7932.0
304,sorter_queues_total_batches,7959.0,7960.0
305,sorter_queues_total_batches,7994.5,8006.0
306,sorter_queues_total_batches,8015.5,8019.0
307,sorter_queues_total_batches,8038.5,8040.0
308,sorter_queues_total_batches,8076.0,8091.0
309,sorter_queues_total_batches,8107.0,8121.0
310,sorter_queues_total_batches,8129.5,8140.0
311,sorter_queues_total_batches,8136.5,8146.0
312,sorter_queues_total_batches,8176.0,8177.0
313,sorter_queues_total_batches,8191.0,8202.0
314,sorter_queues_total_batches,8212.5,8221.0
315,sorter_queues_total_batches,8245.5,8247.0
316,sorter_queues_total_batches,8280.0,8280.0
317,sorter_queues_total_batches,8315.5,8329.0
318,sorter_queues_total_batches,8340.5,8348.0
319,sorter_queues_total_batches,8358.5,8362.0
320,sorter_queues_total_batches,8389.0,8406.0
321,sorter_queues_total_batches,8418.5,8430.0
322,sorter_queues_total_batches,8446.5,8462.0
323,sorter_queues_total_batches,8459.5,8468.0
324,sorter_queues_total_batches,8497.5,8499.0
325,sorter_queues_total_batches,8520.5,8529.0
326,sorter_queues_total_batches,8538.5,8545.0
327,sorter_queues_total_batches,8573.0,8575.0
328,sorter_queues_total_batches,8599.0,8599.0
329,sorter_queues_total_batches,8635.5,8649.0
330,sorter_queues_total_batches,8661.5,8669.0
331,sorter_queues_total_batches,8680.0,8685.0
332,sorter_queues_total_batches,8708.5,8720.0
333,sorter_queues_total_batches,8737.0,8750.0
334,sorter_queues_total_batches,8767.0,8779.0
335,sorter_queues_total_batches,8784.0,8796.0
336,sorter_queues_total_batches,8819.0,8820.0
337,sorter_queues_total_batches,8845.5,8858.0
338,sorter_queues_total_batches,8860.0,8867.0
339,sorter_queues_total_batches,8898.5,8900.0
340,sorter_queues_total_batches,8928.5,8930.0
341,sorter_queues_total_batches,8964.0,8977.0
342,sorter_queues_total_batches,8984.5,8989.0
343,sorter_queues_total_batches,8999.0,9001.0
344,sorter_queues_total_batches,9033.0,9052.0
345,sorter_queues_total_batches,9059.5,9072.0
346,sorter_queues_total_batches,9084.5,9094.0
347,sorter_queues_total_batches,9092.5,9103.0
348,sorter_queues_total_batches,9132.0,9132.0
349,sorter_queues_total_batches,9152.5,9162.0
350,sorter_queues_total_batches,9166.0,9173.0
351,sorter_queues_total_batches,9200.5,9201.0
352,sorter_queues_total_batches,9226.5,9228.0
353,sorter_queues_total_batches,9265.5,9280.0
354,sorter_queues_total_batches,9292.0,9298.0
355,sorter_queues_total_batches,9310.5,9313.0
356,sorter_queues_total_batches,9346.5,9366.0
357,sorter_queues_total_batches,9376.5,9394.0
358,sorter_queues_total_batches,9405.5,9421.0
359,sorter_queues_total_batches,9415.0,9423.0
360,sorter_queues_total_batches,9457.0,9457.0
361,sorter_queues_total_batches,9475.0,9486.0
362,sorter_queues_total_batches,9485.0,9491.0
363,sorter_queues_total_batches,9521.0,9522.0
364,sorter_queues_total_batches,9551.5,9554.0
365,sorter_queues_total_batches,9587.0,9601.0
366,sorter_queues_total_batches,9607.5,9612.0
367,sorter_queues_total_batches,9631.5,9633.0
368,sorter_queues_total_batches,9664.5,9680.0
369,sorter_queues_total_batches,9692.5,9708.0
370,sorter_queues_total_batches,9726.0,9740.0
371,sorter_queues_total_batches,9739.0,9752.0
372,sorter_queues_total_batches,9773.5,9774.0
373,sorter_queues_total_batches,9789.5,9799.0
374,sorter_queues_total_batches,9812.5,9821.0
375,sorter_queues_total_batches,9844.5,9847.0
376,sorter_queues_total_batches,9875.5,9878.0
377,sorter_queues_total_batches,9920.0,9934.0
378,sorter_queues_total_batches,9940.5,9944.0
379,sorter_queues_total_batches,9961.0,9962.0
380,sorter_queues_total_batches,9991.5,10009.0
381,sorter_queues_total_batches,10022.0,10039.0
382,sorter_queues_total_batches,10049.0,10060.0
383,sorter_queues_total_batches,10062.0,10071.0
384,sorter_queues_total_batches,10099.0,10101.0
385,sorter_queues_total_batches,10114.5,10124.0
386,sorter_queues_total_batches,10130.5,10138.0
387,sorter_queues_total_batches,10168.0,10168.0
388,sorter_queues_total_batches,10199.0,10202.0
389,sorter_queues_total_batches,10228.0,10234.0
390,sorter_queues_total_batches,10242.5,10243.0
391,sorter_queues_total_batches,10264.5,10266.0
392,sorter_queues_total_batches,10296.0,10311.0
393,sorter_queues_total_batches,10324.5,10338.0
394,sorter_queues_total_batches,10348.0,10364.0
395,sorter_queues_total_batches,10362.0,10373.0
396,sorter_queues_total_batches,10400.0,10401.0
397,sorter_queues_total_batches,10419.0,10428.0
398,sorter_queues_total_batches,10438.5,10446.0
399,sorter_queues_total_batches,10473.5,10475.0
400,sorter_queues_total_batches,10502.0,10502.0
401,sorter_queues_total_batches,10543.5,10557.0
402,sorter_queues_total_batches,10563.5,10569.0
403,sorter_queues_total_batches,10583.5,10586.0
404,sorter_queues_total_batches,10614.5,10633.0
405,sorter_queues_total_batches,10641.5,10654.0
406,sorter_queues_total_batches,10676.5,10688.0
407,sorter_queues_total_batches,10691.5,10703.0
408,sorter_queues_total_batches,10727.5,10728.0
409,sorter_queues_total_batches,10743.0,10753.0
410,sorter_queues_total_batches,10762.5,10772.0
411,sorter_queues_total_batches,10799.0,10799.0
412,sorter_queues_total_batches,10829.0,10830.0
413,sorter_queues_total_batches,10865.5,10878.0
414,sorter_queues_total_batches,10882.5,10887.0
415,sorter_queues_total_batches,10904.5,10908.0
416,sorter_queues_total_batches,10932.0,10946.0
417,sorter_queues_total_batches,10962.5,10977.0
418,sorter_queues_total_batches,10986.0,10995.0
419,sorter_queues_total_batches,10997.5,11007.0
420,sorter_queues_total_batches,11032.5,11034.0
421,sorter_queues_total_batches,11055.5,11069.0
422,sorter_queues_total_batches,11073.5,11080.0
423,sorter_queues_total_batches,11113.5,11115.0
424,sorter_queues_total_batches,11146.0,11149.0
425,sorter_queues_total_batches,11182.0,11196.0
426,sorter_queues_total_batches,11201.0,11206.0
427,sorter_queues_total_batches,11225.0,11228.0
428,sorter_queues_total_batches,11257.5,11274.0
429,sorter_queues_total_batches,11293.5,11309.0
430,sorter_queues_total_batches,11312.5,11326.0
431,sorter_queues_total_batches,11327.0,11339.0
432,sorter_queues_total_batches,11364.0,11365.0
433,sorter_queues_total_batches,11383.0,11394.0
434,sorter_queues_total_batches,11400.5,11410.0
435,sorter_queues_total_batches,11439.5,11440.0
436,sorter_queues_total_batches,11466.0,11466.0
437,sorter_queues_total_batches,11501.0,11514.0
438,sorter_queues_total_batches,11523.0,11530.0
439,sorter_queues_total_batches,11543.5,11549.0
440,sorter_queues_total_batches,11569.0,11585.0
441,sorter_queues_total_batches,11602.5,11623.0
442,sorter_queues_total_batches,11632.0,11649.0
443,sorter_queues_total_batches,11647.0,11658.0
444,sorter_queues_total_batches,11687.0,11688.0
445,sorter_queues_total_batches,11700.0,11712.0
446,sorter_queues_total_batches,11719.0,11727.0
447,sorter_queues_total_batches,11752.0,11753.0
448,sorter_queues_total_batches,11782.5,11783.0
449,sorter_queues_total_batches,11825.5,11839.0
450,sorter_queues_total_batches,11841.0,11846.0
451,sorter_queues_total_batches,11864.5,11867.0
452,sorter_queues_total_batches,11895.5,11913.0
453,sorter_queues_total_batches,11924.5,11943.0
454,sorter_queues_total_batches,11949.5,11963.0
455,sorter_queues_total_batches,11963.0,11974.0
456,sorter_queues_total_batches,12001.0,12002.0
457,sorter_queues_total_batches,12023.0,12036.0
458,sorter_queues_total_batches,12039.5,12048.0
459,sorter_queues_total_batches,12077.0,12077.0
460,sorter_queues_total_batches,12101.5,12102.0
461,sorter_queues_total_batches,12133.0,12142.0
462,sorter_queues_total_batches,12156.0,12159.0
463,sorter_queues_total_batches,12175.0,12176.0
464,sorter_queues_total_batches,12216.0,12231.0
465,sorter_queues_total_batches,12242.5,12262.0
466,sorter_queues_total_batches,12263.5,12278.0
467,sorter_queues_total_batches,12275.5,12284.0
468,sorter_queues_total_batches,12307.5,12310.0
469,sorter_queues_total_batches,12328.0,12338.0
470,sorter_queues_total_batches,12343.5,12352.0
471,sorter_queues_total_batches,12382.5,12385.0
472,sorter_queues_total_batches,12410.0,12411.0
473,sorter_queues_total_batches,12444.5,12458.0
474,sorter_queues_total_batches,12458.5,12464.0
475,sorter_queues_total_batches,12486.0,12487.0
476,sorter_queues_total_batches,12511.5,12528.0
477,sorter_queues_total_batches,12544.5,12558.0
478,sorter_queues_total_batches,12568.5,12577.0
479,sorter_queues_total_batches,12582.5,12594.0
480,sorter_queues_total_batches,12617.0,12617.0
481,sorter_queues_total_batches,12633.5,12642.0
482,sorter_queues_total_batches,12655.0,12665.0
483,sorter_queues_total_batches,12690.5,12692.0
484,sorter_queues_total_batches,12720.5,12722.0
485,sorter_queues_total_batches,12758.5,12768.0
486,sorter_queues_total_batches,12768.0,12771.0
487,sorter_queues_total_batches,12794.5,12795.0
488,sorter_queues_total_batches,12821.0,12837.0
489,sorter_queues_total_batches,12854.0,12870.0
490,sorter_queues_total_batches,12881.5,12898.0
491,sorter_queues_total_batches,12897.0,12912.0
492,sorter_queues_total_batches,12934.5,12936.0
493,sorter_queues_total_batches,12952.0,12959.0
494,sorter_queues_total_batches,12975.0,12984.0
495,sorter_queues_total_batches,13009.5,13010.0
496,sorter_queues_total_batches,13042.5,13044.0
497,sorter_queues_total_batches,13081.0,13097.0
498,sorter_queues_total_batches,13100.0,13103.0
499,sorter_queues_total_batches,13120.0,13122.0
500,sorter_queues_total_batches,13147.0,13163.0
501,sorter_queues_total_batches,13182.5,13201.0
502,sorter_queues_total_batches,13206.5,13218.0
503,sorter_queues_total_batches,13224.5,13234.0
504,sorter_queues_total_batches,13262.0,13263.0
505,sorter_queues_total_batches,13282.5,13290.0
506,sorter_queues_total_batches,13294.5,13304.0
507,sorter_queues_total_batches,13337.5,13338.0
508,sorter_queues_total_batches,13364.0,13364.0
509,sorter_queues_total_batches,13395.5,13411.0
510,sorter_queues_total_batches,13420.0,13426.0
511,sorter_queues_total_batches,13437.5,13438.0
512,sorter_queues_total_batches,13470.5,13487.0
513,sorter_queues_total_batches,13499.5,13516.0
514,sorter_queues_total_batches,13523.0,13539.0
515,sorter_queues_total_batches,13535.0,13545.0
516,sorter_queues_total_batches,13565.0,13566.0
517,sorter_queues_total_batches,13590.5,13603.0
518,sorter_queues_total_batches,13606.0,13614.0
519,sorter_queues_total_batches,13641.0,13644.0
520,sorter_queues_total_batches,13664.5,13668.0
521,sorter_queues_total_batches,13699.5,13714.0
522,sorter_queues_total_batches,13728.5,13730.0
523,sorter_queues_total_batches,13743.0,13747.0
524,sorter_queues_total_batches,13778.5,13794.0
525,sorter_queues_total_batches,13807.5,13824.0
526,sorter_queues_total_batches,13831.5,13842.0
527,sorter_queues_total_batches,13844.5,13853.0
528,sorter_queues_total_batches,13879.0,13880.0
529,sorter_queues_total_batches,13899.5,13905.0
530,sorter_queues_total_batches,13914.5,13922.0
531,sorter_queues_total_batches,13950.0,13952.0
532,sorter_queues_total_batches,13979.0,13981.0
533,sorter_queues_total_batches,14016.0,14027.0
534,sorter_queues_total_batches,14035.0,14041.0
535,sorter_queues_total_batches,14054.0,14056.0
536,sorter_queues_total_batches,14084.5,14102.0
537,sorter_queues_total_batches,14117.0,14132.0
538,sorter_queues_total_batches,14144.0,14157.0
539,sorter_queues_total_batches,14157.0,14168.0
540,sorter_queues_total_batches,14196.5,14198.0
541,sorter_queues_total_batches,14218.0,14228.0
542,sorter_queues_total_batches,14231.0,14239.0
543,sorter_queues_total_batches,14264.5,14265.0
544,sorter_queues_total_batches,14292.0,14293.0
545,sorter_queues_total_batches,14325.5,14335.0
546,sorter_queues_total_batches,14342.5,14347.0
547,sorter_queues_total_batches,14366.0,14370.0
548,sorter_queues_total_batches,14393.0,14412.0
549,sorter_queues_total_batches,14425.5,14440.0
550,sorter_queues_total_batches,14452.0,14463.0
551,sorter_queues_total_batches,14462.5,14474.0
552,sorter_queues_total_batches,14499.0,14502.0
553,sorter_queues_total_batches,14521.5,14532.0
554,sorter_queues_total_batches,14537.0,14545.0
555,sorter_queues_total_batches,14568.0,14569.0
556,sorter_queues_total_batches,14598.5,14599.0
557,sorter_queues_total_batches,14637.5,14652.0
558,sorter_queues_total_batches,14659.5,14667.0
559,sorter_queues_total_batches,14683.0,14685.0
560,sorter_queues_total_batches,14720.5,14736.0
561,sorter_queues_total_batches,14745.5,14760.0
562,sorter_queues_total_batches,14771.5,14787.0
563,sorter_queues_total_batches,14782.5,14794.0
564,sorter_queues_total_batches,14826.5,14827.0
565,sorter_queues_total_batches,14842.5,14852.0
566,sorter_queues_total_batches,14864.0,14874.0
567,sorter_queues_total_batches,14901.5,14903.0
568,sorter_queues_total_batches,14929.5,14932.0
569,sorter_queues_total_batches,14968.0,14980.0
570,sorter_queues_total_batches,14983.5,14987.0
571,sorter_queues_total_batches,15007.5,15009.0
572,sorter_queues_total_batches,15043.0,15058.0
573,sorter_queues_total_batches,15067.0,15081.0
574,sorter_queues_total_batches,15086.0,15096.0
575,sorter_queues_total_batches,15093.0,15102.0
576,sorter_queues_total_batches,15135.5,15139.0
577,sorter_queues_total_batches,15158.5,15169.0
578,sorter_queues_total_batches,15173.5,15181.0
579,sorter_queues_total_batches,15203.5,15207.0
580,sorter_queues_total_batches,15236.5,15237.0
581,sorter_queues_total_batches,15281.5,15295.0
582,sorter_queues_total_batches,15298.0,15307.0
583,sorter_queues_total_batches,15322.0,15324.0
584,sorter_queues_total_batches,15356.5,15370.0
585,sorter_queues_total_batches,15378.0,15394.0
586,sorter_queues_total_batches,15405.5,15419.0
587,sorter_queues_total_batches,15417.5,15428.0
588,sorter_queues_total_batches,15449.5,15453.0
589,sorter_queues_total_batches,15472.5,15481.0
590,sorter_queues_total_batches,15485.0,15495.0
591,sorter_queues_total_batches,15520.5,15522.0
592,sorter_queues_total_batches,15550.0,15550.0
593,sorter_queues_total_batches,15592.0,15605.0
594,sorter_queues_total_batches,15608.5,15617.0
595,sorter_queues_total_batches,15632.0,15635.0
596,sorter_queues_total_batches,15669.0,15685.0
597,sorter_queues_total_batches,15697.5,15712.0
598,sorter_queues_total_batches,15724.5,15738.0
599,sorter_queues_total_batches,15736.0,15747.0
600,sorter_queues_total_batches,15776.5,15778.0
601,sorter_queues_total_batches,15802.5,15810.0
602,sorter_queues_total_batches,15813.5,15821.0
603,sorter_queues_total_batches,15850.5,15852.0
604,sorter_queues_total_batches,15884.0,15886.0
605,sorter_queues_total_batches,15911.0,15927.0
606,sorter_queues_total_batches,15927.0,15929.0
607,sorter_queues_total_batches,15947.5,15952.0
608,sorter_queues_total_batches,15977.5,15993.0
609,sorter_queues_total_batches,15999.0,16014.0
610,sorter_queues_total_batches,16030.0,16041.0
611,sorter_queues_total_batches,16044.5,16057.0
612,sorter_queues_total_batches,16086.5,16087.0
613,sorter_queues_total_batches,16100.0,16108.0
614,sorter_queues_total_batches,16112.5,16119.0
615,sorter_queues_total_batches,16152.0,16157.0
616,sorter_queues_total_batches,16176.5,16178.0
617,sorter_queues_total_batches,16211.5,16224.0
618,sorter_queues_total_batches,16232.5,16234.0
619,sorter_queues_total_batches,16245.0,16247.0
620,sorter_queues_total_batches,16279.5,16296.0
621,sorter_queues_total_batches,16309.5,16324.0
622,sorter_queues_total_batches,16341.0,16355.0
623,sorter_queues_total_batches,16355.0,16366.0
624,sorter_queues_total_batches,16392.5,16393.0
625,sorter_queues_total_batches,16413.5,16423.0
626,sorter_queues_total_batches,16426.5,16434.0
627,sorter_queues_total_batches,16460.5,16461.0
628,sorter_queues_total_batches,16488.5,16494.0
629,sorter_queues_total_batches,16529.5,16541.0
630,sorter_queues_total_batches,16551.0,16558.0
631,sorter_queues_total_batches,16576.0,16580.0
632,sorter_queues_total_batches,16605.5,16625.0
633,sorter_queues_total_batches,16630.5,16645.0
634,sorter_queues_total_batches,16660.0,16672.0
635,sorter_queues_total_batches,16677.5,16689.0
636,sorter_queues_total_batches,16716.5,16719.0
637,sorter_queues_total_batches,16740.5,16750.0
638,sorter_queues_total_batches,16757.5,16764.0
639,sorter_queues_total_batches,16795.0,16796.0
640,sorter_queues_total_batches,16825.5,16829.0
641,sorter_queues_total_batches,16859.5,16873.0
642,sorter_queues_total_batches,16881.0,16888.0
643,sorter_queues_total_batches,16900.0,16900.0
644,sorter_queues_total_batches,16938.5,16954.0
645,sorter_queues_total_batches,16967.5,16984.0
646,sorter_queues_total_batches,16998.5,17013.0
647,sorter_queues_total_batches,17006.0,17015.0
648,sorter_queues_total_batches,17041.5,17043.0
649,sorter_queues_total_batches,17068.0,17079.0
650,sorter_queues_total_batches,17083.0,17090.0
651,sorter_queues_total_batches,17124.0,17125.0
652,sorter_queues_total_batches,17151.0,17154.0
653,sorter_queues_total_batches,17190.5,17208.0
654,sorter_queues_total_batches,17216.0,17220.0
655,sorter_queues_total_batches,17230.5,17233.0
656,sorter_queues_total_batches,17264.5,17282.0
657,sorter_queues_total_batches,17295.0,17309.0
658,sorter_queues_total_batches,17321.5,17333.0
659,sorter_queues_total_batches,17337.0,17350.0
660,sorter_queues_total_batches,17374.0,17376.0
661,sorter_queues_total_batches,17390.5,17399.0
662,sorter_queues_total_batches,17415.5,17424.0
663,sorter_queues_total_batches,17446.5,17449.0
664,sorter_queues_total_batches,17471.0,17474.0
665,sorter_queues_total_batches,17510.0,17524.0
666,sorter_queues_total_batches,17526.0,17530.0
667,sorter_queues_total_batches,17551.0,17556.0
668,sorter_queues_total_batches,17584.5,17602.0
669,sorter_queues_total_batches,17613.0,17627.0
670,sorter_queues_total_batches,17629.5,17640.0
671,sorter_queues_total_batches,17643.0,17655.0
672,sorter_queues_total_batches,17681.0,17681.0
673,sorter_queues_total_batches,17697.0,17706.0
674,sorter_queues_total_batches,17712.5,17720.0
675,sorter_queues_total_batches,17757.0,17760.0
676,sorter_queues_total_batches,17783.5,17785.0
677,sorter_queues_total_batches,17824.0,17836.0
678,sorter_queues_total_batches,17844.5,17849.0
679,sorter_queues_total_batches,17868.5,17872.0
680,sorter_queues_total_batches,17902.5,17922.0
681,sorter_queues_total_batches,17933.5,17946.0
682,sorter_queues_total_batches,17962.0,17973.0
683,sorter_queues_total_batches,17975.0,17987.0
684,sorter_queues_total_batches,18012.0,18015.0
685,sorter_queues_total_batches,18028.5,18036.0
686,sorter_queues_total_batches,18047.5,18057.0
687,sorter_queues_total_batches,18082.5,18085.0
688,sorter_queues_total_batches,18112.0,18114.0
689,sorter_queues_total_batches,18154.0,18171.0
690,sorter_queues_total_batches,18177.0,18184.0
691,sorter_queues_total_batches,18200.0,18204.0
692,sorter_queues_total_batches,18231.0,18246.0
693,sorter_queues_total_batches,18259.0,18275.0
694,sorter_queues_total_batches,18286.5,18299.0
695,sorter_queues_total_batches,18299.5,18312.0
696,sorter_queues_total_batches,18339.0,18345.0
697,sorter_queues_total_batches,18354.0,18361.0
698,sorter_queues_total_batches,18370.0,18378.0
699,sorter_queues_total_batches,18407.0,18408.0
700,sorter_queues_total_batches,18432.5,18433.0
701,sorter_queues_total_batches,18469.0,18484.0
702,sorter_queues_total_batches,18491.0,18493.0
703,sorter_queues_total_batches,18509.5,18514.0
704,sorter_queues_total_batches,18540.5,18559.0
705,sorter_queues_total_batches,18572.0,18587.0
706,sorter_queues_total_batches,18594.5,18606.0
707,sorter_queues_total_batches,18605.5,18617.0
708,sorter_queues_total_batches,18646.0,18647.0
709,sorter_queues_total_batches,18665.5,18672.0
710,sorter_queues_total_batches,18684.5,18692.0
711,sorter_queues_total_batches,18723.5,18724.0
712,sorter_queues_total_batches,18751.5,18752.0
713,sorter_queues_total_batches,18788.5,18802.0
714,sorter_queues_total_batches,18808.0,18811.0
715,sorter_queues_total_batches,18827.0,18830.0
716,sorter_queues_total_batches,18864.5,18881.0
717,sorter_queues_total_batches,18891.5,18907.0
718,sorter_queues_total_batches,18915.0,18924.0
719,sorter_queues_total_batches,18934.0,18945.0
720,sorter_queues_total_batches,18968.0,18969.0
721,sorter_queues_total_batches,18989.5,18996.0
722,sorter_queues_total_batches,19007.5,19017.0
723,sorter_queues_total_batches,19048.0,19049.0
724,sorter_queues_total_batches,19075.5,19076.0
725,sorter_queues_total_batches,19115.5,19129.0
726,sorter_queues_total_batches,19134.5,19136.0
727,sorter_queues_total_batches,19159.5,19164.0
728,sorter_queues_total_batches,19192.0,19208.0
729,sorter_queues_total_batches,19220.5,19235.0
730,sorter_queues_total_batches,19248.0,19264.0
731,sorter_queues_total_batches,19262.0,19273.0
732,sorter_queues_total_batches,19297.5,19299.0
733,sorter_queues_total_batches,19323.0,19330.0
734,sorter_queues_total_batches,19339.0,19346.0
735,sorter_queues_total_batches,19370.5,19373.0
736,sorter_queues_total_batches,19399.5,19402.0
737,sorter_queues_total_batches,19440.0,19452.0
738,sorter_queues_total_batches,19458.5,19460.0
739,sorter_queues_total_batches,19478.5,19483.0
740,sorter_queues_total_batches,19512.5,19530.0
741,sorter_queues_total_batches,19539.5,19554.0
742,sorter_queues_total_batches,19567.0,19584.0
743,sorter_queues_total_batches,19581.0,19591.0
744,sorter_queues_total_batches,19618.0,19618.0
745,sorter_queues_total_batches,19633.5,19642.0
746,sorter_queues_total_batches,19656.5,19666.0
747,sorter_queues_total_batches,19691.0,19691.0
748,sorter_queues_total_batches,19724.5,19729.0
749,sorter_queues_total_batches,19766.5,19779.0
750,sorter_queues_total_batches,19786.5,19789.0
751,sorter_queues_total_batches,19807.5,19811.0
752,sorter_queues_total_batches,19842.5,19859.0
753,sorter_queues_total_batches,19870.0,19888.0
754,sorter_queues_total_batches,19892.0,19905.0
755,sorter_queues_total_batches,19906.0,19917.0
756,sorter_queues_total_batches,19948.0,19948.0
757,sorter_queues_total_batches,19957.0,19966.0
758,sorter_queues_total_batches,19972.0,19979.0
759,sorter_queues_total_batches,20010.5,20012.0
760,sorter_queues_total_batches,20042.5,20044.0
761,sorter_queues_total_batches,20077.0,20091.0
762,sorter_queues_total_batches,20099.0,20106.0
763,sorter_queues_total_batches,20114.0,20118.0
764,sorter_queues_total_batches,20142.5,20160.0
765,sorter_queues_total_batches,20166.0,20180.0
766,sorter_queues_total_batches,20192.0,20208.0
767,sorter_queues_total_batches,20204.0,20213.0
768,sorter_queues_total_batches,20242.5,20247.0
769,sorter_queues_total_batches,20261.0,20272.0
770,sorter_queues_total_batches,20277.5,20286.0
771,sorter_queues_total_batches,20317.0,20319.0
772,sorter_queues_total_batches,20338.0,20339.0
773,sorter_queues_total_batches,20377.0,20391.0
774,sorter_queues_total_batches,20400.0,20402.0
775,sorter_queues_total_batches,20420.0,20423.0
776,sorter_queues_total_batches,20450.0,20470.0
777,sorter_queues_total_batches,20482.0,20497.0
778,sorter_queues_total_batches,20509.0,20520.0
779,sorter_queues_total_batches,20520.0,20529.0
780,sorter_queues_total_batches,20561.0,20564.0
781,sorter_queues_total_batches,20580.5,20588.0
782,sorter_queues_total_batches,20595.0,20603.0
783,sorter_queues_total_batches,20634.0,20636.0
784,sorter_queues_total_batches,20657.5,20659.0
785,sorter_queues_total_batches,20693.5,20708.0
786,sorter_queues_total_batches,20714.0,20720.0
787,sorter_queues_total_batches,20735.5,20739.0
788,sorter_queues_total_batches,20769.0,20784.0
789,sorter_queues_total_batches,20798.0,20814.0
790,sorter_queues_total_batches,20822.0,20836.0
791,sorter_queues_total_batches,20834.5,20845.0
792,sorter_queues_total_batches,20877.0,20878.0
793,sorter_queues_total_batches,20894.0,20900.0
794,sorter_queues_total_batches,20916.0,20924.0
795,sorter_queues_total_batches,20953.0,20955.0
796,sorter_queues_total_batches,20979.5,20980.0
797,sorter_queues_total_batches,21017.5,21031.0
798,sorter_queues_total_batches,21037.5,21044.0
799,sorter_queues_total_batches,21054.5,21057.0
800,sorter_queues_total_batches,21089.0,21105.0
801,sorter_queues_total_batches,21122.0,21139.0
802,sorter_queues_total_batches,21149.0,21164.0
803,sorter_queues_total_batches,21167.5,21179.0
804,sorter_queues_total_batches,21208.0,21210.0
805,sorter_queues_total_batches,21225.0,21234.0
806,sorter_queues_total_batches,21248.0,21256.0
807,sorter_queues_total_batches,21282.5,21286.0
808,sorter_queues_total_batches,21310.0,21312.0
809,sorter_queues_total_batches,21347.5,21362.0
810,sorter_queues_total_batches,21369.5,21373.0
811,sorter_queues_total_batches,21389.0,21395.0
812,sorter_queues_total_batches,21420.5,21438.0
813,sorter_queues_total_batches,21455.0,21469.0
814,sorter_queues_total_batches,21476.5,21489.0
815,sorter_queues_total_batches,21484.0,21494.0
816,sorter_queues_total_batches,21524.0,21525.0
817,sorter_queues_total_batches,21544.0,21554.0
818,sorter_queues_total_batches,21560.0,21568.0
819,sorter_queues_total_batches,21599.5,21602.0
820,sorter_queues_total_batches,21620.0,21621.0
821,sorter_queues_total_batches,21663.0,21678.0
822,sorter_queues_total_batches,21684.0,21687.0
823,sorter_queues_total_batches,21703.0,21706.0
824,sorter_queues_total_batches,21738.0,21760.0
825,sorter_queues_total_batches,21765.5,21781.0
826,sorter_queues_total_batches,21789.5,21804.0
827,sorter_queues_total_batches,21808.0,21818.0
828,sorter_queues_total_batches,21842.0,21842.0
829,sorter_queues_total_batches,21864.0,21873.0
830,sorter_queues_total_batches,21884.5,21893.0
831,sorter_queues_total_batches,21926.0,21926.0
832,sorter_queues_total_batches,21955.0,21955.0
833,sorter_queues_total_batches,21989.5,22003.0
834,sorter_queues_total_batches,22012.5,22020.0
835,sorter_queues_total_batches,22030.5,22037.0
836,sorter_queues_total_batches,22060.0,22076.0
837,sorter_queues_total_batches,22083.5,22098.0
838,sorter_queues_total_batches,22116.5,22133.0
839,sorter_queues_total_batches,22126.5,22138.0
840,sorter_queues_total_batches,22159.0,22162.0
841,sorter_queues_total_batches,22183.5,22192.0
842,sorter_queues_total_batches,22197.0,22204.0
843,sorter_queues_total_batches,22238.0,22241.0
844,sorter_queues_total_batches,22261.5,22263.0
845,sorter_queues_total_batches,22301.5,22314.0
846,sorter_queues_total_batches,22317.5,22319.0
847,sorter_queues_total_batches,22335.0,22336.0
848,sorter_queues_total_batches,22371.0,22387.0
849,sorter_queues_total_batches,22392.5,22406.0
850,sorter_queues_total_batches,22418.0,22430.0
851,sorter_queues_total_batches,22434.0,22445.0
852,sorter_queues_total_batches,22471.5,22474.0
853,sorter_queues_total_batches,22491.0,22500.0
854,sorter_queues_total_batches,22507.5,22515.0
855,sorter_queues_total_batches,22545.5,22548.0
856,sorter_queues_total_batches,22572.5,22574.0
857,sorter_queues_total_batches,22613.0,22627.0
858,sorter_queues_total_batches,22631.5,22636.0
859,sorter_queues_total_batches,22652.5,22655.0
860,sorter_queues_total_batches,22679.5,22698.0
861,sorter_queues_total_batches,22711.0,22725.0
862,sorter_queues_total_batches,22738.0,22746.0
863,sorter_queues_total_batches,22749.5,22760.0
864,sorter_queues_total_batches,22787.5,22789.0
865,sorter_queues_total_batches,22802.0,22811.0
866,sorter_queues_total_batches,22821.0,22828.0
867,sorter_queues_total_batches,22852.0,22855.0
868,sorter_queues_total_batches,22880.0,22880.0
869,sorter_queues_total_batches,22916.5,22927.0
870,sorter_queues_total_batches,22939.0,22944.0
871,sorter_queues_total_batches,22960.5,22965.0
872,sorter_queues_total_batches,22987.5,23002.0
873,sorter_queues_total_batches,23018.0,23036.0
874,sorter_queues_total_batches,23045.5,23059.0
875,sorter_queues_total_batches,23059.5,23071.0
876,sorter_queues_total_batches,23102.5,23106.0
877,sorter_queues_total_batches,23119.5,23130.0
878,sorter_queues_total_batches,23136.0,23143.0
879,sorter_queues_total_batches,23175.5,23176.0
880,sorter_queues_total_batches,23206.0,23211.0
881,sorter_queues_total_batches,23248.5,23260.0
882,sorter_queues_total_batches,23273.5,23279.0
883,sorter_queues_total_batches,23297.0,23301.0
884,sorter_queues_total_batches,23329.5,23349.0
885,sorter_queues_total_batches,23359.5,23372.0
886,sorter_queues_total_batches,23388.5,23401.0
887,sorter_queues_total_batches,23397.5,23409.0
888,sorter_queues_total_batches,23438.5,23439.0
889,sorter_queues_total_batches,23456.0,23466.0
890,sorter_queues_total_batches,23476.0,23485.0
891,sorter_queues_total_batches,23512.0,23513.0
892,sorter_queues_total_batches,23537.0,23539.0
893,sorter_queues_total_batches,23571.0,23585.0
894,sorter_queues_total_batches,23596.5,23600.0
895,sorter_queues_total_batches,23617.5,23623.0
896,sorter_queues_total_batches,23647.0,23665.0
897,sorter_queues_total_batches,23674.5,23688.0
898,sorter_queues_total_batches,23704.5,23718.0
899,sorter_queues_total_batches,23717.0,23729.0
900,sorter_queues_total_batches,23759.0,23764.0
901,sorter_queues_total_batches,23775.0,23786.0
902,sorter_queues_total_batches,23790.0,23798.0
903,sorter_queues_total_batches,23829.5,23831.0
904,sorter_queues_total_batches,23857.0,23858.0
905,sorter_queues_total_batches,23901.0,23914.0
906,sorter_queues_total_batches,23916.0,23919.0
907,sorter_queues_total_batches,23941.0,23945.0
908,sorter_queues_total_batches,23971.5,23990.0
909,sorter_queues_total_batches,24003.0,24017.0
910,sorter_queues_total_batches,24029.5,24043.0
911,sorter_queues_total_batches,24039.0,24048.0
912,sorter_queues_total_batches,24075.5,24078.0
913,sorter_queues_total_batches,24099.5,24107.0
914,sorter_queues_total_batches,24111.5,24120.0
915,sorter_queues_total_batches,24154.0,24155.0
916,sorter_queues_total_batches,24177.5,24180.0
917,sorter_queues_total_batches,24217.5,24230.0
918,sorter_queues_total_batches,24239.0,24243.0
919,sorter_queues_total_batches,24263.5,24267.0
920,sorter_queues_total_batches,24297.0,24316.0
921,sorter_queues_total_batches,24326.0,24342.0
922,sorter_queues_total_batches,24346.0,24359.0
923,sorter_queues_total_batches,24358.0,24367.0
924,sorter_queues_total_batches,24394.5,24399.0
925,sorter_queues_total_batches,24423.5,24435.0
926,sorter_queues_total_batches,24438.0,24447.0
927,sorter_queues_total_batches,24474.0,24476.0
928,sorter_queues_total_batches,24495.5,24496.0
929,sorter_queues_total_batches,24533.5,24550.0
930,sorter_queues_total_batches,24554.5,24557.0
931,sorter_queues_total_batches,24575.0,24579.0
932,sorter_queues_total_batches,24610.0,24624.0
933,sorter_queues_total_batches,24636.0,24654.0
934,sorter_queues_total_batches,24667.0,24679.0
935,sorter_queues_total_batches,24679.0,24691.0
936,sorter_queues_total_batches,24718.0,24719.0
937,sorter_queues_total_batches,24738.0,24745.0
938,sorter_queues_total_batches,24754.0,24762.0
939,sorter_queues_total_batches,24791.5,24793.0
940,sorter_queues_total_batches,24823.5,24825.0
941,sorter_queues_total_batches,24862.0,24877.0
942,sorter_queues_total_batches,24886.0,24889.0
943,sorter_queues_total_batches,24910.5,24914.0
944,sorter_queues_total_batches,24939.0,24956.0
945,sorter_queues_total_batches,24968.5,24984.0
946,sorter_queues_total_batches,24994.5,25008.0
947,sorter_queues_total_batches,25010.5,25021.0
948,sorter_queues_total_batches,25050.0,25051.0
949,sorter_queues_total_batches,25069.5,25080.0
950,sorter_queues_total_batches,25088.0,25098.0
951,sorter_queues_total_batches,25125.5,25126.0
952,sorter_queues_total_batches,25153.5,25155.0
953,sorter_queues_total_batches,25198.0,25213.0
954,sorter_queues_total_batches,25216.5,25221.0
955,sorter_queues_total_batches,25235.0,25238.0
956,sorter_queues_total_batches,25266.5,25284.0
957,sorter_queues_total_batches,25296.0,25312.0
958,sorter_queues_total_batches,25317.0,25330.0
959,sorter_queues_total_batches,25331.0,25343.0
960,sorter_queues_total_batches,25371.5,25377.0
961,sorter_queues_total_batches,25395.5,25407.0
962,sorter_queues_total_batches,25409.5,25416.0
963,sorter_queues_total_batches,25452.0,25454.0
964,sorter_queues_total_batches,25479.5,25480.0
965,sorter_queues_total_batches,25522.5,25533.0
966,sorter_queues_total_batches,25538.0,25545.0
967,sorter_queues_total_batches,25557.0,25557.0
968,sorter_queues_total_batches,25589.5,25607.0
969,sorter_queues_total_batches,25619.5,25636.0
970,sorter_queues_total_batches,25645.5,25659.0
971,sorter_queues_total_batches,25656.0,25665.0
972,sorter_queues_total_batches,25692.5,25695.0
973,sorter_queues_total_batches,25716.5,25726.0
974,sorter_queues_total_batches,25734.0,25741.0
975,sorter_queues_total_batches,25768.5,25770.0
976,sorter_queues_total_batches,25797.0,25798.0
977,sorter_queues_total_batches,25834.0,25847.0
978,sorter_queues_total_batches,25854.5,25858.0
979,sorter_queues_total_batches,25873.5,25878.0
980,sorter_queues_total_batches,25899.5,25915.0
981,sorter_queues_total_batches,25929.0,25948.0
982,sorter_queues_total_batches,25956.5,25967.0
983,sorter_queues_total_batches,25972.0,25983.0
984,sorter_queues_total_batches,26009.5,26010.0
985,sorter_queues_total_batches,26023.5,26032.0
986,sorter_queues_total_batches,26042.5,26050.0
987,sorter_queues_total_batches,26079.5,26082.0
988,sorter_queues_total_batches,26104.5,26105.0
989,sorter_queues_total_batches,26142.5,26155.0
990,sorter_queues_total_batches,26166.0,26170.0
991,sorter_queues_total_batches,26182.5,26187.0
992,sorter_queues_total_batches,26208.0,26225.0
993,sorter_queues_total_batches,26235.5,26251.0
994,sorter_queues_total_batches,26260.0,26272.0
995,sorter_queues_total_batches,26269.0,26282.0
996,sorter_queues_total_batches,26308.0,26310.0
997,sorter_queues_total_batches,26330.0,26343.0
998,sorter_queues_total_batches,26346.0,26355.0
999,sorter_queues_total_batches,26378.5,26380.0
1000,sorter_queues_total_batches,26406.5,26407.0
1001,sorter_queues_total_batches,26435.0,26448.0
1002,sorter_queues_total_batches,26454.0,26459.0
1003,sorter_queues_total_batches,26476.5,26479.0
1004,sorter_queues_total_batches,26509.0,26526.0
1005,sorter_queues_total_batches,26539.0,26551.0
1006,sorter_queues_total_batches,26562.5,26576.0
1007,sorter_queues_total_batches,26580.0,26594.0
1008,sorter_queues_total_batches,26617.5,26618.0
1009,sorter_queues_total_batches,26640.0,26648.0
1010,sorter_queues_total_batches,26659.0,26668.0
1011,sorter_queues_total_batches,26699.0,26699.0
1012,sorter_queues_total_batches,26722.5,26724.0
1013,sorter_queues_total_batches,26755.5,26767.0
1014,sorter_queues_total_batches,26773.0,26775.0
1015,sorter_queues_total_batches,26791.0,26794.0
1016,sorter_queues_total_batches,26822.0,26837.0
1017,sorter_queues_total_batches,26846.0,26860.0
1018,sorter_queues_total_batches,26873.5,26887.0
1019,sorter_queues_total_batches,26890.0,26900.0
1020,sorter_queues_total_batches,26931.5,26934.0
1021,sorter_queues_total_batches,26948.0,26956.0
1022,sorter_queues_total_batches,26962.5,26972.0
1023,sorter_queues_total_batches,27004.0,27006.0
1024,sorter_queues_total_batches,27031.5,27032.0
1025,sorter_queues_total_batches,27069.0,27082.0
1026,sorter_queues_total_batches,27092.0,27095.0
1027,sorter_queues_total_batches,27111.0,27113.0
1028,sorter_queues_total_batches,27142.0,27158.0
1029,sorter_queues_total_batches,27166.5,27183.0
1030,sorter_queues_total_batches,27188.5,27200.0
1031,sorter_queues_total_batches,27205.0,27216.0
1032,sorter_queues_total_batches,27243.5,27244.0
1033,sorter_queues_total_batches,27265.0,27273.0
1034,sorter_queues_total_batches,27284.0,27292.0
1035,sorter_queues_total_batches,27321.0,27322.0
1036,sorter_queues_total_batches,27349.5,27352.0
1037,sorter_queues_total_batches,27387.5,27406.0
1038,sorter_queues_total_batches,27411.5,27418.0
1039,sorter_queues_total_batches,27426.5,27429.0
1040,sorter_queues_total_batches,27451.5,27467.0
1041,sorter_queues_total_batches,27482.0,27499.0
1042,sorter_queues_total_batches,27502.0,27511.0
1043,sorter_queues_total_batches,27514.5,27527.0
1044,sorter_queues_total_batches,27559.0,27564.0
1045,sorter_queues_total_batches,27580.0,27589.0
1046,sorter_queues_total_batches,27592.0,27600.0
1047,sorter_queues_total_batches,27628.5,27629.0
1048,sorter_queues_total_batches,27659.0,27660.0
1049,sorter_queues_total_batches,27688.0,27703.0
1050,sorter_queues_total_batches,27712.5,27718.0
1051,sorter_queues_total_batches,27733.5,27736.0
1052,sorter_queues_total_batches,27768.0,27783.0
1053,sorter_queues_total_batches,27796.0,27811.0
1054,sorter_queues_total_batches,27824.5,27837.0
1055,sorter_queues_total_batches,27834.5,27844.0
1056,sorter_queues_total_batches,27879.5,27881.0
1057,sorter_queues_total_batches,27894.0,27904.0
1058,sorter_queues_total_batches,27915.5,27926.0
1059,sorter_queues_total_batches,27950.5,27951.0
1060,sorter_queues_total_batches,27980.5,27984.0
1061,sorter_queues_total_batches,28017.0,28032.0
1062,sorter_queues_total_batches,28040.5,28046.0
1063,sorter_queues_total_batches,28061.0,28063.0
1064,sorter_queues_total_batches,28097.0,28114.0
1065,sorter_queues_total_batches,28132.0,28151.0
1066,sorter_queues_total_batches,28160.5,28175.0
1067,sorter_queues_total_batches,28176.5,28187.0
1068,sorter_queues_total_batches,28214.5,28216.0
1069,sorter_queues_total_batches,28238.5,28242.0
1070,sorter_queues_total_batches,28252.0,28260.0
1071,sorter_queues_total_batches,28288.5,28289.0
1072,sorter_queues_total_batches,28320.5,28322.0
1073,sorter_queues_total_batches,28353.0,28369.0
1074,sorter_queues_total_batches,28377.0,28384.0
1075,sorter_queues_total_batches,28396.5,28403.0
1076,sorter_queues_total_batches,28428.0,28447.0
1077,sorter_queues_total_batches,28455.0,28470.0
1078,sorter_queues_total_batches,28484.5,28496.0
1079,sorter_queues_total_batches,28493.0,28502.0
1080,sorter_queues_total_batches,28533.5,28537.0
1081,sorter_queues_total_batches,28553.0,28564.0
1082,sorter_queues_total_batches,28570.0,28578.0
1083,sorter_queues_total_batches,28605.0,28607.0
1084,sorter_queues_total_batches,28635.5,28636.0
1085,sorter_queues_total_batches,28675.5,28690.0
1086,sorter_queues_total_batches,28698.0,28704.0
1087,sorter_queues_total_batches,28714.0,28716.0
1088,sorter_queues_total_batches,28743.5,28760.0
1089,sorter_queues_total_batches,28773.0,28790.0
1090,sorter_queues_total_batches,28793.0,28806.0
1091,sorter_queues_total_batches,28807.0,28818.0
1092,sorter_queues_total_batches,28847.5,28851.0
1093,sorter_queues_total_batches,28863.0,28871.0
1094,sorter_queues_total_batches,28874.0,28881.0
1095,sorter_queues_total_batches,28913.0,28914.0
1096,sorter_queues_total_batches,28942.5,28947.0
1097,sorter_queues_total_batches,28980.5,28996.0
1098,sorter_queues_total_batches,28999.5,29000.0
1099,sorter_queues_total_batches,29021.0,29027.0
1100,sorter_queues_total_batches,29048.0,29068.0
1101,sorter_queues_total_batches,29074.0,29087.0
1102,sorter_queues_total_batches,29102.5,29116.0
1103,sorter_queues_total_batches,29117.5,29128.0
1104,sorter_queues_total_batches,29158.5,29161.0
1105,sorter_queues_total_batches,29173.5,29181.0
1106,sorter_queues_total_batches,29188.5,29198.0
1107,sorter_queues_total_batches,29228.0,29230.0
1108,sorter_queues_total_batches,29250.0,29251.0
1109,sorter_queues_total_batches,29285.0,29298.0
1110,sorter_queues_total_batches,29305.0,29310.0
1111,sorter_queues_total_batches,29327.5,29331.0
1112,sorter_queues_total_batches,29359.0,29376.0
1113,sorter_queues_total_batches,29386.5,29403.0
1114,sorter_queues_total_batches,29418.0,29428.0
1115,sorter_queues_total_batches,29426.5,29437.0
1116,sorter_queues_total_batches,29462.5,29463.0
1117,sorter_queues_total_batches,29481.5,29491.0
1118,sorter_queues_total_batches,29497.0,29503.0
1119,sorter_queues_total_batches,29532.0,29533.0
1120,sorter_queues_total_batches,29556.5,29557.0
1121,sorter_queues_total_batches,29589.5,29601.0
1122,sorter_queues_total_batches,29611.0,29620.0
1123,sorter_queues_total_batches,29633.0,29635.0
1124,sorter_queues_total_batches,29662.5,29680.0
1125,sorter_queues_total_batches,29690.5,29706.0
1126,sorter_queues_total_batches,29719.5,29735.0
1127,sorter_queues_total_batches,29734.0,29744.0
1128,sorter_queues_total_batches,29767.0,29770.0
1129,sorter_queues_total_batches,29793.5,29804.0
1130,sorter_queues_total_batches,29808.5,29816.0
1131,sorter_queues_total_batches,29843.5,29845.0
1132,sorter_queues_total_batches,29873.0,29873.0
1133,sorter_queues_total_batches,29907.0,29922.0
1134,sorter_queues_total_batches,29928.0,29935.0
1135,sorter_queues_total_batches,29948.5,29950.0
1136,sorter_queues_total_batches,29977.5,29994.0
1137,sorter_queues_total_batches,30008.0,30021.0
1138,sorter_queues_total_batches,30036.0,30051.0
1139,sorter_queues_total_batches,30051.0,30062.0
1140,sorter_queues_total_batches,30093.0,30093.0
1141,sorter_queues_total_batches,30108.0,30115.0
1142,sorter_queues_total_batches,30124.0,30131.0
1143,sorter_queues_total_batches,30158.0,30161.0
1144,sorter_queues_total_batches,30182.5,30185.0
1145,sorter_queues_total_batches,30223.5,30237.0
1146,sorter_queues_total_batches,30239.0,30243.0
1147,sorter_queues_total_batches,30259.5,30263.0
1148,sorter_queues_total_batches,30287.5,30306.0
1149,sorter_queues_total_batches,30322.0,30337.0
1150,sorter_queues_total_batches,30350.0,30365.0
1151,sorter_queues_total_batches,30366.0,30378.0
1152,sorter_queues_total_batches,30402.5,30404.0
1153,sorter_queues_total_batches,30424.5,30432.0
1154,sorter_queues_total_batches,30439.0,30446.0
1155,sorter_queues_total_batches,30471.5,30472.0
1156,sorter_queues_total_batches,30503.5,30506.0
1157,sorter_queues_total_batches,30540.5,30554.0
1158,sorter_queues_total_batches,30565.5,30570.0
1159,sorter_queues_total_batches,30583.5,30586.0
1160,sorter_queues_total_batches,30610.0,30626.0
1161,sorter_queues_total_batches,30644.5,30660.0
1162,sorter_queues_total_batches,30672.5,30685.0
1163,sorter_queues_total_batches,30677.5,30689.0
1164,sorter_queues_total_batches,30716.0,30719.0
1165,sorter_queues_total_batches,30733.0,30744.0
1166,sorter_queues_total_batches,30746.0,30752.0
1167,sorter_queues_total_batches,30779.0,30781.0
1168,sorter_queues_total_batches,30809.5,30810.0
1169,sorter_queues_total_batches,30845.5,30859.0
1170,sorter_queues_total_batches,30869.0,30878.0
1171,sorter_queues_total_batches,30883.5,30884.0
1172,sorter_queues_total_batches,30911.0,30927.0
1173,sorter_queues_total_batches,30937.5,30950.0
1174,sorter_queues_total_batches,30972.5,30986.0
1175,sorter_queues_total_batches,30988.0,30999.0
1176,sorter_queues_total_batches,31029.0,31030.0
1177,sorter_queues_total_batches,31045.0,31052.0
1178,sorter_queues_total_batches,31061.0,31069.0
1179,sorter_queues_total_batches,31099.0,31100.0
1180,sorter_queues_total_batches,31124.5,31125.0
1181,sorter_queues_total_batches,31161.0,31175.0
1182,sorter_queues_total_batches,31181.5,31182.0
1183,sorter_queues_total_batches,31198.5,31199.0
1184,sorter_queues_total_batches,31232.0,31247.0
1185,sorter_queues_total_batches,31262.5,31278.0
1186,sorter_queues_total_batches,31286.5,31298.0
1187,sorter_queues_total_batches,31300.5,31313.0
1188,sorter_queues_total_batches,31341.0,31341.0
1189,sorter_queues_total_batches,31360.5,31370.0
1190,sorter_queues_total_batches,31377.0,31384.0
1191,sorter_queues_total_batches,31411.0,31413.0
1192,sorter_queues_total_batches,31441.0,31444.0
1193,sorter_queues_total_batches,31476.0,31490.0
1194,sorter_queues_total_batches,31493.0,31497.0
1195,sorter_queues_total_batches,31513.0,31516.0
1196,sorter_queues_total_batches,31539.5,31552.0
1197,sorter_queues_total_batches,31569.0,31586.0
1198,sorter_queues_total_batches,31592.0,31603.0
1199,sorter_queues_total_batches,31609.5,31622.0
1200,sorter_queues_total_batches,31652.0,31653.0
1201,sorter_queues_total_batches,31677.5,31688.0
1202,sorter_queues_total_batches,31694.0,31700.0
1203,sorter_queues_total_batches,31730.0,31733.0
1204,sorter_queues_total_batches,31753.5,31755.0
1205,sorter_queues_total_batches,31793.0,31806.0
1206,sorter_queues_total_batches,31813.0,31820.0
1207,sorter_queues_total_batches,31834.0,31836.0
1208,sorter_queues_total_batches,31868.0,31887.0
1209,sorter_queues_total_batches,31897.0,31912.0
1210,sorter_queues_total_batches,31928.0,31944.0
1211,sorter_queues_total_batches,31945.0,31955.0
1212,sorter_queues_total_batches,31977.5,31980.0
1213,sorter_queues_total_batches,31994.0,32002.0
1214,sorter_queues_total_batches,32007.0,32015.0
1215,sorter_queues_total_batches,32049.0,32050.0
1216,sorter_queues_total_batches,32077.5,32080.0
1217,sorter_queues_total_batches,32115.0,32129.0
1218,sorter_queues_total_batches,32137.0,32141.0
1219,sorter_queues_total_batches,32159.0,32164.0
1220,sorter_queues_total_batches,32188.5,32208.0
1221,sorter_queues_total_batches,32217.0,32233.0
1222,sorter_queues_total_batches,32243.0,32255.0
1223,sorter_queues_total_batches,32255.5,32263.0
1224,sorter_queues_total_batches,32290.5,32293.0
1225,sorter_queues_total_batches,32311.0,32317.0
1226,sorter_queues_total_batches,32325.5,32333.0
1227,sorter_queues_total_batches,32359.5,32361.0
1228,sorter_queues_total_batches,32390.5,32392.0
1229,sorter_queues_total_batches,32428.0,32440.0
1230,sorter_queues_total_batches,32444.0,32451.0
1231,sorter_queues_total_batches,32469.0,32472.0
1232,sorter_queues_total_batches,32503.5,32519.0
1233,sorter_queues_total_batches,32528.0,32541.0
1234,sorter_queues_total_batches,32554.5,32562.0
1235,sorter_queues_total_batches,32566.0,32574.0
1236,sorter_queues_total_batches,32604.5,32607.0
1237,sorter_queues_total_batches,32625.5,32634.0
1238,sorter_queues_total_batches,32643.5,32652.0
1239,sorter_queues_total_batches,32681.5,32683.0
1240,sorter_queues_total_batches,32710.5,32711.0
1241,sorter_queues_total_batches,32748.0,32762.0
1242,sorter_queues_total_batches,32771.0,32777.0
1243,sorter_queues_total_batches,32786.0,32792.0
1244,sorter_queues_total_batches,32814.5,32830.0
1245,sorter_queues_total_batches,32843.5,32857.0
1246,sorter_queues_total_batches,32871.0,32884.0
1247,sorter_queues_total_batches,32883.0,32894.0
1248,sorter_queues_total_batches,32924.5,32926.0
1249,sorter_queues_total_batches,32942.0,32952.0
1250,sorter_queues_total_batches,32961.5,32969.0
1251,sorter_queues_total_batches,32998.0,32998.0
1252,sorter_queues_total_batches,33021.0,33023.0
1253,sorter_queues_total_batches,33060.5,33077.0
1254,sorter_queues_total_batches,33075.5,33076.0
1255,sorter_queues_total_batches,33101.5,33107.0
1256,sorter_queues_total_batches,33128.5,33147.0
1257,sorter_queues_total_batches,33158.5,33176.0
1258,sorter_queues_total_batches,33184.5,33195.0
1259,sorter_queues_total_batches,33200.5,33211.0
1260,sorter_queues_total_batches,33239.5,33240.0
1261,sorter_queues_total_batches,33264.5,33272.0
1262,sorter_queues_total_batches,33278.5,33286.0
1263,sorter_queues_total_batches,33318.5,33319.0
1264,sorter_queues_total_batches,33346.0,33346.0
1265,sorter_queues_total_batches,33386.5,33402.0
1266,sorter_queues_total_batches,33407.0,33412.0
1267,sorter_queues_total_batches,33426.5,33429.0
1268,sorter_queues_total_batches,33461.5,33475.0
1269,sorter_queues_total_batches,33493.0,33508.0
1270,sorter_queues_total_batches,33521.0,33532.0
1271,sorter_queues_total_batches,33535.5,33548.0
1272,sorter_queues_total_batches,33575.0,33576.0
1273,sorter_queues_total_batches,33593.5,33604.0
1274,sorter_queues_total_batches,33607.5,33616.0
1275,sorter_queues_total_batches,33642.5,33643.0
1276,sorter_queues_total_batches,33673.0,33675.0
1277,sorter_queues_total_batches,33711.5,33726.0
1278,sorter_queues_total_batches,33735.0,33738.0
1279,sorter_queues_total_batches,33757.5,33765.0
1280,sorter_queues_total_batches,33788.5,33803.0
1281,sorter_queues_total_batches,33821.5,33837.0
1282,sorter_queues_total_batches,33851.5,33867.0
1283,sorter_queues_total_batches,33867.0,33876.0
1284,sorter_queues_total_batches,33904.5,33907.0
1285,sorter_queues_total_batches,33922.5,33934.0
1286,sorter_queues_total_batches,33943.0,33953.0
1287,sorter_queues_total_batches,33978.5,33980.0
1288,sorter_queues_total_batches,34004.5,34006.0
1289,sorter_queues_total_batches,34044.5,34058.0
1290,sorter_queues_total_batches,34064.0,34069.0
1291,sorter_queues_total_batches,34087.5,34089.0
1292,sorter_queues_total_batches,34117.0,34132.0
1293,sorter_queues_total_batches,34151.0,34167.0
1294,sorter_queues_total_batches,34178.5,34189.0
1295,sorter_queues_total_batches,34189.5,34201.0
1296,sorter_queues_total_batches,34231.5,34232.0
1297,sorter_queues_total_batches,34246.0,34256.0
1298,sorter_queues_total_batches,34263.0,34272.0
1299,sorter_queues_total_batches,34302.0,34302.0
1300,sorter_queues_total_batches,34327.5,34330.0
1301,sorter_queues_total_batches,34364.0,34381.0
1302,sorter_queues_total_batches,34386.0,34389.0
1303,sorter_queues_total_batches,34408.5,34411.0
1304,sorter_queues_total_batches,34440.0,34459.0
1305,sorter_queues_total_batches,34472.0,34488.0
1306,sorter_queues_total_batches,34499.0,34509.0
1307,sorter_queues_total_batches,34509.0,34519.0
1308,sorter_queues_total_batches,34546.5,34548.0
1309,sorter_queues_total_batches,34569.0,34580.0
1310,sorter_queues_total_batches,34587.0,34594.0
1311,sorter_queues_total_batches,34625.0,34627.0
1312,sorter_queues_total_batches,34646.5,34647.0
1313,sorter_queues_total_batches,34682.5,34693.0
1314,sorter_queues_total_batches,34701.0,34707.0
1315,sorter_queues_total_batches,34724.0,34725.0
1316,sorter_queues_total_batches,34758.5,34777.0
1317,sorter_queues_total_batches,34787.0,34802.0
1318,sorter_queues_total_batches,34816.5,34831.0
1319,sorter_queues_total_batches,34829.0,34840.0
1320,sorter_queues_total_batches,34860.5,34862.0
1321,sorter_queues_total_batches,34882.0,34890.0
1322,sorter_queues_total_batches,34902.0,34909.0
1323,sorter_queues_total_batches,34938.0,34939.0
1324,sorter_queues_total_batches,34964.0,34966.0
1325,sorter_queues_total_batches,35007.5,35015.0
1326,sorter_queues_total_batches,35025.0,35027.0
1327,sorter_queues_total_batches,35045.0,35048.0
1328,sorter_queues_total_batches,35078.0,35095.0
1329,sorter_queues_total_batches,35113.5,35127.0
1330,sorter_queues_total_batches,35136.5,35149.0
1331,sorter_queues_total_batches,35153.0,35165.0
1332,sorter_queues_total_batches,35195.5,35197.0
1333,sorter_queues_total_batches,35211.5,35221.0
1334,sorter_queues_total_batches,35228.5,35235.0
1335,sorter_queues_total_batches,35263.0,35263.0
1336,sorter_queues_total_batches,35288.0,35290.0
1337,sorter_queues_total_batches,35328.5,35342.0
1338,sorter_queues_total_batches,35344.5,35345.0
1339,sorter_queues_total_batches,35359.5,35364.0
1340,sorter_queues_total_batches,35389.5,35405.0
1341,sorter_queues_total_batches,35421.5,35436.0
1342,sorter_queues_total_batches,35448.0,35460.0
1343,sorter_queues_total_batches,35464.5,35475.0
1344,sorter_queues_total_batches,35505.5,35507.0
1345,sorter_queues_total_batches,35520.0,35527.0
1346,sorter_queues_total_batches,35531.5,35538.0
1347,sorter_queues_total_batches,35570.5,35572.0
1348,sorter_queues_total_batches,35596.5,35597.0
1349,sorter_queues_total_batches,35640.5,35654.0
1350,sorter_queues_total_batches,35663.5,35668.0
1351,sorter_queues_total_batches,35680.0,35683.0
1352,sorter_queues_total_batches,35713.5,35731.0
1353,sorter_queues_total_batches,35742.0,35760.0
1354,sorter_queues_total_batches,35764.0,35777.0
1355,sorter_queues_total_batches,35778.0,35790.0
1356,sorter_queues_total_batches,35815.5,35818.0
1357,sorter_queues_total_batches,35829.5,35837.0
1358,sorter_queues_total_batches,35845.0,35853.0
1359,sorter_queues_total_batches,35882.0,35884.0
1360,sorter_queues_total_batches,35906.0,35908.0
1361,sorter_queues_total_batches,35948.0,35966.0
1362,sorter_queues_total_batches,35967.5,35975.0
1363,sorter_queues_total_batches,35993.5,35999.0
1364,sorter_queues_total_batches,36023.0,36043.0
1365,sorter_queues_total_batches,36052.5,36066.0
1366,sorter_queues_total_batches,36078.5,36086.0
1367,sorter_queues_total_batches,36091.5,36105.0
1368,sorter_queues_total_batches,36132.0,36132.0
1369,sorter_queues_total_batches,36154.0,36164.0
1370,sorter_queues_total_batches,36172.5,36179.0
1371,sorter_queues_total_batches,36205.0,36207.0
1372,sorter_queues_total_batches,36236.5,36237.0
1373,sorter_queues_total_batches,36275.0,36290.0
1374,sorter_queues_total_batches,36295.0,36300.0
1375,sorter_queues_total_batches,36320.5,36323.0
1376,sorter_queues_total_batches,36350.0,36368.0
1377,sorter_queues_total_batches,36379.0,36392.0
1378,sorter_queues_total_batches,36407.5,36421.0
1379,sorter_queues_total_batches,36420.0,36431.0
1380,sorter_queues_total_batches,36459.5,36460.0
1381,sorter_queues_total_batches,36476.5,36488.0
1382,sorter_queues_total_batches,36493.5,36501.0
1383,sorter_queues_total_batches,36528.0,36530.0
1384,sorter_queues_total_batches,36559.0,36561.0
1385,sorter_queues_total_batches,36599.0,36611.0
1386,sorter_queues_total_batches,36615.0,36618.0
1387,sorter_queues_total_batches,36634.0,36638.0
1388,sorter_queues_total_batches,36665.5,36680.0
1389,sorter_queues_total_batches,36690.5,36706.0
1390,sorter_queues_total_batches,36709.0,36719.0
1391,sorter_queues_total_batches,36722.5,36732.0
1392,sorter_queues_total_batches,36756.5,36759.0
1393,sorter_queues_total_batches,36781.5,36789.0
1394,sorter_queues_total_batches,36795.0,36802.0
1395,sorter_queues_total_batches,36835.0,36837.0
1396,sorter_queues_total_batches,36858.5,36859.0
1397,sorter_queues_total_batches,36898.0,36912.0
1398,sorter_queues_total_batches,36915.0,36920.0
1399,sorter_queues_total_batches,36935.0,36939.0
1400,sorter_queues_total_batches,36966.0,36981.0
1401,sorter_queues_total_batches,36991.5,37007.0
1402,sorter_queues_total_batches,37022.5,37035.0
1403,sorter_queues_total_batches,37034.5,37046.0
1404,sorter_queues_total_batches,37075.0,37076.0
1405,sorter_queues_total_batches,37092.5,37104.0
1406,sorter_queues_total_batches,37109.0,37118.0
1407,sorter_queues_total_batches,37145.5,37148.0
1408,sorter_queues_total_batches,37166.0,37170.0
1409,sorter_queues_total_batches,37210.0,37222.0
1410,sorter_queues_total_batches,37230.0,37233.0
1411,sorter_queues_total_batches,37247.5,37248.0
1412,sorter_queues_total_batches,37280.0,37298.0
1413,sorter_queues_total_batches,37311.5,37327.0
1414,sorter_queues_total_batches,37337.0,37352.0
1415,sorter_queues_total_batches,37347.0,37358.0
1416,sorter_queues_total_batches,37390.5,37394.0
1417,sorter_queues_total_batches,37413.0,37421.0
1418,sorter_queues_total_batches,37428.5,37437.0
1419,sorter_queues_total_batches,37462.5,37463.0
1420,sorter_queues_total_batches,37485.0,37485.0
1421,sorter_queues_total_batches,37524.0,37536.0
1422,sorter_queues_total_batches,37548.0,37554.0
1423,sorter_queues_total_batches,37565.0,37566.0
1424,sorter_queues_total_batches,37601.0,37615.0
1425,sorter_queues_total_batches,37630.5,37646.0
1426,sorter_queues_total_batches,37655.5,37668.0
1427,sorter_queues_total_batches,37668.0,37676.0
1428,sorter_queues_total_batches,37703.5,37707.0
1429,sorter_queues_total_batches,37724.0,37734.0
1430,sorter_queues_total_batches,37742.0,37747.0
1431,sorter_queues_total_batches,37778.0,37779.0
1432,sorter_queues_total_batches,37810.0,37812.0
1433,sorter_queues_total_batches,37849.5,37865.0
1434,sorter_queues_total_batches,37872.5,37878.0
1435,sorter_queues_total_batches,37889.5,37893.0
1436,sorter_queues_total_batches,37925.0,37944.0
1437,sorter_queues_total_batches,37951.0,37963.0
1438,sorter_queues_total_batches,37982.0,37996.0
1439,sorter_queues_total_batches,37995.0,38004.0
0,tare_pool_empty_boxes,0.0,0.0
1,tare_pool_empty_boxes,0.0,0.0
2,tare_pool_empty_boxes,0.0,0.0
3,tare_pool_empty_boxes,0.0,0.0
4,tare_pool_empty_boxes,4.5,9.0
5,tare_pool_empty_boxes,31.0,36.0
6,tare_pool_empty_boxes,48.0,53.0
7,tare_pool_empty_boxes,62.5,64.0
8,tare_pool_empty_boxes,70.5,74.0
9,tare_pool_empty_boxes,78.5,80.0
10,tare_pool_empty_boxes,88.0,92.0
11,tare_pool_empty_boxes,95.0,96.0
12,tare_pool_empty_boxes,100.5,101.0
13,tare_pool_empty_boxes,104.5,106.0
14,tare_pool_empty_boxes,102.0,103.0
15,tare_pool_empty_boxes,104.5,106.0
16,tare_pool_empty_boxes,104.0,105.0
17,tare_pool_empty_boxes,108.0,109.0
18,tare_pool_empty_boxes,105.5,107.0
19,tare_pool_empty_boxes,110.5,111.0
20,tare_pool_empty_boxes,104.5,108.0
21,tare_pool_empty_boxes,108.0,112.0
22,tare_pool_empty_boxes,112.0,112.0
23,tare_pool_empty_boxes,109.0,110.0
24,tare_pool_empty_boxes,110.5,111.0
25,tare_pool_empty_boxes,114.0,116.0
26,tare_pool_empty_boxes,108.5,114.0
27,tare_pool_empty_boxes,98.5,101.0
28,tare_pool_empty_boxes,96.0,98.0
29,tare_pool_empty_boxes,95.5,96.0
30,tare_pool_empty_boxes,91.5,94.0
31,tare_pool_empty_boxes,83.0,88.0
32,tare_pool_empty_boxes,78.0,79.0
33,tare_pool_empty_boxes,71.5,73.0
34,tare_pool_empty_boxes,66.5,68.0
35,tare_pool_empty_boxes,70.0,75.0
36,tare_pool_empty_boxes,71.5,72.0
37,tare_pool_empty_boxes,60.5,62.0
38,tare_pool_empty_boxes,44.0,47.0
39,tare_pool_empty_boxes,39.0,42.0
40,tare_pool_empty_boxes,30.5,34.0
41,tare_pool_empty_boxes,41.0,44.0
42,tare_pool_empty_boxes,35.0,38.0
43,tare_pool_empty_boxes,33.0,34.0
44,tare_pool_empty_boxes,30.5,35.0
45,tare_pool_empty_boxes,24.5,26.0
46,tare_pool_empty_boxes,9.5,13.0
47,tare_pool_empty_boxes,3.5,4.0
48,tare_pool_empty_boxes,3.0,6.0
49,tare_pool_empty_boxes,4.5,6.0
50,tare_pool_empty_boxes,1.5,3.0
51,tare_pool_empty_boxes,2.5,5.0
52,tare_pool_empty_boxes,3.0,6.0
53,tare_pool_empty_boxes,3.0,3.0
54,tare_pool_empty_boxes,1.5,3.0
55,tare_pool_empty_boxes,1.0,2.0
56,tare_pool_empty_boxes,3.5,4.0
57,tare_pool_empty_boxes,3.5,4.0
58,tare_pool_empty_boxes,5.5,7.0
59,tare_pool_empty_boxes,5.5,6.0
60,tare_pool_empty_boxes,11.5,13.0
61,tare_pool_empty_boxes,11.0,12.0
62,tare_pool_empty_boxes,14.5,15.0
63,tare_pool_empty_boxes,12.0,13.0
64,tare_pool_empty_boxes,6.0,10.0
65,tare_pool_empty_boxes,11.5,12.0
66,tare_pool_empty_boxes,6.5,9.0
67,tare_pool_empty_boxes,4.0,4.0
68,tare_pool_empty_boxes,5.0,6.0
69,tare_pool_empty_boxes,0.5,1.0
70,tare_pool_empty_boxes,4.0,5.0
71,tare_pool_empty_boxes,4.5,8.0
72,tare_pool_empty_boxes,3.5,4.0
73,tare_pool_empty_boxes,4.0,6.0
74,tare_pool_empty_boxes,3.0,6.0
75,tare_pool_empty_boxes,6.0,9.0
76,tare_pool_empty_boxes,1.0,2.0
77,tare_pool_empty_boxes,7.0,8.0
78,tare_pool_empty_boxes,2.0,3.0
79,tare_pool_empty_boxes,2.0,4.0
80,tare_pool_empty_boxes,6.5,7.0
81,tare_pool_empty_boxes,4.5,5.0
82,tare_pool_empty_boxes,3.5,5.0
83,tare_pool_empty_boxes,1.0,1.0
84,tare_pool_empty_boxes,1.0,1.0
85,tare_pool_empty_boxes,2.0,4.0
86,tare_pool_empty_boxes,0.5,1.0
87,tare_pool_empty_boxes,4.0,5.0
88,tare_pool_empty_boxes,4.5,5.0
89,tare_pool_empty_boxes,3.5,4.0
90,tare_pool_empty_boxes,2.5,4.0
91,tare_pool_empty_boxes,2.0,4.0
92,tare_pool_empty_boxes,2.0,4.0
93,tare_pool_empty_boxes,5.0,6.0
94,tare_pool_empty_boxes,3.5,5.0
95,tare_pool_empty_boxes,5.0,6.0
96,tare_pool_empty_boxes,2.0,4.0
97,tare_pool_empty_boxes,1.5,3.0
98,tare_pool_empty_boxes,2.0,4.0
99,tare_pool_empty_boxes,6.0,8.0
100,tare_pool_empty_boxes,3.0,6.0
101,tare_pool_empty_boxes,6.5,9.0
102,tare_pool_empty_boxes,2.0,3.0
103,tare_pool_empty_boxes,2.0,3.0
104,tare_pool_empty_boxes,1.0,1.0
105,tare_pool_empty_boxes,3.5,6.0
106,tare_pool_empty_boxes,4.5,8.0
107,tare_pool_empty_boxes,4.5,7.0
108,tare_pool_empty_boxes,2.5,3.0
109,tare_pool_empty_boxes,12.0,16.0
110,tare_pool_empty_boxes,10.0,12.0
111,tare_pool_empty_boxes,5.0,9.0
112,tare_pool_empty_boxes,2.5,3.0
113,tare_pool_empty_boxes,4.0,5.0
114,tare_pool_empty_boxes,2.5,4.0
115,tare_pool_empty_boxes,10.0,11.0
116,tare_pool_empty_boxes,9.0,10.0
117,tare_pool_empty_boxes,6.5,7.0
118,tare_pool_empty_boxes,3.5,5.0
119,tare_pool_empty_boxes,2.0,3.0
120,tare_pool_empty_boxes,5.0,6.0
121,tare_pool_empty_boxes,2.5,3.0
122,tare_pool_empty_boxes,3.0,5.0
123,tare_pool_empty_boxes,2.0,2.0
124,tare_pool_empty_boxes,4.5,8.0
125,tare_pool_empty_boxes,4.0,5.0
126,tare_pool_empty_boxes,5.0,6.0
127,tare_pool_empty_boxes,6.0,10.0
128,tare_pool_empty_boxes,1.0,2.0
129,tare_pool_empty_boxes,4.5,6.0
130,tare_pool_empty_boxes,5.5,6.0
131,tare_pool_empty_boxes,2.5,3.0
132,tare_pool_empty_boxes,1.0,2.0
133,tare_pool_empty_boxes,0.0,0.0
134,tare_pool_empty_boxes,3.5,7.0
135,tare_pool_empty_boxes,6.0,6.0
136,tare_pool_empty_boxes,6.5,7.0
137,tare_pool_empty_boxes,7.5,10.0
138,tare_pool_empty_boxes,1.5,3.0
139,tare_pool_empty_boxes,3.5,5.0
140,tare_pool_empty_boxes,4.5,6.0
141,tare_pool_empty_boxes,1.5,3.0
142,tare_pool_empty_boxes,6.5,9.0
143,tare_pool_empty_boxes,5.5,7.0
144,tare_pool_empty_boxes,3.0,6.0
145,tare_pool_empty_boxes,2.0,4.0
146,tare_pool_empty_boxes,1.0,2.0
147,tare_pool_empty_boxes,2.5,5.0
148,tare_pool_empty_boxes,5.0,7.0
149,tare_pool_empty_boxes,5.5,7.0
150,tare_pool_empty_boxes,7.0,7.0
151,tare_pool_empty_boxes,3.5,5.0
152,tare_pool_empty_boxes,3.5,7.0
153,tare_pool_empty_boxes,3.5,6.0
154,tare_pool_empty_boxes,4.0,5.0
155,tare_pool_empty_boxes,3.5,5.0
156,tare_pool_empty_boxes,4.0,5.0
157,tare_pool_empty_boxes,3.0,4.0
158,tare_pool_empty_boxes,2.0,4.0
159,tare_pool_empty_boxes,7.0,8.0
160,tare_pool_empty_boxes,6.5,7.0
161,tare_pool_empty_boxes,11.0,14.0
162,tare_pool_empty_boxes,7.5,8.0
163,tare_pool_empty_boxes,10.0,12.0
164,tare_pool_empty_boxes,3.5,6.0
165,tare_pool_empty_boxes,2.0,4.0
166,tare_pool_empty_boxes,4.5,6.0
167,tare_pool_empty_boxes,1.5,3.0
168,tare_pool_empty_boxes,3.5,4.0
169,tare_pool_empty_boxes,2.5,3.0
170,tare_pool_empty_boxes,2.0,3.0
171,tare_pool_empty_boxes,1.0,2.0
172,tare_pool_empty_boxes,4.5,5.0
173,tare_pool_empty_boxes,2.5,3.0
174,tare_pool_empty_boxes,2.5,3.0
175,tare_pool_empty_boxes,9.0,11.0
176,tare_pool_empty_boxes,2.0,3.0
177,tare_pool_empty_boxes,5.0,9.0
178,tare_pool_empty_boxes,2.0,2.0
179,tare_pool_empty_boxes,1.0,2.0
180,tare_pool_empty_boxes,1.5,2.0
181,tare_pool_empty_boxes,5.0,6.0
182,tare_pool_empty_boxes,5.5,6.0
183,tare_pool_empty_boxes,5.0,9.0
184,tare_pool_empty_boxes,4.5,6.0
185,tare_pool_empty_boxes,6.0,7.0
186,tare_pool_empty_boxes,1.0,1.0
187,tare_pool_empty_boxes,0.0,0.0
188,tare_pool_empty_boxes,3.0,4.0
189,tare_pool_empty_boxes,2.5,4.0
190,tare_pool_empty_boxes,1.5,3.0
191,tare_pool_empty_boxes,3.0,6.0
192,tare_pool_empty_boxes,6.5,7.0
193,tare_pool_empty_boxes,3.0,6.0
194,tare_pool_empty_boxes,0.0,0.0
195,tare_pool_empty_boxes,4.0,6.0
196,tare_pool_empty_boxes,1.5,3.0
197,tare_pool_empty_boxes,5.5,6.0
198,tare_pool_empty_boxes,3.0,3.0
199,tare_pool_empty_boxes,0.5,1.0
200,tare_pool_empty_boxes,2.5,3.0
201,tare_pool_empty_boxes,6.5,7.0
202,tare_pool_empty_boxes,3.0,5.0
203,tare_pool_empty_boxes,4.5,6.0
204,tare_pool_empty_boxes,8.5,9.0
205,tare_pool_empty_boxes,2.5,4.0
206,tare_pool_empty_boxes,0.0,0.0
207,tare_pool_empty_boxes,8.5,11.0
208,tare_pool_empty_boxes,14.5,18.0
209,tare_pool_empty_boxes,23.0,28.0
210,tare_pool_empty_boxes,20.5,22.0
211,tare_pool_empty_boxes,6.0,11.0
212,tare_pool_empty_boxes,1.5,3.0
213,tare_pool_empty_boxes,7.5,11.0
214,tare_pool_empty_boxes,7.0,7.0
215,tare_pool_empty_boxes,2.0,4.0
216,tare_pool_empty_boxes,11.0,11.0
217,tare_pool_empty_boxes,5.0,10.0
218,tare_pool_empty_boxes,3.0,6.0
219,tare_pool_empty_boxes,2.5,4.0
220,tare_pool_empty_boxes,2.0,3.0
221,tare_pool_empty_boxes,8.0,9.0
222,tare_pool_empty_boxes,5.0,8.0
223,tare_pool_empty_boxes,1.0,2.0
224,tare_pool_empty_boxes,3.0,6.0
225,tare_pool_empty_boxes,1.5,2.0
226,tare_pool_empty_boxes,1.5,2.0
227,tare_pool_empty_boxes,1.5,3.0
228,tare_pool_empty_boxes,3.0,4.0
229,tare_pool_empty_boxes,6.0,8.0
230,tare_pool_empty_boxes,1.0,1.0
231,tare_pool_empty_boxes,1.5,3.0
232,tare_pool_empty_boxes,1.5,3.0
233,tare_pool_empty_boxes,2.0,3.0
234,tare_pool_empty_boxes,2.5,4.0
235,tare_pool_empty_boxes,1.5,2.0
236,tare_pool_empty_boxes,4.0,8.0
237,tare_pool_empty_boxes,5.0,7.0
238,tare_pool_empty_boxes,3.0,4.0
239,tare_pool_empty_boxes,2.5,5.0
240,tare_pool_empty_boxes,2.5,3.0
241,tare_pool_empty_boxes,1.0,2.0
242,tare_pool_empty_boxes,1.5,2.0
243,tare_pool_empty_boxes,3.0,4.0
244,tare_pool_empty_boxes,3.0,6.0
245,tare_pool_empty_boxes,4.0,4.0
246,tare_pool_empty_boxes,5.0,6.0
247,tare_pool_empty_boxes,6.0,6.0
248,tare_pool_empty_boxes,4.0,6.0
249,tare_pool_empty_boxes,3.5,4.0
250,tare_pool_empty_boxes,3.5,4.0
251,tare_pool_empty_boxes,4.0,7.0
252,tare_pool_empty_boxes,4.0,4.0
253,tare_pool_empty_boxes,2.5,3.0
254,tare_pool_empty_boxes,2.5,4.0
255,tare_pool_empty_boxes,4.5,5.0
256,tare_pool_empty_boxes,6.0,8.0
257,tare_pool_empty_boxes,2.5,3.0
258,tare_pool_empty_boxes,2.0,3.0
259,tare_pool_empty_boxes,3.0,4.0
260,tare_pool_empty_boxes,1.5,3.0
261,tare_pool_empty_boxes,3.5,5.0
262,tare_pool_empty_boxes,2.5,3.0
263,tare_pool_empty_boxes,6.0,7.0
264,tare_pool_empty_boxes,1.5,2.0
265,tare_pool_empty_boxes,0.5,1.0
266,tare_pool_empty_boxes,2.5,5.0
267,tare_pool_empty_boxes,3.0,4.0
268,tare_pool_empty_boxes,4.0,4.0
269,tare_pool_empty_boxes,2.5,4.0
270,tare_pool_empty_boxes,4.0,5.0
271,tare_pool_empty_boxes,2.0,4.0
272,tare_pool_empty_boxes,5.0,6.0
273,tare_pool_empty_boxes,3.5,7.0
274,tare_pool_empty_boxes,2.0,4.0
275,tare_pool_empty_boxes,1.0,2.0
276,tare_pool_empty_boxes,10.0,10.0
277,tare_pool_empty_boxes,3.5,4.0
278,tare_pool_empty_boxes,0.0,0.0
279,tare_pool_empty_boxes,2.5,5.0
280,tare_pool_empty_boxes,2.0,4.0
281,tare_pool_empty_boxes,6.0,7.0
282,tare_pool_empty_boxes,9.0,11.0
283,tare_pool_empty_boxes,9.5,12.0
284,tare_pool_empty_boxes,7.0,11.0
285,tare_pool_empty_boxes,8.0,10.0
286,tare_pool_empty_boxes,4.5,5.0
287,tare_pool_empty_boxes,1.5,2.0
288,tare_pool_empty_boxes,4.0,6.0
289,tare_pool_empty_boxes,1.5,3.0
290,tare_pool_empty_boxes,0.0,0.0
291,tare_pool_empty_boxes,1.0,2.0
292,tare_pool_empty_boxes,2.5,3.0
293,tare_pool_empty_boxes,1.5,3.0
294,tare_pool_empty_boxes,5.0,9.0
295,tare_pool_empty_boxes,2.5,3.0
296,tare_pool_empty_boxes,13.5,17.0
297,tare_pool_empty_boxes,12.5,13.0
298,tare_pool_empty_boxes,7.0,7.0
299,tare_pool_empty_boxes,5.0,5.0
300,tare_pool_empty_boxes,3.0,4.0
301,tare_pool_empty_boxes,3.0,4.0
302,tare_pool_empty_boxes,1.0,2.0
303,tare_pool_empty_boxes,6.0,7.0
304,tare_pool_empty_boxes,6.5,7.0
305,tare_pool_empty_boxes,6.5,9.0
306,tare_pool_empty_boxes,5.5,6.0
307,tare_pool_empty_boxes,2.0,3.0
308,tare_pool_empty_boxes,5.0,8.0
309,tare_pool_empty_boxes,3.5,4.0
310,tare_pool_empty_boxes,13.0,14.0
311,tare_pool_empty_boxes,8.0,9.0
312,tare_pool_empty_boxes,2.5,3.0
313,tare_pool_empty_boxes,1.5,3.0
314,tare_pool_empty_boxes,2.0,4.0
315,tare_pool_empty_boxes,9.0,10.0
316,tare_pool_empty_boxes,2.5,3.0
317,tare_pool_empty_boxes,2.0,4.0
318,tare_pool_empty_boxes,3.0,4.0
319,tare_pool_empty_boxes,0.5,1.0
320,tare_pool_empty_boxes,8.0,9.0
321,tare_pool_empty_boxes,1.5,3.0
322,tare_pool_empty_boxes,2.5,5.0
323,tare_pool_empty_boxes,4.0,5.0
324,tare_pool_empty_boxes,2.0,4.0
325,tare_pool_empty_boxes,3.0,6.0
326,tare_pool_empty_boxes,4.0,4.0
327,tare_pool_empty_boxes,6.0,9.0
328,tare_pool_empty_boxes,4.0,6.0
329,tare_pool_empty_boxes,3.5,4.0
330,tare_pool_empty_boxes,9.5,12.0
331,tare_pool_empty_boxes,4.0,6.0
332,tare_pool_empty_boxes,10.0,11.0
333,tare_pool_empty_boxes,8.0,10.0
334,tare_pool_empty_boxes,2.0,4.0
335,tare_pool_empty_boxes,2.5,5.0
336,tare_pool_empty_boxes,1.5,3.0
337,tare_pool_empty_boxes,2.0,4.0
338,tare_pool_empty_boxes,0.0,0.0
339,tare_pool_empty_boxes,2.0,2.0
340,tare_pool_empty_boxes,1.0,2.0
341,tare_pool_empty_boxes,3.5,6.0
342,tare_pool_empty_boxes,9.0,11.0
343,tare_pool_empty_boxes,12.5,14.0
344,tare_pool_empty_boxes,4.5,6.0
345,tare_pool_empty_boxes,5.0,5.0
346,tare_pool_empty_boxes,3.5,7.0
347,tare_pool_empty_boxes,5.5,7.0
348,tare_pool_empty_boxes,8.0,8.0
349,tare_pool_empty_boxes,5.0,10.0
350,tare_pool_empty_boxes,2.5,3.0
351,tare_pool_empty_boxes,2.5,3.0
352,tare_pool_empty_boxes,1.5,2.0
353,tare_pool_empty_boxes,4.0,6.0
354,tare_pool_empty_boxes,4.5,6.0
355,tare_pool_empty_boxes,9.0,9.0
356,tare_pool_empty_boxes,2.5,4.0
357,tare_pool_empty_boxes,3.5,4.0
358,tare_pool_empty_boxes,4.0,7.0
359,tare_pool_empty_boxes,7.0,9.0
360,tare_pool_empty_boxes,5.5,7.0
361,tare_pool_empty_boxes,5.5,6.0
362,tare_pool_empty_boxes,4.0,7.0
363,tare_pool_empty_boxes,3.0,4.0
364,tare_pool_empty_boxes,3.5,4.0
365,tare_pool_empty_boxes,4.5,7.0
366,tare_pool_empty_boxes,6.0,7.0
367,tare_pool_empty_boxes,1.0,1.0
368,tare_pool_empty_boxes,1.5,3.0
369,tare_pool_empty_boxes,4.5,6.0
370,tare_pool_empty_boxes,5.5,8.0
371,tare_pool_empty_boxes,3.5,5.0
372,tare_pool_empty_boxes,2.5,4.0
373,tare_pool_empty_boxes,1.0,2.0
374,tare_pool_empty_boxes,1.0,2.0
375,tare_pool_empty_boxes,2.5,5.0
376,tare_pool_empty_boxes,2.5,4.0
377,tare_pool_empty_boxes,3.0,5.0
378,tare_pool_empty_boxes,3.5,5.0
379,tare_pool_empty_boxes,1.5,2.0
380,tare_pool_empty_boxes,2.0,4.0
381,tare_pool_empty_boxes,5.0,8.0
382,tare_pool_empty_boxes,3.0,3.0
383,tare_pool_empty_boxes,1.0,2.0
384,tare_pool_empty_boxes,2.5,3.0
385,tare_pool_empty_boxes,2.5,4.0
386,tare_pool_empty_boxes,5.5,11.0
387,tare_pool_empty_boxes,5.0,10.0
388,tare_pool_empty_boxes,0.5,1.0
389,tare_pool_empty_boxes,6.5,9.0
390,tare_pool_empty_boxes,4.0,6.0
391,tare_pool_empty_boxes,5.5,6.0
392,tare_pool_empty_boxes,3.5,7.0
393,tare_pool_empty_boxes,8.5,11.0
394,tare_pool_empty_boxes,9.5,15.0
395,tare_pool_empty_boxes,8.5,10.0
396,tare_pool_empty_boxes,1.5,3.0
397,tare_pool_empty_boxes,1.5,3.0
398,tare_pool_empty_boxes,1.5,3.0
399,tare_pool_empty_boxes,2.5,5.0
400,tare_pool_empty_boxes,4.5,7.0
401,tare_pool_empty_boxes,3.0,6.0
402,tare_pool_empty_boxes,2.0,3.0
403,tare_pool_empty_boxes,4.5,7.0
404,tare_pool_empty_boxes,11.5,13.0
405,tare_pool_empty_boxes,4.0,4.0
406,tare_pool_empty_boxes,10.5,16.0
407,tare_pool_empty_boxes,10.0,12.0
408,tare_pool_empty_boxes,0.5,1.0
409,tare_pool_empty_boxes,4.5,6.0
410,tare_pool_empty_boxes,1.0,2.0
411,tare_pool_empty_boxes,8.5,10.0
412,tare_pool_empty_boxes,2.5,3.0
413,tare_pool_empty_boxes,5.0,8.0
414,tare_pool_empty_boxes,1.5,3.0
415,tare_pool_empty_boxes,3.0,5.0
416,tare_pool_empty_boxes,8.0,9.0
417,tare_pool_empty_boxes,3.5,7.0
418,tare_pool_empty_boxes,9.0,11.0
419,tare_pool_empty_boxes,2.0,4.0
420,tare_pool_empty_boxes,1.0,2.0
421,tare_pool_empty_boxes,0.5,1.0
422,tare_pool_empty_boxes,2.5,5.0
423,tare_pool_empty_boxes,9.0,11.0
424,tare_pool_empty_boxes,6.0,8.0
425,tare_pool_empty_boxes,4.0,5.0
426,tare_pool_empty_boxes,2.5,4.0
427,tare_pool_empty_boxes,1.5,3.0
428,tare_pool_empty_boxes,5.5,6.0
429,tare_pool_empty_boxes,3.5,6.0
430,tare_pool_empty_boxes,8.5,10.0
431,tare_pool_empty_boxes,1.0,2.0
432,tare_pool_empty_boxes,2.0,2.0
433,tare_pool_empty_boxes,1.5,3.0
434,tare_pool_empty_boxes,0.0,0.0
435,tare_pool_empty_boxes,0.0,0.0
436,tare_pool_empty_boxes,1.0,2.0
437,tare_pool_empty_boxes,4.0,6.0
438,tare_pool_empty_boxes,1.0,1.0
439,tare_pool_empty_boxes,3.5,7.0
440,tare_pool_empty_boxes,7.0,9.0
441,tare_pool_empty_boxes,4.0,6.0
442,tare_pool_empty_boxes,4.0,5.0
443,tare_pool_empty_boxes,3.0,6.0
444,tare_pool_empty_boxes,4.5,5.0
445,tare_pool_empty_boxes,6.5,11.0
446,tare_pool_empty_boxes,2.5,3.0
447,tare_pool_empty_boxes,4.0,5.0
448,tare_pool_empty_boxes,5.0,7.0
449,tare_pool_empty_boxes,4.5,5.0
450,tare_pool_empty_boxes,3.0,4.0
451,tare_pool_empty_boxes,2.5,3.0
452,tare_pool_empty_boxes,3.0,6.0
453,tare_pool_empty_boxes,2.0,4.0
454,tare_pool_empty_boxes,9.5,11.0
455,tare_pool_empty_boxes,8.5,10.0
456,tare_pool_empty_boxes,7.5,10.0
457,tare_pool_empty_boxes,7.5,8.0
458,tare_pool_empty_boxes,1.0,2.0
459,tare_pool_empty_boxes,0.0,0.0
460,tare_pool_empty_boxes,4.0,7.0
461,tare_pool_empty_boxes,4.0,8.0
462,tare_pool_empty_boxes,3.5,5.0
463,tare_pool_empty_boxes,0.0,0.0
464,tare_pool_empty_boxes,2.5,5.0
465,tare_pool_empty_boxes,6.5,10.0
466,tare_pool_empty_boxes,7.0,14.0
467,tare_pool_empty_boxes,5.5,7.0
468,tare_pool_empty_boxes,1.5,3.0
469,tare_pool_empty_boxes,3.5,6.0
470,tare_pool_empty_boxes,2.0,4.0
471,tare_pool_empty_boxes,1.5,2.0
472,tare_pool_empty_boxes,0.0,0.0
473,tare_pool_empty_boxes,4.0,5.0
474,tare_pool_empty_boxes,5.5,8.0
475,tare_pool_empty_boxes,2.0,4.0
476,tare_pool_empty_boxes,3.0,6.0
477,tare_pool_empty_boxes,5.0,6.0
478,tare_pool_empty_boxes,2.0,4.0
479,tare_pool_empty_boxes,0.5,1.0
480,tare_pool_empty_boxes,4.5,5.0
481,tare_pool_empty_boxes,1.5,3.0
482,tare_pool_empty_boxes,2.5,3.0
483,tare_pool_empty_boxes,3.0,6.0
484,tare_pool_empty_boxes,1.0,1.0
485,tare_pool_empty_boxes,3.5,4.0
486,tare_pool_empty_boxes,4.5,7.0
487,tare_pool_empty_boxes,6.0,8.0
488,tare_pool_empty_boxes,7.0,9.0
489,tare_pool_empty_boxes,5.0,7.0
490,tare_pool_empty_boxes,2.5,3.0
491,tare_pool_empty_boxes,5.5,7.0
492,tare_pool_empty_boxes,4.5,5.0
493,tare_pool_empty_boxes,4.5,5.0
494,tare_pool_empty_boxes,1.0,2.0
495,tare_pool_empty_boxes,4.5,8.0
496,tare_pool_empty_boxes,7.0,8.0
497,tare_pool_empty_boxes,5.0,8.0
498,tare_pool_empty_boxes,3.5,7.0
499,tare_pool_empty_boxes,2.0,4.0
500,tare_pool_empty_boxes,2.0,3.0
501,tare_pool_empty_boxes,5.0,6.0
502,tare_pool_empty_boxes,1.5,3.0
503,tare_pool_empty_boxes,2.0,3.0
504,tare_pool_empty_boxes,5.5,8.0
505,tare_pool_empty_boxes,6.0,8.0
506,tare_pool_empty_boxes,3.0,4.0
507,tare_pool_empty_boxes,4.5,7.0
508,tare_pool_empty_boxes,5.0,5.0
509,tare_pool_empty_boxes,5.5,6.0
510,tare_pool_empty_boxes,3.0,4.0
511,tare_pool_empty_boxes,3.0,3.0
512,tare_pool_empty_boxes,4.5,7.0
513,tare_pool_empty_boxes,4.0,6.0
514,tare_pool_empty_boxes,5.0,6.0
515,tare_pool_empty_boxes,6.0,9.0
516,tare_pool_empty_boxes,3.0,4.0
517,tare_pool_empty_boxes,1.0,2.0
518,tare_pool_empty_boxes,3.0,6.0
519,tare_pool_empty_boxes,2.5,3.0
520,tare_pool_empty_boxes,4.0,8.0
521,tare_pool_empty_boxes,6.0,10.0
522,tare_pool_empty_boxes,4.0,5.0
523,tare_pool_empty_boxes,5.0,6.0
524,tare_pool_empty_boxes,1.5,2.0
525,tare_pool_empty_boxes,8.0,11.0
526,tare_pool_empty_boxes,5.0,9.0
527,tare_pool_empty_boxes,3.0,4.0
528,tare_pool_empty_boxes,3.5,7.0
529,tare_pool_empty_boxes,7.0,8.0
530,tare_pool_empty_boxes,1.0,2.0
531,tare_pool_empty_boxes,3.0,3.0
532,tare_pool_empty_boxes,2.0,4.0
533,tare_pool_empty_boxes,4.0,4.0
534,tare_pool_empty_boxes,6.5,8.0
535,tare_pool_empty_boxes,3.0,3.0
536,tare_pool_empty_boxes,1.0,2.0
537,tare_pool_empty_boxes,2.0,2.0
538,tare_pool_empty_boxes,3.0,4.0
539,tare_pool_empty_boxes,3.5,7.0
540,tare_pool_empty_boxes,6.0,9.0
541,tare_pool_empty_boxes,1.5,3.0
542,tare_pool_empty_boxes,2.0,3.0
543,tare_pool_empty_boxes,2.5,5.0
544,tare_pool_empty_boxes,2.5,3.0
545,tare_pool_empty_boxes,3.5,7.0
546,tare_pool_empty_boxes,2.0,4.0
547,tare_pool_empty_boxes,3.0,6.0
548,tare_pool_empty_boxes,5.5,6.0
549,tare_pool_empty_boxes,6.5,12.0
550,tare_pool_empty_boxes,9.0,9.0
551,tare_pool_empty_boxes,3.0,4.0
552,tare_pool_empty_boxes,2.5,5.0
553,tare_pool_empty_boxes,1.0,2.0
554,tare_pool_empty_boxes,0.5,1.0
555,tare_pool_empty_boxes,3.5,4.0
556,tare_pool_empty_boxes,6.0,6.0
557,tare_pool_empty_boxes,1.5,2.0
558,tare_pool_empty_boxes,0.5,1.0
559,tare_pool_empty_boxes,2.0,4.0
560,tare_pool_empty_boxes,4.0,4.0
561,tare_pool_empty_boxes,1.5,3.0
562,tare_pool_empty_boxes,1.5,2.0
563,tare_pool_empty_boxes,0.5,1.0
564,tare_pool_empty_boxes,1.5,3.0
565,tare_pool_empty_boxes,2.5,3.0
566,tare_pool_empty_boxes,0.0,0.0
567,tare_pool_empty_boxes,4.5,7.0
568,tare_pool_empty_boxes,2.5,5.0
569,tare_pool_empty_boxes,3.5,4.0
570,tare_pool_empty_boxes,0.5,1.0
571,tare_pool_empty_boxes,3.5,7.0
572,tare_pool_empty_boxes,1.0,2.0
573,tare_pool_empty_boxes,3.0,4.0
574,tare_pool_empty_boxes,2.5,3.0
575,tare_pool_empty_boxes,3.5,7.0
576,tare_pool_empty_boxes,8.0,9.0
577,tare_pool_empty_boxes,2.5,5.0
578,tare_pool_empty_boxes,1.0,2.0
579,tare_pool_empty_boxes,1.0,2.0
580,tare_pool_empty_boxes,2.5,3.0
581,tare_pool_empty_boxes,3.0,6.0
582,tare_pool_empty_boxes,3.0,6.0
583,tare_pool_empty_boxes,3.0,6.0
584,tare_pool_empty_boxes,1.5,3.0
585,tare_pool_empty_boxes,3.0,4.0
586,tare_pool_empty_boxes,6.0,8.0
587,tare_pool_empty_boxes,7.0,7.0
588,tare_pool_empty_boxes,4.5,6.0
589,tare_pool_empty_boxes,3.5,4.0
590,tare_pool_empty_boxes,1.5,2.0
591,tare_pool_empty_boxes,0.5,1.0
592,tare_pool_empty_boxes,0.5,1.0
593,tare_pool_empty_boxes,11.0,11.0
594,tare_pool_empty_boxes,3.5,5.0
595,tare_pool_empty_boxes,2.5,5.0
596,tare_pool_empty_boxes,7.5,9.0
597,tare_pool_empty_boxes,9.5,11.0
598,tare_pool_empty_boxes,8.0,9.0
599,tare_pool_empty_boxes,10.5,11.0
600,tare_pool_empty_boxes,5.0,8.0
601,tare_pool_empty_boxes,2.5,4.0
602,tare_pool_empty_boxes,3.5,4.0
603,tare_pool_empty_boxes,7.5,10.0
604,tare_pool_empty_boxes,15.0,15.0
605,tare_pool_empty_boxes,10.0,11.0
606,tare_pool_empty_boxes,6.0,9.0
607,tare_pool_empty_boxes,3.0,6.0
608,tare_pool_empty_boxes,5.0,10.0
609,tare_pool_empty_boxes,3.5,5.0
610,tare_pool_empty_boxes,9.0,10.0
611,tare_pool_empty_boxes,1.5,3.0
612,tare_pool_empty_boxes,6.0,9.0
613,tare_pool_empty_boxes,4.5,6.0
614,tare_pool_empty_boxes,2.0,3.0
615,tare_pool_empty_boxes,1.5,3.0
616,tare_pool_empty_boxes,0.5,1.0
617,tare_pool_empty_boxes,1.5,3.0
618,tare_pool_empty_boxes,2.5,5.0
619,tare_pool_empty_boxes,3.0,6.0
620,tare_pool_empty_boxes,3.5,6.0
621,tare_pool_empty_boxes,3.0,4.0
622,tare_pool_empty_boxes,1.5,2.0
623,tare_pool_empty_boxes,6.5,13.0
624,tare_pool_empty_boxes,7.0,8.0
625,tare_pool_empty_boxes,2.5,4.0
626,tare_pool_empty_boxes,2.5,3.0
627,tare_pool_empty_boxes,0.0,0.0
628,tare_pool_empty_boxes,2.5,4.0
629,tare_pool_empty_boxes,11.0,13.0
630,tare_pool_empty_boxes,2.5,3.0
631,tare_pool_empty_boxes,5.0,8.0
632,tare_pool_empty_boxes,4.0,8.0
633,tare_pool_empty_boxes,6.0,6.0
634,tare_pool_empty_boxes,2.5,4.0
635,tare_pool_empty_boxes,0.0,0.0
636,tare_pool_empty_boxes,3.0,5.0
637,tare_pool_empty_boxes,4.5,7.0
638,tare_pool_empty_boxes,3.0,4.0
639,tare_pool_empty_boxes,1.0,2.0
640,tare_pool_empty_boxes,1.5,2.0
641,tare_pool_empty_boxes,5.0,7.0
642,tare_pool_empty_boxes,4.0,5.0
643,tare_pool_empty_boxes,5.0,5.0
644,tare_pool_empty_boxes,9.0,10.0
645,tare_pool_empty_boxes,5.0,9.0
646,tare_pool_empty_boxes,2.0,2.0
647,tare_pool_empty_boxes,1.5,2.0
648,tare_pool_empty_boxes,4.5,9.0
649,tare_pool_empty_boxes,16.0,20.0
650,tare_pool_empty_boxes,13.5,14.0
651,tare_pool_empty_boxes,14.0,14.0
652,tare_pool_empty_boxes,11.0,12.0
653,tare_pool_empty_boxes,7.5,8.0
654,tare_pool_empty_boxes,0.5,1.0
655,tare_pool_empty_boxes,1.5,2.0
656,tare_pool_empty_boxes,1.5,3.0
657,tare_pool_empty_boxes,4.0,5.0
658,tare_pool_empty_boxes,0.5,1.0
659,tare_pool_empty_boxes,5.0,9.0
660,tare_pool_empty_boxes,7.5,9.0
661,tare_pool_empty_boxes,4.0,5.0
662,tare_pool_empty_boxes,3.0,6.0
663,tare_pool_empty_boxes,6.5,7.0
664,tare_pool_empty_boxes,3.5,5.0
665,tare_pool_empty_boxes,8.0,10.0
666,tare_pool_empty_boxes,6.5,7.0
667,tare_pool_empty_boxes,3.5,5.0
668,tare_pool_empty_boxes,2.0,4.0
669,tare_pool_empty_boxes,5.0,8.0
670,tare_pool_empty_boxes,7.5,10.0
671,tare_pool_empty_boxes,4.5,5.0
672,tare_pool_empty_boxes,1.0,2.0
673,tare_pool_empty_boxes,2.5,5.0
674,tare_pool_empty_boxes,0.5,1.0
675,tare_pool_empty_boxes,3.0,5.0
676,tare_pool_empty_boxes,2.5,4.0
677,tare_pool_empty_boxes,4.5,9.0
678,tare_pool_empty_boxes,3.0,4.0
679,tare_pool_empty_boxes,3.5,5.0
680,tare_pool_empty_boxes,4.0,7.0
681,tare_pool_empty_boxes,2.0,4.0
682,tare_pool_empty_boxes,3.0,3.0
683,tare_pool_empty_boxes,1.5,3.0
684,tare_pool_empty_boxes,9.5,11.0
685,tare_pool_empty_boxes,9.5,10.0
686,tare_pool_empty_boxes,3.5,7.0
687,tare_pool_empty_boxes,4.0,4.0
688,tare_pool_empty_boxes,3.5,6.0
689,tare_pool_empty_boxes,8.5,9.0
690,tare_pool_empty_boxes,5.0,6.0
691,tare_pool_empty_boxes,2.0,4.0
692,tare_pool_empty_boxes,3.0,4.0
693,tare_pool_empty_boxes,10.5,11.0
694,tare_pool_empty_boxes,3.5,4.0
695,tare_pool_empty_boxes,0.0,0.0
696,tare_pool_empty_boxes,5.5,8.0
697,tare_pool_empty_boxes,7.0,7.0
698,tare_pool_empty_boxes,3.0,6.0
699,tare_pool_empty_boxes,4.0,5.0
700,tare_pool_empty_boxes,4.0,5.0
701,tare_pool_empty_boxes,4.0,4.0
702,tare_pool_empty_boxes,3.5,6.0
703,tare_pool_empty_boxes,3.0,4.0
704,tare_pool_empty_boxes,6.0,10.0
705,tare_pool_empty_boxes,8.5,10.0
706,tare_pool_empty_boxes,3.0,4.0
707,tare_pool_empty_boxes,1.5,3.0
708,tare_pool_empty_boxes,4.0,7.0
709,tare_pool_empty_boxes,3.0,5.0
710,tare_pool_empty_boxes,1.0,2.0
711,tare_pool_empty_boxes,3.5,5.0
712,tare_pool_empty_boxes,4.5,6.0
713,tare_pool_empty_boxes,4.5,6.0
714,tare_pool_empty_boxes,5.5,7.0
715,tare_pool_empty_boxes,8.0,9.0
716,tare_pool_empty_boxes,6.0,10.0
717,tare_pool_empty_boxes,8.5,13.0
718,tare_pool_empty_boxes,1.5,3.0
719,tare_pool_empty_boxes,5.0,10.0
720,tare_pool_empty_boxes,5.5,9.0
721,tare_pool_empty_boxes,0.5,1.0
722,tare_pool_empty_boxes,2.5,3.0
723,tare_pool_empty_boxes,3.0,6.0
724,tare_pool_empty_boxes,4.0,7.0
725,tare_pool_empty_boxes,4.5,6.0
726,tare_pool_empty_boxes,1.5,3.0
727,tare_pool_empty_boxes,3.5,4.0
728,tare_pool_empty_boxes,5.5,6.0
729,tare_pool_empty_boxes,5.0,5.0
730,tare_pool_empty_boxes,7.5,8.0
731,tare_pool_empty_boxes,3.5,4.0
732,tare_pool_empty_boxes,7.0,9.0
733,tare_pool_empty_boxes,5.5,6.0
734,tare_pool_empty_boxes,3.0,6.0
735,tare_pool_empty_boxes,1.0,1.0
736,tare_pool_empty_boxes,1.0,2.0
737,tare_pool_empty_boxes,4.0,6.0
738,tare_pool_empty_boxes,4.5,6.0
739,tare_pool_empty_boxes,4.5,5.0
740,tare_pool_empty_boxes,5.0,6.0
741,tare_pool_empty_boxes,5.0,5.0
742,tare_pool_empty_boxes,0.5,1.0
743,tare_pool_empty_boxes,0.5,1.0
744,tare_pool_empty_boxes,4.5,5.0
745,tare_pool_empty_boxes,4.0,5.0
746,tare_pool_empty_boxes,1.5,3.0
747,tare_pool_empty_boxes,2.0,4.0
748,tare_pool_empty_boxes,1.0,2.0
749,tare_pool_empty_boxes,9.5,10.0
750,tare_pool_empty_boxes,6.5,7.0
751,tare_pool_empty_boxes,5.5,6.0
752,tare_pool_empty_boxes,3.0,6.0
753,tare_pool_empty_boxes,3.0,6.0
754,tare_pool_empty_boxes,2.5,5.0
755,tare_pool_empty_boxes,0.5,1.0
756,tare_pool_empty_boxes,4.0,4.0
757,tare_pool_empty_boxes,1.5,3.0
758,tare_pool_empty_boxes,2.5,4.0
759,tare_pool_empty_boxes,1.0,1.0
760,tare_pool_empty_boxes,4.0,8.0
761,tare_pool_empty_boxes,1.5,3.0
762,tare_pool_empty_boxes,3.5,7.0
763,tare_pool_empty_boxes,4.5,5.0
764,tare_pool_empty_boxes,1.5,3.0
765,tare_pool_empty_boxes,3.0,3.0
766,tare_pool_empty_boxes,6.0,7.0
767,tare_pool_empty_boxes,2.0,4.0
768,tare_pool_empty_boxes,4.0,5.0
769,tare_pool_empty_boxes,3.5,5.0
770,tare_pool_empty_boxes,2.0,4.0
771,tare_pool_empty_boxes,6.0,7.0
772,tare_pool_empty_boxes,3.0,3.0
773,tare_pool_empty_boxes,4.5,5.0
774,tare_pool_empty_boxes,4.5,5.0
775,tare_pool_empty_boxes,0.0,0.0
776,tare_pool_empty_boxes,2.0,4.0
777,tare_pool_empty_boxes,2.5,3.0
778,tare_pool_empty_boxes,7.0,11.0
779,tare_pool_empty_boxes,11.5,13.0
780,tare_pool_empty_boxes,8.5,10.0
781,tare_pool_empty_boxes,4.0,7.0
782,tare_pool_empty_boxes,1.0,2.0
783,tare_pool_empty_boxes,0.5,1.0
784,tare_pool_empty_boxes,5.5,7.0
785,tare_pool_empty_boxes,6.0,8.0
786,tare_pool_empty_boxes,2.5,3.0
787,tare_pool_empty_boxes,0.5,1.0
788,tare_pool_empty_boxes,4.5,8.0
789,tare_pool_empty_boxes,3.5,4.0
790,tare_pool_empty_boxes,3.0,5.0
791,tare_pool_empty_boxes,2.5,5.0
792,tare_pool_empty_boxes,1.5,2.0
793,tare_pool_empty_boxes,3.0,6.0
794,tare_pool_empty_boxes,6.0,6.0
795,tare_pool_empty_boxes,2.5,3.0
796,tare_pool_empty_boxes,6.5,7.0
797,tare_pool_empty_boxes,11.0,14.0
798,tare_pool_empty_boxes,8.0,10.0
799,tare_pool_empty_boxes,5.0,7.0
800,tare_pool_empty_boxes,4.0,8.0
801,tare_pool_empty_boxes,2.0,4.0
802,tare_pool_empty_boxes,7.5,8.0
803,tare_pool_empty_boxes,6.5,8.0
804,tare_pool_empty_boxes,2.5,5.0
805,tare_pool_empty_boxes,4.0,6.0
806,tare_pool_empty_boxes,4.5,6.0
807,tare_pool_empty_boxes,0.0,0.0
808,tare_pool_empty_boxes,1.0,2.0
809,tare_pool_empty_boxes,3.0,6.0
810,tare_pool_empty_boxes,11.5,12.0
811,tare_pool_empty_boxes,11.5,12.0
812,tare_pool_empty_boxes,2.5,3.0
813,tare_pool_empty_boxes,2.0,2.0
814,tare_pool_empty_boxes,2.0,4.0
815,tare_pool_empty_boxes,8.5,9.0
816,tare_pool_empty_boxes,6.5,11.0
817,tare_pool_empty_boxes,2.5,4.0
818,tare_pool_empty_boxes,3.5,6.0
819,tare_pool_empty_boxes,9.5,12.0
820,tare_pool_empty_boxes,7.5,9.0
821,tare_pool_empty_boxes,2.5,4.0
822,tare_pool_empty_boxes,1.0,2.0
823,tare_pool_empty_boxes,4.5,6.0
824,tare_pool_empty_boxes,2.5,5.0
825,tare_pool_empty_boxes,3.0,5.0
826,tare_pool_empty_boxes,5.5,7.0
827,tare_pool_empty_boxes,1.5,2.0
828,tare_pool_empty_boxes,7.5,8.0
829,tare_pool_empty_boxes,2.0,2.0
830,tare_pool_empty_boxes,1.5,3.0
831,tare_pool_empty_boxes,2.0,4.0
832,tare_pool_empty_boxes,3.5,4.0
833,tare_pool_empty_boxes,5.0,6.0
834,tare_pool_empty_boxes,2.0,4.0
835,tare_pool_empty_boxes,6.0,12.0
836,tare_pool_empty_boxes,3.0,4.0
837,tare_pool_empty_boxes,3.5,5.0
838,tare_pool_empty_boxes,3.0,4.0
839,tare_pool_empty_boxes,5.5,10.0
840,tare_pool_empty_boxes,2.5,5.0
841,tare_pool_empty_boxes,3.5,4.0
842,tare_pool_empty_boxes,2.5,5.0
843,tare_pool_empty_boxes,3.0,5.0
844,tare_pool_empty_boxes,7.0,8.0
845,tare_pool_empty_boxes,6.0,8.0
846,tare_pool_empty_boxes,1.5,2.0
847,tare_pool_empty_boxes,2.5,3.0
848,tare_pool_empty_boxes,3.0,3.0
849,tare_pool_empty_boxes,2.5,5.0
850,tare_pool_empty_boxes,5.5,8.0
851,tare_pool_empty_boxes,1.0,2.0
852,tare_pool_empty_boxes,1.5,3.0
853,tare_pool_empty_boxes,4.0,4.0
854,tare_pool_empty_boxes,0.5,1.0
855,tare_pool_empty_boxes,2.0,2.0
856,tare_pool_empty_boxes,3.0,4.0
857,tare_pool_empty_boxes,4.5,6.0
858,tare_pool_empty_boxes,6.0,9.0
859,tare_pool_empty_boxes,0.0,0.0
860,tare_pool_empty_boxes,3.0,6.0
861,tare_pool_empty_boxes,7.5,9.0
862,tare_pool_empty_boxes,1.5,3.0
863,tare_pool_empty_boxes,5.5,10.0
864,tare_pool_empty_boxes,5.0,6.0
865,tare_pool_empty_boxes,3.0,5.0
866,tare_pool_empty_boxes,4.0,8.0
867,tare_pool_empty_boxes,5.0,6.0
868,tare_pool_empty_boxes,6.0,9.0
869,tare_pool_empty_boxes,6.0,6.0
870,tare_pool_empty_boxes,4.0,8.0
871,tare_pool_empty_boxes,7.5,9.0
872,tare_pool_empty_boxes,8.0,11.0
873,tare_pool_empty_boxes,6.0,7.0
874,tare_pool_empty_boxes,0.0,0.0
875,tare_pool_empty_boxes,1.5,3.0
876,tare_pool_empty_boxes,1.0,2.0
877,tare_pool_empty_boxes,6.0,9.0
878,tare_pool_empty_boxes,10.0,11.0
879,tare_pool_empty_boxes,11.5,14.0
880,tare_pool_empty_boxes,9.5,10.0
881,tare_pool_empty_boxes,5.0,7.0
882,tare_pool_empty_boxes,3.5,4.0
883,tare_pool_empty_boxes,2.5,3.0
884,tare_pool_empty_boxes,4.5,6.0
885,tare_pool_empty_boxes,2.0,4.0
886,tare_pool_empty_boxes,4.0,7.0
887,tare_pool_empty_boxes,2.5,4.0
888,tare_pool_empty_boxes,10.0,14.0
889,tare_pool_empty_boxes,2.0,3.0
890,tare_pool_empty_boxes,2.5,3.0
891,tare_pool_empty_boxes,1.0,2.0
892,tare_pool_empty_boxes,5.5,8.0
893,tare_pool_empty_boxes,3.0,3.0
894,tare_pool_empty_boxes,3.0,4.0
895,tare_pool_empty_boxes,1.5,3.0
896,tare_pool_empty_boxes,2.5,5.0
897,tare_pool_empty_boxes,3.5,6.0
898,tare_pool_empty_boxes,6.5,11.0
899,tare_pool_empty_boxes,3.0,5.0
900,tare_pool_empty_boxes,8.5,10.0
901,tare_pool_empty_boxes,2.0,3.0
902,tare_pool_empty_boxes,0.5,1.0
903,tare_pool_empty_boxes,3.5,4.0
904,tare_pool_empty_boxes,5.0,6.0
905,tare_pool_empty_boxes,4.0,7.0
906,tare_pool_empty_boxes,0.0,0.0
907,tare_pool_empty_boxes,2.0,4.0
908,tare_pool_empty_boxes,1.5,3.0
909,tare_pool_empty_boxes,3.0,4.0
910,tare_pool_empty_boxes,3.0,6.0
911,tare_pool_empty_boxes,5.0,6.0
912,tare_pool_empty_boxes,3.5,4.0
913,tare_pool_empty_boxes,4.0,6.0
914,tare_pool_empty_boxes,0.0,0.0
915,tare_pool_empty_boxes,2.5,3.0
916,tare_pool_empty_boxes,2.0,3.0
917,tare_pool_empty_boxes,9.0,11.0
918,tare_pool_empty_boxes,3.5,4.0
919,tare_pool_empty_boxes,1.0,2.0
920,tare_pool_empty_boxes,2.5,5.0
921,tare_pool_empty_boxes,7.5,9.0
922,tare_pool_empty_boxes,8.5,11.0
923,tare_pool_empty_boxes,1.0,2.0
924,tare_pool_empty_boxes,2.5,4.0
925,tare_pool_empty_boxes,3.0,5.0
926,tare_pool_empty_boxes,2.0,4.0
927,tare_pool_empty_boxes,3.5,5.0
928,tare_pool_empty_boxes,5.0,5.0
929,tare_pool_empty_boxes,3.0,4.0
930,tare_pool_empty_boxes,4.5,8.0
931,tare_pool_empty_boxes,3.5,6.0
932,tare_pool_empty_boxes,8.5,9.0
933,tare_pool_empty_boxes,4.5,6.0
934,tare_pool_empty_boxes,4.0,7.0
935,tare_pool_empty_boxes,0.0,0.0
936,tare_pool_empty_boxes,4.5,8.0
937,tare_pool_empty_boxes,5.0,9.0
938,tare_pool_empty_boxes,0.0,0.0
939,tare_pool_empty_boxes,4.0,6.0
940,tare_pool_empty_boxes,3.5,6.0
941,tare_pool_empty_boxes,1.5,3.0
942,tare_pool_empty_boxes,1.5,2.0
943,tare_pool_empty_boxes,4.0,8.0
944,tare_pool_empty_boxes,7.0,7.0
945,tare_pool_empty_boxes,3.5,4.0
946,tare_pool_empty_boxes,3.0,4.0
947,tare_pool_empty_boxes,3.0,5.0
948,tare_pool_empty_boxes,5.5,6.0
949,tare_pool_empty_boxes,1.5,3.0
950,tare_pool_empty_boxes,4.5,8.0
951,tare_pool_empty_boxes,5.0,9.0
952,tare_pool_empty_boxes,1.5,3.0
953,tare_pool_empty_boxes,2.5,5.0
954,tare_pool_empty_boxes,2.5,3.0
955,tare_pool_empty_boxes,4.0,4.0
956,tare_pool_empty_boxes,3.0,4.0
957,tare_pool_empty_boxes,1.0,2.0
958,tare_pool_empty_boxes,4.0,6.0
959,tare_pool_empty_boxes,4.5,8.0
960,tare_pool_empty_boxes,4.0,4.0
961,tare_pool_empty_boxes,4.0,5.0
962,tare_pool_empty_boxes,0.0,0.0
963,tare_pool_empty_boxes,2.0,3.0
964,tare_pool_empty_boxes,2.0,2.0
965,tare_pool_empty_boxes,3.0,5.0
966,tare_pool_empty_boxes,6.5,9.0
967,tare_pool_empty_boxes,5.5,9.0
968,tare_pool_empty_boxes,4.5,5.0
969,tare_pool_empty_boxes,4.0,5.0
970,tare_pool_empty_boxes,5.0,7.0
971,tare_pool_empty_boxes,8.0,9.0
972,tare_pool_empty_boxes,3.5,6.0
973,tare_pool_empty_boxes,2.0,2.0
974,tare_pool_empty_boxes,1.0,2.0
975,tare_pool_empty_boxes,5.5,6.0
976,tare_pool_empty_boxes,6.5,7.0
977,tare_pool_empty_boxes,4.0,4.0
978,tare_pool_empty_boxes,1.5,3.0
979,tare_pool_empty_boxes,0.0,0.0
980,tare_pool_empty_boxes,2.0,3.0
981,tare_pool_empty_boxes,3.0,4.0
982,tare_pool_empty_boxes,2.5,3.0
983,tare_pool_empty_boxes,3.5,5.0
984,tare_pool_empty_boxes,4.0,4.0
985,tare_pool_empty_boxes,2.5,5.0
986,tare_pool_empty_boxes,4.5,7.0
987,tare_pool_empty_boxes,8.5,11.0
988,tare_pool_empty_boxes,7.5,8.0
989,tare_pool_empty_boxes,6.5,7.0
990,tare_pool_empty_boxes,2.5,4.0
991,tare_pool_empty_boxes,1.5,2.0
992,tare_pool_empty_boxes,2.5,3.0
993,tare_pool_empty_boxes,2.5,5.0
994,tare_pool_empty_boxes,5.0,7.0
995,tare_pool_empty_boxes,2.5,5.0
996,tare_pool_empty_boxes,3.0,3.0
997,tare_pool_empty_boxes,3.0,6.0
998,tare_pool_empty_boxes,2.5,3.0
999,tare_pool_empty_boxes,1.0,2.0
1000,tare_pool_empty_boxes,5.5,7.0
1001,tare_pool_empty_boxes,3.0,6.0
1002,tare_pool_empty_boxes,8.0,9.0
1003,tare_pool_empty_boxes,4.5,6.0
1004,tare_pool_empty_boxes,1.5,3.0
1005,tare_pool_empty_boxes,4.0,6.0
1006,tare_pool_empty_boxes,4.5,5.0
1007,tare_pool_empty_boxes,4.0,6.0
1008,tare_pool_empty_boxes,1.5,2.0
1009,tare_pool_empty_boxes,5.0,8.0
1010,tare_pool_empty_boxes,2.5,5.0
1011,tare_pool_empty_boxes,3.0,3.0
1012,tare_pool_empty_boxes,3.0,4.0
1013,tare_pool_empty_boxes,9.0,11.0
1014,tare_pool_empty_boxes,6.5,8.0
1015,tare_pool_empty_boxes,4.5,7.0
1016,tare_pool_empty_boxes,1.5,3.0
1017,tare_pool_empty_boxes,3.0,6.0
1018,tare_pool_empty_boxes,6.0,6.0
1019,tare_pool_empty_boxes,1.5,3.0
1020,tare_pool_empty_boxes,1.5,3.0
1021,tare_pool_empty_boxes,0.0,0.0
1022,tare_pool_empty_boxes,3.0,6.0
1023,tare_pool_empty_boxes,3.5,5.0
1024,tare_pool_empty_boxes,1.5,2.0
1025,tare_pool_empty_boxes,8.0,12.0
1026,tare_pool_empty_boxes,11.5,14.0
1027,tare_pool_empty_boxes,2.5,4.0
1028,tare_pool_empty_boxes,6.0,7.0
1029,tare_pool_empty_boxes,4.5,6.0
1030,tare_pool_empty_boxes,4.0,4.0
1031,tare_pool_empty_boxes,4.0,6.0
1032,tare_pool_empty_boxes,3.5,7.0
1033,tare_pool_empty_boxes,1.0,1.0
1034,tare_pool_empty_boxes,0.0,0.0
1035,tare_pool_empty_boxes,0.5,1.0
1036,tare_pool_empty_boxes,4.0,7.0
1037,tare_pool_empty_boxes,5.5,11.0
1038,tare_pool_empty_boxes,10.5,12.0
1039,tare_pool_empty_boxes,9.0,13.0
1040,tare_pool_empty_boxes,2.0,3.0
1041,tare_pool_empty_boxes,2.0,4.0
1042,tare_pool_empty_boxes,4.0,6.0
1043,tare_pool_empty_boxes,2.5,4.0
1044,tare_pool_empty_boxes,4.5,5.0
1045,tare_pool_empty_boxes,2.5,4.0
1046,tare_pool_empty_boxes,2.0,3.0
1047,tare_pool_empty_boxes,2.0,3.0
1048,tare_pool_empty_boxes,0.0,0.0
1049,tare_pool_empty_boxes,3.5,7.0
1050,tare_pool_empty_boxes,1.0,2.0
1051,tare_pool_empty_boxes,6.5,8.0
1052,tare_pool_empty_boxes,3.5,4.0
1053,tare_pool_empty_boxes,3.5,7.0
1054,tare_pool_empty_boxes,4.0,5.0
1055,tare_pool_empty_boxes,8.5,14.0
1056,tare_pool_empty_boxes,10.0,11.0
1057,tare_pool_empty_boxes,6.0,8.0
1058,tare_pool_empty_boxes,1.0,2.0
1059,tare_pool_empty_boxes,1.5,3.0
1060,tare_pool_empty_boxes,1.5,3.0
1061,tare_pool_empty_boxes,5.0,8.0
1062,tare_pool_empty_boxes,2.0,4.0
1063,tare_pool_empty_boxes,3.0,4.0
1064,tare_pool_empty_boxes,3.5,6.0
1065,tare_pool_empty_boxes,5.0,6.0
1066,tare_pool_empty_boxes,4.5,9.0
1067,tare_pool_empty_boxes,5.0,5.0
1068,tare_pool_empty_boxes,5.0,6.0
1069,tare_pool_empty_boxes,3.0,4.0
1070,tare_pool_empty_boxes,2.5,3.0
1071,tare_pool_empty_boxes,2.5,4.0
1072,tare_pool_empty_boxes,4.5,7.0
1073,tare_pool_empty_boxes,3.0,4.0
1074,tare_pool_empty_boxes,3.5,6.0
1075,tare_pool_empty_boxes,2.5,5.0
1076,tare_pool_empty_boxes,4.5,6.0
1077,tare_pool_empty_boxes,1.0,2.0
1078,tare_pool_empty_boxes,2.0,4.0
1079,tare_pool_empty_boxes,3.0,5.0
1080,tare_pool_empty_boxes,4.5,8.0
1081,tare_pool_empty_boxes,10.0,10.0
1082,tare_pool_empty_boxes,5.0,5.0
1083,tare_pool_empty_boxes,0.0,0.0
1084,tare_pool_empty_boxes,5.0,7.0
1085,tare_pool_empty_boxes,6.0,10.0
1086,tare_pool_empty_boxes,4.0,8.0
1087,tare_pool_empty_boxes,6.0,8.0
1088,tare_pool_empty_boxes,2.0,4.0
1089,tare_pool_empty_boxes,6.0,8.0
1090,tare_pool_empty_boxes,7.5,9.0
1091,tare_pool_empty_boxes,4.0,5.0
1092,tare_pool_empty_boxes,2.5,3.0
1093,tare_pool_empty_boxes,4.0,5.0
1094,tare_pool_empty_boxes,3.5,5.0
1095,tare_pool_empty_boxes,9.0,13.0
1096,tare_pool_empty_boxes,5.0,5.0
1097,tare_pool_empty_boxes,5.0,7.0
1098,tare_pool_empty_boxes,1.0,2.0
1099,tare_pool_empty_boxes,2.5,4.0
1100,tare_pool_empty_boxes,3.0,5.0
1101,tare_pool_empty_boxes,3.5,5.0
1102,tare_pool_empty_boxes,0.5,1.0
1103,tare_pool_empty_boxes,8.0,10.0
1104,tare_pool_empty_boxes,3.0,4.0
1105,tare_pool_empty_boxes,1.5,2.0
1106,tare_pool_empty_boxes,1.5,2.0
1107,tare_pool_empty_boxes,3.0,5.0
1108,tare_pool_empty_boxes,4.5,7.0
1109,tare_pool_empty_boxes,1.5,2.0
1110,tare_pool_empty_boxes,6.5,7.0
1111,tare_pool_empty_boxes,9.5,10.0
1112,tare_pool_empty_boxes,12.0,12.0
1113,tare_pool_empty_boxes,7.0,9.0
1114,tare_pool_empty_boxes,4.0,5.0
1115,tare_pool_empty_boxes,1.5,2.0
1116,tare_pool_empty_boxes,2.0,2.0
1117,tare_pool_empty_boxes,3.0,3.0
1118,tare_pool_empty_boxes,0.0,0.0
1119,tare_pool_empty_boxes,4.0,8.0
1120,tare_pool_empty_boxes,1.5,2.0
1121,tare_pool_empty_boxes,2.0,2.0
1122,tare_pool_empty_boxes,6.5,8.0
1123,tare_pool_empty_boxes,3.5,4.0
1124,tare_pool_empty_boxes,3.0,6.0
1125,tare_pool_empty_boxes,1.5,2.0
1126,tare_pool_empty_boxes,6.0,9.0
1127,tare_pool_empty_boxes,4.0,5.0
1128,tare_pool_empty_boxes,2.0,3.0
1129,tare_pool_empty_boxes,1.0,2.0
1130,tare_pool_empty_boxes,2.5,5.0
1131,tare_pool_empty_boxes,7.5,8.0
1132,tare_pool_empty_boxes,5.0,8.0
1133,tare_pool_empty_boxes,1.5,3.0
1134,tare_pool_empty_boxes,6.0,9.0
1135,tare_pool_empty_boxes,7.5,9.0
1136,tare_pool_empty_boxes,5.5,7.0
1137,tare_pool_empty_boxes,10.0,11.0
1138,tare_pool_empty_boxes,6.5,9.0
1139,tare_pool_empty_boxes,4.5,9.0
1140,tare_pool_empty_boxes,1.5,3.0
1141,tare_pool_empty_boxes,4.5,7.0
1142,tare_pool_empty_boxes,2.5,5.0
1143,tare_pool_empty_boxes,5.0,8.0
1144,tare_pool_empty_boxes,2.5,3.0
1145,tare_pool_empty_boxes,4.0,6.0
1146,tare_pool_empty_boxes,3.0,6.0
1147,tare_pool_empty_boxes,0.0,0.0
1148,tare_pool_empty_boxes,0.5,1.0
1149,tare_pool_empty_boxes,2.0,2.0
1150,tare_pool_empty_boxes,5.0,6.0
1151,tare_pool_empty_boxes,1.0,1.0
1152,tare_pool_empty_boxes,2.5,4.0
1153,tare_pool_empty_boxes,1.5,3.0
1154,tare_pool_empty_boxes,5.0,7.0
1155,tare_pool_empty_boxes,2.0,2.0
1156,tare_pool_empty_boxes,2.0,4.0
1157,tare_pool_empty_boxes,5.0,6.0
1158,tare_pool_empty_boxes,12.0,13.0
1159,tare_pool_empty_boxes,14.0,17.0
1160,tare_pool_empty_boxes,15.5,17.0
1161,tare_pool_empty_boxes,17.5,18.0
1162,tare_pool_empty_boxes,5.5,7.0
1163,tare_pool_empty_boxes,1.5,2.0
1164,tare_pool_empty_boxes,1.0,2.0
1165,tare_pool_empty_boxes,1.0,2.0
1166,tare_pool_empty_boxes,0.5,1.0
1167,tare_pool_empty_boxes,4.0,4.0
1168,tare_pool_empty_boxes,3.0,4.0
1169,tare_pool_empty_boxes,4.5,6.0
1170,tare_pool_empty_boxes,3.5,5.0
1171,tare_pool_empty_boxes,2.0,3.0
1172,tare_pool_empty_boxes,2.0,4.0
1173,tare_pool_empty_boxes,2.0,4.0
1174,tare_pool_empty_boxes,3.0,4.0
1175,tare_pool_empty_boxes,0.5,1.0
1176,tare_pool_empty_boxes,2.5,3.0
1177,tare_pool_empty_boxes,5.0,8.0
1178,tare_pool_empty_boxes,4.0,6.0
1179,tare_pool_empty_boxes,0.5,1.0
1180,tare_pool_empty_boxes,5.5,8.0
1181,tare_pool_empty_boxes,9.0,10.0
1182,tare_pool_empty_boxes,9.5,11.0
1183,tare_pool_empty_boxes,3.5,5.0
1184,tare_pool_empty_boxes,2.0,4.0
1185,tare_pool_empty_boxes,4.0,6.0
1186,tare_pool_empty_boxes,2.5,4.0
1187,tare_pool_empty_boxes,2.0,4.0
1188,tare_pool_empty_boxes,5.5,10.0
1189,tare_pool_empty_boxes,0.5,1.0
1190,tare_pool_empty_boxes,5.0,6.0
1191,tare_pool_empty_boxes,3.0,5.0
1192,tare_pool_empty_boxes,0.5,1.0
1193,tare_pool_empty_boxes,2.0,3.0
1194,tare_pool_empty_boxes,5.5,9.0
1195,tare_pool_empty_boxes,12.0,16.0
1196,tare_pool_empty_boxes,7.0,8.0
1197,tare_pool_empty_boxes,2.5,3.0
1198,tare_pool_empty_boxes,5.0,8.0
1199,tare_pool_empty_boxes,2.0,4.0
1200,tare_pool_empty_boxes,2.5,3.0
1201,tare_pool_empty_boxes,0.5,1.0
1202,tare_pool_empty_boxes,0.0,0.0
1203,tare_pool_empty_boxes,6.0,8.0
1204,tare_pool_empty_boxes,0.5,1.0
1205,tare_pool_empty_boxes,3.5,4.0
1206,tare_pool_empty_boxes,5.0,10.0
1207,tare_pool_empty_boxes,2.5,4.0
1208,tare_pool_empty_boxes,3.5,4.0
1209,tare_pool_empty_boxes,4.5,6.0
1210,tare_pool_empty_boxes,4.0,8.0
1211,tare_pool_empty_boxes,4.0,5.0
1212,tare_pool_empty_boxes,3.5,5.0
1213,tare_pool_empty_boxes,3.5,6.0
1214,tare_pool_empty_boxes,6.0,12.0
1215,tare_pool_empty_boxes,6.5,8.0
1216,tare_pool_empty_boxes,2.5,5.0
1217,tare_pool_empty_boxes,2.0,4.0
1218,tare_pool_empty_boxes,1.5,2.0
1219,tare_pool_empty_boxes,3.5,7.0
1220,tare_pool_empty_boxes,10.5,12.0
1221,tare_pool_empty_boxes,8.5,10.0
1222,tare_pool_empty_boxes,3.5,6.0
1223,tare_pool_empty_boxes,1.5,3.0
1224,tare_pool_empty_boxes,3.0,6.0
1225,tare_pool_empty_boxes,3.0,5.0
1226,tare_pool_empty_boxes,0.5,1.0
1227,tare_pool_empty_boxes,4.5,7.0
1228,tare_pool_empty_boxes,2.5,5.0
1229,tare_pool_empty_boxes,3.0,4.0
1230,tare_pool_empty_boxes,5.0,6.0
1231,tare_pool_empty_boxes,2.0,4.0
1232,tare_pool_empty_boxes,1.0,2.0
1233,tare_pool_empty_boxes,1.5,3.0
1234,tare_pool_empty_boxes,9.5,11.0
1235,tare_pool_empty_boxes,3.0,6.0
1236,tare_pool_empty_boxes,2.0,2.0
1237,tare_pool_empty_boxes,2.5,3.0
1238,tare_pool_empty_boxes,4.0,8.0
1239,tare_pool_empty_boxes,5.0,6.0
1240,tare_pool_empty_boxes,2.5,3.0
1241,tare_pool_empty_boxes,5.0,8.0
1242,tare_pool_empty_boxes,3.0,6.0
1243,tare_pool_empty_boxes,5.5,8.0
1244,tare_pool_empty_boxes,4.0,6.0
1245,tare_pool_empty_boxes,6.0,8.0
1246,tare_pool_empty_boxes,3.0,3.0
1247,tare_pool_empty_boxes,1.0,1.0
1248,tare_pool_empty_boxes,2.5,3.0
1249,tare_pool_empty_boxes,2.0,4.0
1250,tare_pool_empty_boxes,1.5,3.0
1251,tare_pool_empty_boxes,5.0,8.0
1252,tare_pool_empty_boxes,3.0,3.0
1253,tare_pool_empty_boxes,5.0,7.0
1254,tare_pool_empty_boxes,4.5,7.0
1255,tare_pool_empty_boxes,2.5,3.0
1256,tare_pool_empty_boxes,3.0,4.0
1257,tare_pool_empty_boxes,4.0,5.0
1258,tare_pool_empty_boxes,4.5,8.0
1259,tare_pool_empty_boxes,1.5,3.0
1260,tare_pool_empty_boxes,4.0,6.0
1261,tare_pool_empty_boxes,3.0,6.0
1262,tare_pool_empty_boxes,0.5,1.0
1263,tare_pool_empty_boxes,7.0,9.0
1264,tare_pool_empty_boxes,2.0,4.0
1265,tare_pool_empty_boxes,11.0,12.0
1266,tare_pool_empty_boxes,7.5,9.0
1267,tare_pool_empty_boxes,4.0,6.0
1268,tare_pool_empty_boxes,3.0,3.0
1269,tare_pool_empty_boxes,2.5,4.0
1270,tare_pool_empty_boxes,8.5,12.0
1271,tare_pool_empty_boxes,8.0,10.0
1272,tare_pool_empty_boxes,3.0,5.0
1273,tare_pool_empty_boxes,11.0,16.0
1274,tare_pool_empty_boxes,6.0,7.0
1275,tare_pool_empty_boxes,4.0,4.0
1276,tare_pool_empty_boxes,5.0,7.0
1277,tare_pool_empty_boxes,2.5,3.0
1278,tare_pool_empty_boxes,2.0,3.0
1279,tare_pool_empty_boxes,5.0,6.0
1280,tare_pool_empty_boxes,3.0,6.0
1281,tare_pool_empty_boxes,9.0,12.0
1282,tare_pool_empty_boxes,3.5,5.0
1283,tare_pool_empty_boxes,0.5,1.0
1284,tare_pool_empty_boxes,2.0,3.0
1285,tare_pool_empty_boxes,7.5,8.0
1286,tare_pool_empty_boxes,8.5,10.0
1287,tare_pool_empty_boxes,5.5,11.0
1288,tare_pool_empty_boxes,2.0,4.0
1289,tare_pool_empty_boxes,2.0,4.0
1290,tare_pool_empty_boxes,8.0,8.0
1291,tare_pool_empty_boxes,1.5,2.0
1292,tare_pool_empty_boxes,8.5,9.0
1293,tare_pool_empty_boxes,7.5,9.0
1294,tare_pool_empty_boxes,7.5,9.0
1295,tare_pool_empty_boxes,4.5,5.0
1296,tare_pool_empty_boxes,2.0,2.0
1297,tare_pool_empty_boxes,1.5,2.0
1298,tare_pool_empty_boxes,1.5,3.0
1299,tare_pool_empty_boxes,1.0,2.0
1300,tare_pool_empty_boxes,6.0,12.0
1301,tare_pool_empty_boxes,8.5,9.0
1302,tare_pool_empty_boxes,5.0,6.0
1303,tare_pool_empty_boxes,0.5,1.0
1304,tare_pool_empty_boxes,3.5,6.0
1305,tare_pool_empty_boxes,4.0,6.0
1306,tare_pool_empty_boxes,6.0,7.0
1307,tare_pool_empty_boxes,2.5,4.0
1308,tare_pool_empty_boxes,2.0,3.0
1309,tare_pool_empty_boxes,9.5,10.0
1310,tare_pool_empty_boxes,2.5,4.0
1311,tare_pool_empty_boxes,7.0,9.0
1312,tare_pool_empty_boxes,2.5,3.0
1313,tare_pool_empty_boxes,2.0,4.0
1314,tare_pool_empty_boxes,4.0,6.0
1315,tare_pool_empty_boxes,11.0,13.0
1316,tare_pool_empty_boxes,3.5,4.0
1317,tare_pool_empty_boxes,1.0,2.0
1318,tare_pool_empty_boxes,3.0,3.0
1319,tare_pool_empty_boxes,5.0,9.0
1320,tare_pool_empty_boxes,5.5,6.0
1321,tare_pool_empty_boxes,2.0,2.0
1322,tare_pool_empty_boxes,0.0,0.0
1323,tare_pool_empty_boxes,2.5,5.0
1324,tare_pool_empty_boxes,2.5,4.0
1325,tare_pool_empty_boxes,2.0,4.0
1326,tare_pool_empty_boxes,2.0,4.0
1327,tare_pool_empty_boxes,7.0,8.0
1328,tare_pool_empty_boxes,12.5,16.0
1329,tare_pool_empty_boxes,15.5,19.0
1330,tare_pool_empty_boxes,10.0,11.0
1331,tare_pool_empty_boxes,2.0,4.0
1332,tare_pool_empty_boxes,4.5,6.0
1333,tare_pool_empty_boxes,3.5,5.0
1334,tare_pool_empty_boxes,3.0,6.0
1335,tare_pool_empty_boxes,3.5,5.0
1336,tare_pool_empty_boxes,5.0,7.0
1337,tare_pool_empty_boxes,5.5,6.0
1338,tare_pool_empty_boxes,7.5,10.0
1339,tare_pool_empty_boxes,4.5,6.0
1340,tare_pool_empty_boxes,1.0,2.0
1341,tare_pool_empty_boxes,4.5,6.0
1342,tare_pool_empty_boxes,7.5,10.0
1343,tare_pool_empty_boxes,0.0,0.0
1344,tare_pool_empty_boxes,3.0,3.0
1345,tare_pool_empty_boxes,5.5,8.0
1346,tare_pool_empty_boxes,1.5,3.0
1347,tare_pool_empty_boxes,5.5,6.0
1348,tare_pool_empty_boxes,4.0,5.0
1349,tare_pool_empty_boxes,7.0,9.0
1350,tare_pool_empty_boxes,1.0,2.0
1351,tare_pool_empty_boxes,0.5,1.0
1352,tare_pool_empty_boxes,1.5,3.0
1353,tare_pool_empty_boxes,3.5,4.0
1354,tare_pool_empty_boxes,0.0,0.0
1355,tare_pool_empty_boxes,0.0,0.0
1356,tare_pool_empty_boxes,11.0,11.0
1357,tare_pool_empty_boxes,10.0,10.0
1358,tare_pool_empty_boxes,2.5,5.0
1359,tare_pool_empty_boxes,7.5,10.0
1360,tare_pool_empty_boxes,0.0,0.0
1361,tare_pool_empty_boxes,1.5,3.0
1362,tare_pool_empty_boxes,1.5,3.0
1363,tare_pool_empty_boxes,2.5,4.0
1364,tare_pool_empty_boxes,2.5,5.0
1365,tare_pool_empty_boxes,5.5,11.0
1366,tare_pool_empty_boxes,7.0,12.0
1367,tare_pool_empty_boxes,10.5,12.0
1368,tare_pool_empty_boxes,4.5,7.0
1369,tare_pool_empty_boxes,2.5,5.0
1370,tare_pool_empty_boxes,3.0,3.0
1371,tare_pool_empty_boxes,1.5,2.0
1372,tare_pool_empty_boxes,5.0,5.0
1373,tare_pool_empty_boxes,2.0,3.0
1374,tare_pool_empty_boxes,3.0,4.0
1375,tare_pool_empty_boxes,1.5,2.0
1376,tare_pool_empty_boxes,3.0,4.0
1377,tare_pool_empty_boxes,3.5,7.0
1378,tare_pool_empty_boxes,8.5,10.0
1379,tare_pool_empty_boxes,3.0,6.0
1380,tare_pool_empty_boxes,1.5,2.0
1381,tare_pool_empty_boxes,2.0,2.0
1382,tare_pool_empty_boxes,1.5,3.0
1383,tare_pool_empty_boxes,1.5,3.0
1384,tare_pool_empty_boxes,2.0,4.0
1385,tare_pool_empty_boxes,7.5,12.0
1386,tare_pool_empty_boxes,4.0,4.0
1387,tare_pool_empty_boxes,6.5,7.0
1388,tare_pool_empty_boxes,9.5,10.0
1389,tare_pool_empty_boxes,11.5,13.0
1390,tare_pool_empty_boxes,4.5,9.0
1391,tare_pool_empty_boxes,8.5,10.0
1392,tare_pool_empty_boxes,3.5,5.0
1393,tare_pool_empty_boxes,4.5,5.0
1394,tare_pool_empty_boxes,3.5,5.0
1395,tare_pool_empty_boxes,5.0,6.0
1396,tare_pool_empty_boxes,2.0,3.0
1397,tare_pool_empty_boxes,3.5,7.0
1398,tare_pool_empty_boxes,4.0,5.0
1399,tare_pool_empty_boxes,1.0,2.0
1400,tare_pool_empty_boxes,3.5,4.0
1401,tare_pool_empty_boxes,2.0,4.0
1402,tare_pool_empty_boxes,4.0,5.0
1403,tare_pool_empty_boxes,0.0,0.0
1404,tare_pool_empty_boxes,7.0,7.0
1405,tare_pool_empty_boxes,6.5,9.0
1406,tare_pool_empty_boxes,3.5,5.0
1407,tare_pool_empty_boxes,2.5,4.0
1408,tare_pool_empty_boxes,2.5,4.0
1409,tare_pool_empty_boxes,4.5,6.0
1410,tare_pool_empty_boxes,5.0,8.0
1411,tare_pool_empty_boxes,6.5,7.0
1412,tare_pool_empty_boxes,8.0,10.0
1413,tare_pool_empty_boxes,5.5,8.0
1414,tare_pool_empty_boxes,0.5,1.0
1415,tare_pool_empty_boxes,0.0,0.0
1416,tare_pool_empty_boxes,1.0,1.0
1417,tare_pool_empty_boxes,2.5,4.0
1418,tare_pool_empty_boxes,8.5,9.0
1419,tare_pool_empty_boxes,2.5,3.0
1420,tare_pool_empty_boxes,2.0,4.0
1421,tare_pool_empty_boxes,2.0,3.0
1422,tare_pool_empty_boxes,0.5,1.0
1423,tare_pool_empty_boxes,3.5,7.0
1424,tare_pool_empty_boxes,3.5,7.0
1425,tare_pool_empty_boxes,6.0,6.0
1426,tare_pool_empty_boxes,3.0,5.0
1427,tare_pool_empty_boxes,2.0,3.0
1428,tare_pool_empty_boxes,2.5,4.0
1429,tare_pool_empty_boxes,1.0,2.0
1430,tare_pool_empty_boxes,1.0,1.0
1431,tare_pool_empty_boxes,2.0,4.0
1432,tare_pool_empty_boxes,3.0,5.0
1433,tare_pool_empty_boxes,4.5,7.0
1434,tare_pool_empty_boxes,4.0,6.0
1435,tare_pool_empty_boxes,1.0,2.0
1436,tare_pool_empty_boxes,6.0,8.0
1437,tare_pool_empty_boxes,5.5,6.0
1438,tare_pool_empty_boxes,0.5,1.0
1439,tare_pool_empty_boxes,1.5,2.0
